genre_ids,original_language,original_title,popularity,release_date,title,vote_average,vote_count
"[28, 35, 878]",en,Deadpool & Wolverine,4402.238,2024-07-24,Deadpool & Wolverine,7.739,3497
"[16, 10751, 35, 28]",en,Despicable Me 4,2644.56,2024-06-20,Despicable Me 4,7.163,1808
"[28, 14, 27, 53, 80]",en,The Crow,1590.34,2024-08-21,The Crow,5.409,450
"[16, 10751, 12, 35, 18]",en,Inside Out 2,1341.203,2024-06-11,Inside Out 2,7.647,4013
"[10749, 18]",en,It Ends with Us,1128.099,2024-08-07,It Ends with Us,6.886,592
"[878, 27]",en,The Substance,1171.151,2024-09-07,The Substance,7.272,182
"[9648, 53]",en,Blink Twice,889.848,2024-08-21,Blink Twice,6.663,491
"[28, 53]",en,Hounds of War,812.951,2024-08-29,Hounds of War,6.447,57
"[35, 14]",en,Beetlejuice Beetlejuice,904.195,2024-09-04,Beetlejuice Beetlejuice,7.2,756
"[28, 80, 53, 35]",en,Bad Boys: Ride or Die,844.121,2024-06-05,Bad Boys: Ride or Die,7.549,2072
"[16, 878, 10751]",en,The Wild Robot,880.877,2024-09-12,The Wild Robot,7.699,78
"[80, 28, 53]",ko,하이재킹,880.36,2024-06-21,Hijack 1971,6.4,37
"[28, 878, 35]",en,Borderlands,818.335,2024-08-07,Borderlands,5.863,628
"[27, 878, 53]",en,Afraid,586.594,2024-08-28,Afraid,6.44,151
"[18, 80, 53]",en,Joker: Folie à Deux,707.095,2024-10-01,Joker: Folie à Deux,6.8,16
"[28, 35, 80]",ko,무도실무관,558.983,2024-09-10,Officer Black Belt,7.913,150
"[16, 878, 12, 10751]",en,Transformers One,649.485,2024-09-11,Transformers One,7.296,93
"[28, 80, 18]",pt,Bandida - A Número Um,565.383,2024-06-20,Outlaw,6.356,52
"[28, 80, 53]",en,Kill 'em All 2,891.331,2024-09-24,Kill 'em All 2,6.967,46
"[878, 53, 27]",en,Subservience,592.603,2024-08-15,Subservience,6.493,138
"[27, 53]",en,Speak No Evil,588.624,2024-09-11,Speak No Evil,6.976,226
"[9648, 53]",en,Chapel,510.007,2024-01-17,Chapel,5.969,16
"[27, 878, 28]",en,Alien: Romulus,541.912,2024-08-13,Alien: Romulus,7.1,1098
"[27, 878, 53]",en,A Quiet Place: Day One,462.598,2024-06-26,A Quiet Place: Day One,6.795,1850
"[80, 28, 53, 18]",en,Rebel Ridge,431.869,2024-08-27,Rebel Ridge,7.025,752
"[28, 12, 53]",en,Twisters,485.146,2024-07-10,Twisters,6.972,1488
"[16, 35, 12, 10751]",en,Saving Bikini Bottom: The Sandy Cheeks Movie,410.127,2024-10-18,Saving Bikini Bottom: The Sandy Cheeks Movie,0.0,0
"[16, 35, 10751, 12, 28]",en,The Garfield Movie,428.651,2024-04-30,The Garfield Movie,7.122,975
"[28, 80, 53, 18]",hi,किल,437.708,2024-07-03,Kill,7.146,192
"[14, 35]",en,Beetlejuice,640.791,1988-03-30,Beetlejuice,7.374,7170
"[16, 35, 10751, 14]",en,10 Lives,364.19,2024-04-18,10 Lives,8.399,89
"[27, 9648, 878]",en,Cuckoo,393.578,2024-08-02,Cuckoo,5.688,112
[28],en,Kung Fu Games,418.999,2024-08-23,Kung Fu Games,6.2,16
"[28, 35, 53]",en,Wolfs,422.097,2024-09-20,Wolfs,6.6,215
"[878, 12, 28]",en,Kingdom of the Planet of the Apes,408.565,2024-05-08,Kingdom of the Planet of the Apes,7.131,2944
"[27, 878, 53]",en,God of Pain,332.994,2024-08-20,God of Pain,8.0,6
"[80, 27, 53]",en,Longlegs,361.347,2024-05-31,Longlegs,6.678,955
"[28, 12, 80, 53]",cn,九龍城寨之圍城,338.382,2024-04-23,Twilight of the Warriors: Walled In,6.585,171
"[878, 12]",en,Dune: Part Two,237.046,2024-02-27,Dune: Part Two,8.2,5316
"[10751, 35]",es,Padre no hay más que uno 4: Campanas de boda,545.287,2024-07-17,Father There is Only One 4,6.794,17
[18],sv,Pleasure,386.024,2021-10-08,Pleasure,6.244,520
"[28, 12, 53, 80]",en,xXx,325.771,2002-08-09,xXx,5.935,4206
[27],en,The Well,314.247,2024-08-01,The Well,5.843,51
[28],en,Wanted Man,328.65,2024-04-01,Wanted Man,7.0,67
"[28, 53, 27]",en,Prey,345.67,2024-03-15,Prey,6.317,235
"[10752, 28, 18]",en,Civil War,320.126,2024-04-10,Civil War,6.932,2469
"[28, 80, 53]",en,Duchess,285.517,2024-08-01,Duchess,6.5,15
"[16, 28, 12, 14, 878]",th,นักรบมนตรา: ตำนานแปดดวงจันทร์,314.923,2023-10-11,Mantra Warrior: The Legend of The Eight Moons,6.5,25
"[28, 12, 878]",en,Furiosa: A Mad Max Saga,322.985,2024-05-22,Furiosa: A Mad Max Saga,7.556,3159
"[28, 18]",en,The Convert,321.909,2024-03-14,The Convert,6.104,77
"[28, 53]",en,King of Killers,340.432,2023-09-01,King of Killers,6.5,120
[27],en,The Devil Comes at Night,250.611,2023-06-06,The Devil Comes at Night,7.133,15
"[28, 53, 80]",en,Gunner,256.041,2024-08-16,Gunner,5.4,83
"[16, 18, 878]",en,Watchmen: Chapter I,272.489,2024-08-12,Watchmen: Chapter I,7.669,80
"[28, 53, 80]",en,The Killer,271.526,2024-08-22,The Killer,6.647,245
"[28, 12, 878]",en,Godzilla x Kong: The New Empire,312.574,2024-03-27,Godzilla x Kong: The New Empire,7.164,3625
"[27, 53]",en,The Deliverance,264.593,2024-08-16,The Deliverance,6.232,328
"[35, 14, 10751]",en,IF,441.113,2024-05-08,IF,7.283,904
"[10749, 18]",ko,일본 엄마,293.561,2017-02-09,Japanese Mom,6.529,17
"[28, 12, 16, 10751, 14]",zh,Dragonkeeper,260.414,2024-04-11,Dragonkeeper,7.2,109
"[14, 12, 10751, 35]",en,Descendants: The Rise of Red,302.757,2024-07-11,Descendants: The Rise of Red,6.972,327
"[28, 35, 53]",en,Wolfs,301.498,2024-09-20,Wolfs,6.535,212
"[28, 35]",en,The Union,300.591,2024-08-15,The Union,6.271,699
"[27, 14]",en,Cinderella's Curse,291.756,2024-05-31,Cinderella's Curse,5.022,23
"[80, 53, 18]",en,Joker,290.294,2019-10-01,Joker,8.154,25243
"[53, 80, 27]",en,Trap,288.061,2024-07-31,Trap,6.512,1233
"[10749, 35, 18]",tr,Rüyanda Görürsün,287.949,2023-02-03,In Your Dreams,7.388,67
"[12, 10751, 14, 35]",en,Harold and the Purple Crayon,286.024,2024-07-31,Harold and the Purple Crayon,7.092,141
"[10749, 18]",es,Culpa mía,283.442,2023-06-08,My Fault,7.922,2927
"[27, 53]",en,The Exorcism,281.84,2024-05-30,The Exorcism,4.985,204
"[35, 878, 28]",en,Jackpot!,279.958,2024-08-13,Jackpot!,6.436,501
"[80, 18, 10749]",en,Killer Heat,272.411,2024-09-25,Killer Heat,6.2,73
"[18, 10770]",fr,Un père idéal,264.574,2024-04-21,An Ideal Father,6.438,96
"[28, 878, 12]",en,Venom: The Last Dance,262.349,2024-10-23,Venom: The Last Dance,0.0,0
"[878, 12, 28]",en,Transformers: Rise of the Beasts,261.727,2023-06-06,Transformers: Rise of the Beasts,7.306,4497
"[12, 28, 878]",en,Avengers: Infinity War,253.746,2018-04-25,Avengers: Infinity War,8.246,29496
[28],en,Darkness of Man,244.279,2024-05-07,Darkness of Man,6.707,128
"[12, 14]",en,Harry Potter and the Philosopher's Stone,243.393,2001-11-16,Harry Potter and the Philosopher's Stone,7.913,27132
"[28, 53]",en,King of Killers,243.166,2023-09-01,King of Killers,6.533,120
"[12, 10751]",en,The Quest for Tom Sawyer's Gold,241.395,2023-06-22,The Quest for Tom Sawyer's Gold,4.65,10
"[16, 28, 12, 35, 10751]",en,Migration,241.169,2023-12-06,Migration,7.444,1716
"[28, 12, 16, 14]",ja,劇場版「オーバーロード」聖王国編,240.743,2024-09-20,OVERLORD: The Sacred Kingdom,10.0,2
"[27, 53, 35]",en,The Mouse Trap,199.585,2024-08-23,The Mouse Trap,4.75,32
"[28, 36]",en,House of Ga'a,233.739,2024-07-26,House of Ga'a,5.929,70
"[16, 878]",ko,원더풀 데이즈,206.286,2003-07-17,Wonderful Days,6.1,151
"[28, 35, 10752]",en,The Ministry of Ungentlemanly Warfare,229.281,2024-04-18,The Ministry of Ungentlemanly Warfare,7.127,1039
[27],en,Late Night with the Devil,225.804,2024-03-19,Late Night with the Devil,7.307,892
"[28, 80, 18]",fr,Farang,225.016,2023-06-28,Mayhem!,6.675,154
[27],en,Freddy's Fridays,220.455,2023-10-13,Freddy's Fridays,4.4,10
"[878, 12, 28]",en,Uglies,193.572,2024-09-12,Uglies,6.039,456
"[16, 12, 28, 14, 10751]",fr,"Miraculous World : Paris, Les Aventures de Toxinelle et Griffe Noire",214.871,2023-10-21,"Miraculous World: Paris, Tales of Shadybug and Claw Noir",7.265,436
"[16, 878, 28]",en,Justice League: Crisis on Infinite Earths Part Three,224.104,2024-07-15,Justice League: Crisis on Infinite Earths Part Three,7.497,193
"[28, 80, 53]",en,Fast X,212.926,2023-05-17,Fast X,7.089,5469
"[27, 53]",en,Alice in Terrorland,210.285,2023-12-26,Alice in Terrorland,6.023,151
"[35, 18]",pl,Rozwodnicy,209.485,2024-09-25,Divorce,6.731,13
"[28, 53, 80]",en,John Wick: Chapter 4,209.148,2023-03-22,John Wick: Chapter 4,7.738,6355
[10749],ko,딸의 친구 5,208.84,2020-04-23,I Don't Like Younger Men 5,7.1,9
"[27, 53]",en,#AMFAD: All My Friends Are Dead,156.931,2024-08-29,#AMFAD: All My Friends Are Dead,5.429,7
"[12, 14]",en,Harry Potter and the Chamber of Secrets,196.687,2002-11-13,Harry Potter and the Chamber of Secrets,7.72,21716
"[28, 35, 14]",pt,O Mestre da Fumaça,200.54,2023-05-18,The Smoke Master,7.493,69
"[16, 10751, 14]",en,Coraline,196.962,2009-02-05,Coraline,7.886,7889
"[28, 18, 27, 53]",fr,Sous la Seine,178.688,2024-06-04,Under Paris,6.008,1114
"[878, 18]",en,Megalopolis,153.329,2024-09-25,Megalopolis,5.125,84
"[10402, 36, 18]",en,Back to Black,147.859,2024-04-11,Back to Black,6.717,366
"[12, 14, 28]",en,Pirates of the Caribbean: The Curse of the Black Pearl,141.125,2003-07-09,Pirates of the Caribbean: The Curse of the Black Pearl,7.806,20410
"[878, 12, 28]",en,The Marvels,172.16,2023-11-08,The Marvels,6.073,2601
"[16, 10751, 12, 18, 35]",en,Inside Out,176.451,2015-06-17,Inside Out,7.914,21709
"[12, 14, 28]",en,The Lord of the Rings: The Return of the King,171.869,2003-12-17,The Lord of the Rings: The Return of the King,8.481,23978
"[28, 18, 10749]",en,One Fast Move,192.462,2024-08-07,One Fast Move,6.729,140
[53],en,Amber Alert,270.817,2024-09-27,Amber Alert,5.769,13
"[28, 878]",en,Transmorphers: Mech Beasts,269.518,2023-06-09,Transmorphers: Mech Beasts,3.5,12
"[878, 10751, 35, 28, 12]",en,Sonic the Hedgehog 3,177.119,2024-12-19,Sonic the Hedgehog 3,0.0,0
"[35, 28, 14]",en,Red One,187.737,2024-11-06,Red One,0.0,0
[27],en,Tarot,155.21,2024-05-01,Tarot,6.655,893
"[10751, 16, 10402, 12]",en,Coco,199.066,2017-10-27,Coco,8.212,19208
"[27, 18]",en,Never Let Go,135.745,2024-09-18,Never Let Go,5.875,36
"[28, 12, 878]",en,Spider-Man: No Way Home,167.957,2021-12-15,Spider-Man: No Way Home,7.96,19907
[27],en,The Bench,246.288,2024-06-21,The Bench,0.0,0
[18],en,The Help,144.763,2011-08-09,The Help,8.213,8179
"[53, 27]",en,Something in the Water,155.74,2024-03-22,Something in the Water,6.0,154
"[27, 9648, 878, 53]",en,Monolith,158.206,2023-10-26,Monolith,5.856,94
"[53, 18, 28, 80]",en,Out of Exile,162.761,2023-01-20,Out of Exile,6.436,39
[27],en,The Jack in the Box: Rises,173.605,2024-01-18,The Jack in the Box: Rises,6.92,106
"[28, 12, 10752]",en,3 Days in Malay,175.55,2023-08-11,3 Days in Malay,5.204,27
"[80, 35, 28]",en,The Instigators,162.242,2024-08-02,The Instigators,6.187,326
"[28, 35]",en,My Spy The Eternal City,170.555,2024-07-18,My Spy The Eternal City,6.662,291
"[28, 53, 27, 878]",ko,탈출: 프로젝트 사일런스,247.611,2024-07-11,Project Silence,6.993,71
"[16, 12, 10751, 35]",en,Moana 2,157.24,2024-11-27,Moana 2,0.0,0
"[27, 9648]",en,Oddity,150.111,2024-07-19,Oddity,6.87,185
"[12, 14, 28]",en,The Lord of the Rings: The Fellowship of the Ring,164.089,2001-12-18,The Lord of the Rings: The Fellowship of the Ring,8.416,24916
"[12, 14]",en,Harry Potter and the Prisoner of Azkaban,162.294,2004-05-31,Harry Potter and the Prisoner of Azkaban,8.019,21336
[18],tl,Kalikot,194.453,2024-03-12,Kalikot,6.2,8
"[16, 28, 12, 878]",en,Spider-Man: Across the Spider-Verse,161.613,2023-05-31,Spider-Man: Across the Spider-Verse,8.358,6812
"[16, 10751, 12, 14, 35]",en,The Super Mario Bros. Movie,167.305,2023-04-05,The Super Mario Bros. Movie,7.655,8947
"[14, 12]",zh,地底怪物,140.267,2023-04-27,Underground Monster,4.667,12
"[27, 28, 18]",es,Malditas,141.796,2023-10-20,Cursed,5.846,13
"[28, 12, 878]",en,Avengers: Age of Ultron,103.404,2015-04-22,Avengers: Age of Ultron,7.274,22799
"[27, 53]",id,Lembayung,197.667,2024-09-19,Lembayung,6.5,3
"[27, 53]",id,Sumala,147.231,2024-09-26,Sumala,5.8,2
"[28, 35, 80]",en,Beverly Hills Cop: Axel F,139.513,2024-06-20,Beverly Hills Cop: Axel F,6.783,998
"[18, 10749]",tl,Heavenly Touch,202.042,2009-05-12,Heavenly Touch,5.974,19
"[878, 12, 28]",en,Avatar: The Way of Water,164.361,2022-12-14,Avatar: The Way of Water,7.62,11752
"[10749, 18]",tr,Tam Bir Centilmen,220.255,2024-09-25,A True Gentleman,5.375,12
"[878, 28, 12]",en,Venom: Let There Be Carnage,158.317,2021-09-30,Venom: Let There Be Carnage,6.796,9928
"[53, 80, 18]",es,Príncipes salvajes,144.755,2024-08-27,Untamed Royals,5.5,48
"[16, 28, 18]",ja,劇場版ブルーロック -EPISODE 凪-,172.729,2024-04-19,BLUE LOCK THE MOVIE -EPISODE NAGI-,7.109,46
"[878, 28, 14, 12]",ko,외계+인 1부,139.442,2022-07-20,Alienoid,6.842,415
"[28, 53, 80]",en,From the World of John Wick: Ballerina,225.175,2025-06-04,From the World of John Wick: Ballerina,0.0,0
"[18, 10749]",tl,Salitan,203.976,2024-02-16,Salitan,1.0,1
"[16, 12, 14, 35, 10751]",en,Puss in Boots: The Last Wish,155.46,2022-12-07,Puss in Boots: The Last Wish,8.226,7633
"[10752, 18, 28]",en,Fury,117.28,2014-10-15,Fury,7.537,11813
"[12, 14]",en,Harry Potter and the Goblet of Fire,156.884,2005-11-16,Harry Potter and the Goblet of Fire,7.813,20458
"[28, 35, 12]",en,Thelma,133.06,2024-06-21,Thelma,7.144,118
"[28, 12, 35]",en,Deadpool,166.354,2016-02-09,Deadpool,7.622,30781
"[12, 10751, 14]",en,"The Chronicles of Narnia: The Lion, the Witch and the Wardrobe",151.374,2005-12-07,"The Chronicles of Narnia: The Lion, the Witch and the Wardrobe",7.137,10504
"[10749, 14, 16]",en,Corpse Bride,175.525,2005-09-12,Corpse Bride,7.565,8986
"[12, 18, 878]",en,Interstellar,151.457,2014-11-05,Interstellar,8.441,35275
"[35, 10751, 14]",en,Wonka,135.41,2023-12-06,Wonka,7.14,3362
"[28, 12, 14]",en,The Hobbit: The Battle of the Five Armies,135.217,2014-12-10,The Hobbit: The Battle of the Five Armies,7.324,14109
"[18, 10749, 53]",en,Fifty Shades of Grey,124.299,2015-02-11,Fifty Shades of Grey,5.885,11650
"[28, 9648, 878, 53]",en,The Maze Runner,151.861,2014-09-10,The Maze Runner,7.187,16835
"[27, 53]",en,The Strangers: Chapter 1,151.399,2024-05-15,The Strangers: Chapter 1,5.912,329
"[27, 9648, 53]",en,The Watchers,151.293,2024-06-06,The Watchers,6.484,895
"[27, 878]",en,Alien,150.137,1979-05-25,Alien,8.2,14550
"[27, 80, 9648]",en,MaXXXine,149.625,2024-07-04,MaXXXine,6.495,592
"[28, 18]",en,Top Gun: Maverick,149.516,2022-05-21,Top Gun: Maverick,8.205,9053
"[35, 28, 14]",en,Red One,149.423,2024-11-06,Red One,0.0,0
"[878, 28, 12, 53]",en,Infinite,148.414,2021-09-09,Infinite,6.617,1773
"[28, 35]",en,The Fall Guy,148.318,2024-04-24,The Fall Guy,7.169,2078
"[878, 27, 18]",en,The Lonely Man with the Ghost Machine,148.236,2024-03-23,The Lonely Man with the Ghost Machine,4.2,5
"[53, 27, 28]",en,No Way Up,147.868,2024-01-18,No Way Up,6.408,894
"[14, 16, 10751]",en,The Nightmare Before Christmas,147.587,1993-10-09,The Nightmare Before Christmas,7.834,9302
"[27, 878, 28]",en,Attack of the Meth Gator,146.947,2024-09-05,Attack of the Meth Gator,4.429,7
"[80, 9648, 53]",en,The Batman,146.682,2022-03-01,The Batman,7.672,10070
"[12, 14]",en,Harry Potter and the Order of the Phoenix,145.465,2007-07-08,Harry Potter and the Order of the Phoenix,7.68,19249
"[16, 35, 14, 12, 10751]",en,Shrek,145.155,2001-05-18,Shrek,7.745,16946
"[878, 28]",en,Venom,144.984,2018-09-28,Venom,6.828,15667
"[28, 10752, 53]",en,Land of Bad,144.881,2024-01-25,Land of Bad,7.289,1070
"[18, 10749, 35]",de,Roter Himmel,144.631,2023-04-20,Afire,7.0,137
"[10751, 18]",en,You Gotta Believe,144.343,2024-08-30,You Gotta Believe,5.778,9
"[28, 53, 35, 18]",es,No negociable,160.989,2024-07-25,Non Negotiable,6.011,88
"[28, 12, 10751, 35]",en,Sonic the Hedgehog 2,137.562,2022-03-30,Sonic the Hedgehog 2,7.506,4909
"[878, 28, 12]",en,The Avengers,141.487,2012-04-25,The Avengers,7.718,30535
"[878, 28, 14, 12]",ko,외계+인 1부,139.442,2022-07-20,Alienoid,6.842,415
"[10749, 18]",pl,365 dni: Ten dzień,131.021,2022-04-26,365 Days: This Day,5.884,1489
"[28, 53]",en,Road House,120.314,2024-03-08,Road House,6.987,2194
"[28, 12, 53]",en,Kraven the Hunter,192.835,2024-12-11,Kraven the Hunter,0.0,0
"[28, 53]",en,Paradox Effect,131.255,2024-06-27,Paradox Effect,5.763,38
"[878, 53]",en,Slingshot,116.243,2024-08-30,Slingshot,6.138,58
"[18, 35]",en,His Three Daughters,111.874,2024-09-05,His Three Daughters,7.0,84
"[18, 10749]",en,Me Before You,118.838,2016-06-01,Me Before You,7.932,12271
"[16, 35, 10751]",en,"Monsters, Inc.",122.77,2001-11-01,"Monsters, Inc.",7.846,18260
"[12, 10751]",fr,Le Dernier Jaguar,112.838,2024-02-01,Autumn and the Black Jaguar,6.651,83
"[878, 27, 28]",ja,ゴジラ-1.0,118.785,2023-11-03,Godzilla Minus One,7.577,2174
"[10749, 14, 18]",en,The Age of Adaline,103.693,2015-04-16,The Age of Adaline,7.482,6548
"[18, 10751]",en,The Forge,126.859,2024-08-22,The Forge,6.8,8
"[12, 10751, 16, 28, 35]",en,Big Hero 6,125.755,2014-10-24,Big Hero 6,7.734,15469
"[12, 14]",en,Harry Potter and the Half-Blood Prince,125.494,2009-07-15,Harry Potter and the Half-Blood Prince,7.692,19227
"[18, 36]",en,Oppenheimer,131.466,2023-07-19,Oppenheimer,8.089,9005
"[16, 35, 10751, 14, 10749]",en,Elemental,123.62,2023-06-14,Elemental,7.643,4356
[35],fr,Je ne suis pas un héros,111.624,2023-11-22,Je ne suis pas un héros,6.1,44
"[878, 28]",en,Atlas,122.878,2024-05-23,Atlas,6.831,1153
"[28, 53, 80]",en,The Equalizer 3,95.563,2023-08-30,The Equalizer 3,7.329,2879
"[12, 14]",en,Harry Potter and the Deathly Hallows: Part 1,128.194,2010-11-17,Harry Potter and the Deathly Hallows: Part 1,7.8,18864
"[10749, 18, 35]",en,The Idea of You,124.038,2024-05-02,The Idea of You,7.4,1369
"[53, 27, 80, 9648]",en,Crescent City,117.138,2024-08-16,Crescent City,6.0,38
"[18, 80]",en,The Shawshank Redemption,128.069,1994-09-23,The Shawshank Redemption,8.706,26874
"[27, 53]",en,In a Violent Nature,109.704,2024-05-31,In a Violent Nature,5.705,190
"[28, 12, 14]",en,Batman v Superman: Dawn of Justice,93.036,2016-03-23,Batman v Superman: Dawn of Justice,5.971,17800
"[28, 53]",en,Monkey Man,115.092,2024-04-03,Monkey Man,6.996,842
"[53, 9648, 14]",en,The King Tide,116.425,2024-04-26,The King Tide,7.066,53
"[28, 35, 12]",ko,크로스,105.011,2024-08-05,Mission: Cross,6.9,100
"[27, 35, 18]",cn,滿清十大酷刑,117.017,1994-05-19,A Chinese Torture Chamber Story,5.537,54
"[27, 53]",en,Terrifier 3,138.014,2024-10-09,Terrifier 3,0.0,0
"[18, 28, 80, 53]",en,The Dark Knight,127.443,2008-07-16,The Dark Knight,8.516,32619
"[35, 18]",en,Between the Temples,155.112,2024-08-22,Between the Temples,5.1,7
"[16, 12, 14, 10751, 18]",ja,君たちはどう生きるか,136.161,2023-07-14,The Boy and the Heron,7.497,1651
"[18, 10749]",en,Titanic,118.732,1997-11-18,Titanic,7.906,25143
"[28, 12, 878]",en,Iron Man 3,75.796,2013-04-18,Iron Man 3,6.929,21990
"[28, 14]",en,Madame Web,118.008,2024-02-14,Madame Web,5.481,1838
"[10749, 18, 35]",en,Hope Floats,170.621,1998-05-29,Hope Floats,6.36,429
"[27, 53]",en,Terrifier 2,120.585,2022-10-06,Terrifier 2,6.75,1745
"[10749, 18]",tl,Unang Tikim,134.074,2024-07-07,Unang Tikim,5.0,2
"[80, 53]",en,1992,109.933,2024-08-29,1992,5.545,11
[28],fr,Le salaire de la peur,108.839,2024-03-28,The Wages of Fear,6.23,423
[27],en,The First Omen,112.006,2024-04-03,The First Omen,6.877,830
"[53, 27]",es,El hoyo 2,123.701,2024-09-27,The Platform 2,7.5,3
"[18, 35]",ja,劇場版 推しが武道館いってくれたら死ぬ,100.953,2023-05-12,"If My Favorite Pop Idol Made It to the Budokan, I Would Die: The Movie",6.0,1
"[18, 10749]",ko,레깅스 마니아,108.365,2023-07-13,Leggings Mania,5.0,1
"[27, 9648, 53]",en,Immaculate,111.113,2024-03-20,Immaculate,6.302,1070
"[14, 12]",en,Harry Potter and the Deathly Hallows: Part 2,119.226,2011-07-12,Harry Potter and the Deathly Hallows: Part 2,8.096,20351
"[36, 18]",fr,Le Consentement,117.412,2023-10-11,Consent,6.912,153
[28],en,Trigger Warning,107.048,2024-06-20,Trigger Warning,5.84,432
"[14, 28, 12]",en,Damsel,93.417,2024-03-07,Damsel,7.1,2086
"[27, 18]",fr,Pandemonium,102.969,2023-02-16,Pandemonium,5.267,30
"[18, 80]",en,The Godfather,108.775,1972-03-14,The Godfather,8.69,20395
"[18, 10749]",en,The Air He Breathes,104.447,2024-08-22,The Air He Breathes,6.0,2
"[16, 35, 10751, 14]",en,Ratatouille,96.139,2007-06-21,Ratatouille,7.824,16866
"[10749, 18]",ja,余命一年の僕が、余命半年の君と出会った話。,144.66,2024-06-26,Drawing Closer,8.558,95
"[28, 12, 14]",en,Aquaman and the Lost Kingdom,135.413,2023-12-20,Aquaman and the Lost Kingdom,6.682,2711
"[28, 35]",zh,還錢,120.302,2024-02-08,Breaking and Re-entering,6.161,59
"[12, 28, 14]",en,Pirates of the Caribbean: On Stranger Tides,105.023,2011-05-15,Pirates of the Caribbean: On Stranger Tides,6.556,13851
"[16, 35, 28]",ja,おいら女蛮,119.99,1992-08-21,Delinquent in Drag,4.2,4
[35],fr,Une année difficile,119.925,2023-10-18,A Difficult Year,5.934,221
"[12, 14, 28]",en,Pirates of the Caribbean: Dead Man's Chest,113.225,2006-07-06,Pirates of the Caribbean: Dead Man's Chest,7.365,15767
[27],en,Deliver Us,94.808,2023-08-30,Deliver Us,5.673,52
"[28, 53]",en,Chief of Station,115.656,2024-05-02,Chief of Station,6.079,107
"[80, 28, 12, 53]",en,The Beekeeper,118.46,2024-01-08,The Beekeeper,7.356,2936
"[16, 10751, 14, 12]",en,Wish,118.459,2023-11-13,Wish,6.366,1403
"[27, 53]",en,Abigail,116.986,2024-04-16,Abigail,6.83,1065
"[878, 12, 28]",en,Guardians of the Galaxy Vol. 3,116.785,2023-05-03,Guardians of the Galaxy Vol. 3,7.97,6692
"[12, 28, 878]",en,Jurassic World Dominion,116.644,2022-06-01,Jurassic World Dominion,6.697,5984
"[12, 14, 28]",en,The Lord of the Rings: The Two Towers,107.492,2002-12-18,The Lord of the Rings: The Two Towers,8.398,21644
"[99, 80]",en,Jailbreak: Love on the Run,116.522,2024-09-24,Jailbreak: Love on the Run,6.9,6
"[16, 35, 878]",en,Megamind vs. the Doom Syndicate,134.071,2024-03-29,Megamind vs. the Doom Syndicate,4.744,131
"[35, 14]",en,Ted 2,116.213,2015-06-25,Ted 2,6.305,7372
"[18, 36, 53, 10752]",ro,Libertate,115.569,2023-10-06,Libertate,7.0,9
"[10751, 14, 10749]",en,Beauty and the Beast,115.161,2017-03-16,Beauty and the Beast,6.971,15342
"[16, 10751, 35, 14, 12, 10749]",en,Shrek 2,113.766,2004-05-19,Shrek 2,7.28,12161
"[35, 10402]",es,Technoboys,119.477,2024-09-05,Technoboys,6.66,25
"[53, 28, 878]",en,Prey,114.589,2022-08-02,Prey,7.716,6548
"[28, 18, 53]",bn,মাসুদ রানা: ধ্বংস পাহাড়,114.358,2023-08-25,MR-9: Do or Die,6.5,147
"[80, 35, 10749]",en,Hit Man,114.173,2024-05-16,Hit Man,6.907,856
"[10749, 18]",en,After,113.945,2019-04-11,After,7.127,8159
"[10749, 35]",en,Fly Me to the Moon,113.871,2024-07-10,Fly Me to the Moon,6.953,491
"[18, 36]",en,Flamin' Hot,113.782,2023-03-11,Flamin' Hot,7.954,605
"[10749, 35, 18]",en,Beautiful Wedding,113.67,2024-01-24,Beautiful Wedding,5.474,170
"[16, 35]",ja,大室家 dear friends,113.506,2024-06-21,Oomuro-ke: Dear Friends,8.0,3
[35],fr,Chasse gardée,113.473,2023-12-20,Open Season,6.1,77
"[10749, 18]",en,She Taught Love,113.415,2024-09-27,She Taught Love,3.8,4
"[27, 53]",en,The Conjuring,113.339,2013-07-18,The Conjuring,7.543,11400
"[28, 80, 35, 53]",ko,범죄도시 3,112.92,2023-05-31,The Roundup: No Way Out,7.25,406
"[28, 12, 16, 35, 14]",zh,超级英雄美猴王：齐天儿,112.9,2023-04-21,Shimmy: The First Monkey King,5.726,31
"[12, 878, 28]",en,Avengers: Endgame,112.647,2019-04-24,Avengers: Endgame,8.251,25415
"[35, 12]",en,Barbie,112.391,2023-07-19,Barbie,7.0,8932
"[35, 10749]",ko,동창회의 목적: 더 비기닝,112.202,2017-02-02,Reunion Goals: The Beginning,8.5,6
"[16, 35]",en,May the 12th Be with You,111.76,2024-05-09,May the 12th Be with You,5.558,43
[35],en,The Hangover,111.328,2009-06-02,The Hangover,7.323,16681
"[10749, 18]",ko,과외의 목적,111.062,2023-12-07,Purpose of Tutoring,5.5,2
"[12, 28, 878]",en,Star Wars: The Last Jedi,110.679,2017-12-13,Star Wars: The Last Jedi,6.795,15127
"[16, 35, 10751, 14]",en,Encanto,106.064,2021-10-13,Encanto,7.601,9359
"[12, 10751, 14, 10749]",en,The Little Mermaid,110.79,2023-05-18,The Little Mermaid,6.354,2869
"[10751, 16, 18]",en,The Lion King,103.0,1994-06-24,The Lion King,8.257,18096
"[878, 28, 12]",en,Transformers: Age of Extinction,106.93,2014-06-25,Transformers: Age of Extinction,5.939,8040
"[14, 28, 35]",en,Thor: Love and Thunder,92.939,2022-07-06,Thor: Love and Thunder,6.445,7448
"[80, 18, 35]",en,The Wolf of Wall Street,107.584,2013-12-25,The Wolf of Wall Street,8.035,23717
"[35, 10749]",en,Blended,76.066,2014-05-21,Blended,6.876,3462
[35],zh,抓娃娃,134.018,2024-07-13,Successor,6.714,21
"[28, 80]",en,Kill 'em All,79.366,2017-06-06,Kill 'em All,5.532,139
[10749],ko,장모의유혹,89.671,2019-02-22,Temptation of Mother-in-Law,4.5,2
"[28, 878]",en,Ape vs Mecha Ape,92.884,2023-03-24,Ape vs Mecha Ape,5.812,271
"[878, 28]",en,Rebel Moon - Part Two: The Scargiver,95.461,2024-04-19,Rebel Moon - Part Two: The Scargiver,6.121,1087
"[18, 10749]",it,La carne,149.81,1991-05-09,The Flesh,5.413,46
"[28, 35, 12]",en,Deadpool 2,129.796,2018-05-10,Deadpool 2,7.493,17748
"[10749, 35]",en,Anyone But You,129.338,2023-12-21,Anyone But You,6.972,2052
"[18, 37]",en,Django Unchained,64.009,2012-12-25,Django Unchained,8.181,26022
"[18, 10749]",id,TOGEFILM - Mei Mei,107.023,2023-04-06,TOGEFILM - Mei Mei,10.0,1
"[28, 35, 80, 53]",en,The Hitman's Bodyguard,63.804,2017-08-16,The Hitman's Bodyguard,6.894,6109
"[10749, 18]",pl,Kolejne 365 dni,94.703,2022-08-18,The Next 365 Days,6.422,1069
"[878, 53]",en,Meteor,77.787,2021-09-01,Meteor,5.479,95
"[878, 53]",en,Meteor,106.14,2021-09-01,Meteor,5.479,95
"[28, 878, 27]",en,Meg 2: The Trench,116.397,2023-08-02,Meg 2: The Trench,6.498,3332
"[28, 12, 53]",en,Expend4bles,98.129,2023-09-15,Expend4bles,6.19,1483
"[36, 18, 53, 10752]",en,The Imitation Game,105.43,2014-11-14,The Imitation Game,8.0,16856
"[28, 35]",en,The Family Plan,105.272,2023-12-14,The Family Plan,7.268,1321
"[99, 80]",en,TMZ Presents: The Downfall of Diddy,146.789,2024-04-28,TMZ Presents: The Downfall of Diddy,6.2,5
"[10749, 18, 35]",cn,鴨王,142.752,2015-01-29,The Gigolo,5.115,26
"[27, 18, 53]",en,The Beast Within,104.686,2024-07-22,The Beast Within,6.164,67
"[28, 12, 14]",en,Shang-Chi and the Legend of the Ten Rings,100.714,2021-09-01,Shang-Chi and the Legend of the Ten Rings,7.549,9271
"[28, 12, 878]",en,Everything Everywhere All at Once,104.651,2022-03-24,Everything Everywhere All at Once,7.781,6406
"[12, 14, 28]",en,Pirates of the Caribbean: At World's End,101.351,2007-05-19,Pirates of the Caribbean: At World's End,7.26,14160
"[18, 10749]",ko,엄마친구,103.199,2015-08-20,Mom's Friend,6.308,14
"[28, 53, 80]",en,Johnny & Clyde,103.091,2023-03-23,Johnny & Clyde,4.932,37
"[10751, 16, 35]",en,Despicable Me,128.813,2010-07-08,Despicable Me,7.244,14928
"[27, 53]",ja,禁じられた遊び,88.518,2023-09-08,The Forbidden Play,5.614,22
"[35, 12, 878]",en,Free Guy,101.987,2021-08-11,Free Guy,7.501,8625
"[16, 10751, 12, 14]",en,Frozen,98.249,2013-11-20,Frozen,7.245,16358
"[16, 10751]",en,Tangled,102.736,2010-11-24,Tangled,7.606,11314
"[16, 12, 18, 10751]",en,The Lion King,101.227,2019-07-12,The Lion King,7.114,9893
"[35, 80, 9648]",en,Knives Out,101.164,2019-11-27,Knives Out,7.848,12208
"[878, 28]",en,After the Pandemic,87.701,2022-03-01,After the Pandemic,5.013,77
[27],en,The Nun II,86.667,2023-09-06,The Nun II,6.773,1973
"[28, 80, 53]",en,Sicario,60.413,2015-09-17,Sicario,7.4,8452
"[28, 878, 12]",en,Iron Man,88.102,2008-04-30,Iron Man,7.646,26163
"[16, 10751, 12, 35]",en,Cars 2,100.834,2011-06-11,Cars 2,6.128,7673
"[27, 53]",en,Terrifier,117.337,2018-01-25,Terrifier,6.4,2043
[28],en,The Last Kumite,97.11,2024-05-09,The Last Kumite,6.8,97
"[35, 12, 14, 16, 10751]",en,Shrek Forever After,97.315,2010-05-16,Shrek Forever After,6.379,7263
"[80, 35, 28, 12]",en,Kingsman: The Secret Service,68.043,2015-01-24,Kingsman: The Secret Service,7.635,16523
"[878, 12]",en,Dune,90.051,2021-09-15,Dune,7.785,12444
"[878, 28, 80]",en,Code 8 Part II,80.849,2024-02-27,Code 8 Part II,6.413,534
"[18, 10749]",es,Culpa tuya,102.981,2024-12-26,Your Fault,0.0,0
"[16, 14, 10751]",en,Thelma the Unicorn,74.608,2024-05-17,Thelma the Unicorn,7.071,147
"[18, 27]",ja,団鬼六　修道女縄地獄,79.947,1984-05-25,Nun in Rope Hell,5.4,17
"[18, 10749]",en,Sub Rosa,139.037,2014-08-10,Sub Rosa,6.2,13
"[53, 28, 80]",en,The Equalizer,89.421,2014-09-24,The Equalizer,7.278,8914
"[27, 53]",en,Stranger in the Woods,98.868,2024-02-14,Stranger in the Woods,6.225,89
"[28, 12, 878, 14, 18]",id,Sri Asih,82.294,2022-11-17,Sri Asih,6.284,97
"[53, 28, 80]",en,Bad Boys for Life,90.097,2020-01-15,Bad Boys for Life,7.139,8182
"[28, 12]",en,Mission: Impossible - Dead Reckoning Part One,102.101,2023-07-08,Mission: Impossible - Dead Reckoning Part One,7.55,3691
"[14, 28, 12]",en,Doctor Strange in the Multiverse of Madness,103.302,2022-05-04,Doctor Strange in the Multiverse of Madness,7.287,8992
"[53, 18]",tl,Bedspacer,97.578,2024-01-05,Bedspacer,3.9,8
"[35, 80]",en,White Chicks,103.48,2004-06-23,White Chicks,6.954,3922
"[12, 28, 878]",en,Star Wars,92.211,1977-05-25,Star Wars,8.204,20436
"[27, 53]",en,15 Cameras,100.584,2023-10-13,15 Cameras,6.1,19
[35],es,La reina del convento,86.788,2024-02-02,La reina del convento,0.0,0
[27],en,The Conjuring 2,96.402,2016-06-08,The Conjuring 2,7.295,8284
"[27, 18, 9648]",no,Håndtering av udøde,92.048,2024-02-09,Handling the Undead,6.31,79
"[16, 18]",ja,劇場版ハイキュー!! ゴミ捨て場の決戦,95.024,2024-02-16,HAIKYU!! The Dumpster Battle,7.13,96
"[28, 18]",te,దేవర: Part 1,97.136,2024-09-26,Devara: Part 1,7.0,1
"[9648, 53, 18]",en,Gone Girl,90.373,2014-10-01,Gone Girl,7.894,18425
"[16, 35, 12, 28]",ja,劇場版 SPY×FAMILY CODE: White,93.11,2023-12-22,SPY x FAMILY CODE: White,7.018,419
"[28, 12]",en,Gladiator II,75.255,2024-11-13,Gladiator II,0.0,0
"[16, 878, 10751, 28]",en,Ultraman: Rising,77.707,2024-06-14,Ultraman: Rising,8.354,246
"[10751, 878]",en,The Adventure of A.R.I.: My Robot Friend,99.674,2022-01-13,The Adventure of A.R.I.: My Robot Friend,6.962,13
"[80, 53, 28]",en,Boy Kills World,86.875,2024-04-24,Boy Kills World,6.863,495
"[27, 53, 28, 12]",ko,부산행,89.498,2016-07-20,Train to Busan,7.754,7325
"[18, 36, 10752]",en,Hacksaw Ridge,82.48,2016-10-07,Hacksaw Ridge,8.199,13589
"[28, 12, 878]",en,Black Adam,74.748,2022-10-19,Black Adam,6.914,6178
"[18, 878, 28]",en,The Hunger Games: The Ballad of Songbirds & Snakes,82.272,2023-11-15,The Hunger Games: The Ballad of Songbirds & Snakes,7.089,2605
"[10751, 16, 12, 35]",en,Cars 3,96.036,2017-06-15,Cars 3,6.854,5722
"[27, 80, 53]",en,Scream VI,96.001,2023-03-08,Scream VI,7.034,2520
"[18, 10749, 36]",fr,C'est mon homme,95.913,2023-04-05,Loving Memories,5.7,46
"[16, 28, 9648, 14, 35, 18, 27]",ja,ヴァッサロード,95.901,2013-03-15,Vassalord.,5.5,14
"[27, 10749, 53]",tr,Cenaze,95.487,2023-10-09,The Funeral,4.0,2
[37],it,"Il buono, il brutto, il cattivo",95.478,1966-12-22,"The Good, the Bad and the Ugly",8.5,8514
[28],en,Vikings: Battle of Heirs,95.394,2023-04-28,Vikings: Battle of Heirs,6.134,41
"[18, 12, 36]",en,The World's Fastest Indian,95.378,2005-10-12,The World's Fastest Indian,7.6,745
"[18, 9648, 53]",en,Leave the World Behind,95.24,2023-11-22,Leave the World Behind,6.446,2385
"[27, 53]",ta,டிமான்டி காலனி 2,95.175,2024-08-15,Demonte Colony 2,6.0,4
"[10749, 18]",ko,동창회의 목적,94.707,2015-08-06,Purpose of Reunion,5.2,18
[878],zh,异兽战场,94.664,2021-12-27,Monster's Battlefield,6.927,164
"[28, 878, 27, 53]",en,Black Noise,94.423,2023-11-03,Black Noise,5.4,26
"[53, 28, 27]",en,The OctoGames,94.15,2022-10-07,The OctoGames,5.389,117
"[10749, 18]",ko,20세기 소녀,93.988,2022-10-06,20th Century Girl,8.152,676
"[28, 12, 14, 878]",en,Avatar,93.969,2009-12-15,Avatar,7.582,31306
"[14, 28, 53]",en,The Crow,93.887,1994-05-11,The Crow,7.531,3984
"[16, 10751, 28, 878, 35, 18, 12]",en,PAW Patrol: The Mighty Movie,93.45,2023-09-21,PAW Patrol: The Mighty Movie,7.1,437
"[35, 18, 10749]",en,(500) Days of Summer,93.292,2009-07-17,(500) Days of Summer,7.287,9980
"[12, 10751, 18]",en,Mufasa: The Lion King,93.283,2024-12-18,Mufasa: The Lion King,0.0,0
"[28, 35, 80]",en,Rush Hour,57.701,1998-09-18,Rush Hour,7.05,4856
[27],en,Talk to Me,96.49,2023-07-26,Talk to Me,7.156,2847
"[36, 10752, 10749, 18]",en,Napoleon,75.982,2023-11-22,Napoleon,6.414,2393
"[53, 18]",es,Caída libre,96.654,2024-05-17,Free Falling,6.0,4
"[16, 10751, 14]",ja,千と千尋の神隠し,92.221,2001-07-20,Spirited Away,8.537,16361
"[16, 12, 10751, 35]",en,Toy Story,97.821,1995-10-30,Toy Story,7.972,18215
"[27, 53]",en,Wrong Turn 3: Left for Dead,83.817,2009-10-20,Wrong Turn 3: Left for Dead,5.663,1140
"[14, 12, 35]",en,Ghostbusters: Frozen Empire,81.908,2024-03-20,Ghostbusters: Frozen Empire,6.629,1340
"[28, 12, 878, 14]",en,X-Men: Apocalypse,55.163,2016-05-18,X-Men: Apocalypse,6.519,12838
"[16, 10751, 35, 14]",en,Turning Red,89.545,2022-03-10,Turning Red,7.371,5148
[10752],en,Battle Over Britain,82.864,2023-12-01,Battle Over Britain,7.2,76
"[12, 28, 878]",en,The Flash,96.557,2023-06-13,The Flash,6.707,4159
"[28, 18, 53, 80]",en,Damaged,97.624,2024-04-12,Damaged,5.729,192
"[14, 12]",en,Fantastic Beasts: The Secrets of Dumbledore,65.02,2022-04-06,Fantastic Beasts: The Secrets of Dumbledore,6.661,4389
"[28, 12, 878]",en,Black Panther: Wakanda Forever,96.485,2022-11-09,Black Panther: Wakanda Forever,7.104,6387
"[28, 27, 35, 53]",en,Skal: Fight for Survival,75.875,2023-11-24,Skal: Fight for Survival,5.411,79
"[28, 9648, 53, 878, 12]",ko,마녀 2,79.715,2022-06-15,The Witch: Part 2. The Other One,7.178,275
"[14, 18, 10749]",en,Twilight,88.662,2008-11-20,Twilight,6.29,13365
"[16, 10751, 10402, 14, 35]",en,Trolls Band Together,80.456,2023-10-12,Trolls Band Together,7.32,828
"[28, 53, 878]",en,Aliens,92.132,1986-07-18,Aliens,7.945,9593
"[878, 28, 53, 12]",en,Terminator Genisys,84.185,2015-06-23,Terminator Genisys,5.938,8307
[35],en,Incoming,83.59,2024-08-22,Incoming,6.143,199
[18],tl,Salsa Ni L,69.324,2024-10-01,Salsa Ni L,0.0,0
"[12, 28, 14]",en,Pirates of the Caribbean: Dead Men Tell No Tales,74.067,2017-05-23,Pirates of the Caribbean: Dead Men Tell No Tales,6.656,11846
"[16, 878, 28]",en,Justice League: Crisis on Infinite Earths Part One,105.897,2024-01-08,Justice League: Crisis on Infinite Earths Part One,7.575,287
"[28, 14, 10752]",zh,封神第一部：朝歌风云,84.331,2023-07-15,Creation of the Gods I: Kingdom of Storms,7.111,351
"[35, 10749]",en,American Pie,54.103,1999-07-09,American Pie,6.584,7582
"[27, 9648, 53]",en,Imaginary,78.613,2024-03-06,Imaginary,6.08,444
"[28, 878, 9648, 53]",en,Breathe,88.599,2024-04-04,Breathe,5.164,107
"[80, 53, 18]",hi,सेक्टर 36,91.145,2024-08-18,Sector 36,7.394,33
"[28, 12, 878]",en,Transformers: The Last Knight,81.566,2017-06-16,Transformers: The Last Knight,6.06,6102
"[16, 14, 28, 10749, 10751]",fr,Miraculous - le film,82.458,2023-07-05,"Miraculous: Ladybug & Cat Noir, The Movie",7.7,843
"[16, 35, 10751, 12, 14]",en,Hotel Transylvania: Transformania,91.15,2022-01-31,Hotel Transylvania: Transformania,7.077,2707
"[16, 10749, 14, 10751]",en,The Princess and the Frog,87.611,2009-12-08,The Princess and the Frog,7.212,5513
"[27, 53]",en,Wrong Turn 2: Dead End,85.587,2007-08-25,Wrong Turn 2: Dead End,6.099,1360
"[18, 80]",en,The Godfather Part II,80.079,1974-12-20,The Godfather Part II,8.6,12307
"[878, 10749, 35]",en,Poor Things,80.141,2023-12-07,Poor Things,7.758,3975
"[16, 12, 10751, 35]",en,Zootopia,87.324,2016-02-11,Zootopia,7.749,16110
"[12, 28, 18]",fr,Les trois mousquetaires : Milady,78.108,2023-12-13,The Three Musketeers: Milady,6.474,554
[16],es,"Momonsters, La Película",85.352,2023-12-06,"Momonsters, La Película",0.0,0
"[16, 35, 10751, 12]",en,Up,90.033,2009-05-28,Up,7.958,20035
"[27, 35, 53]",en,We Are Zombies,76.16,2024-07-17,We Are Zombies,5.6,31
"[28, 12, 35]",en,Fast & Furious Presents: Hobbs & Shaw,79.707,2019-08-01,Fast & Furious Presents: Hobbs & Shaw,6.861,7112
"[16, 10751]",en,Finding Nemo,81.694,2003-05-30,Finding Nemo,7.819,19074
"[27, 9648]",en,The Autopsy of Jane Doe,72.939,2016-12-21,The Autopsy of Jane Doe,6.795,4160
"[10749, 18]",it,Fabbricante di lacrime,90.274,2024-04-03,The Tearsmith,6.537,734
"[16, 28, 14]",ja,劇場版 呪術廻戦 0,83.426,2021-12-24,Jujutsu Kaisen 0,8.172,1370
"[14, 12, 10751]",pl,Akademia Pana Kleksa,100.464,2024-01-05,Kleks Academy,6.221,129
"[18, 53, 27]",fr,Titane,88.648,2021-07-14,Titane,6.4,1406
"[12, 16, 35, 10751, 14]",en,The Emperor's New Groove,86.882,2000-12-15,The Emperor's New Groove,7.562,6630
[35],en,American Dreamer,78.981,2022-11-04,American Dreamer,5.732,28
"[16, 878, 28]",en,Justice League: Crisis on Infinite Earths Part Two,97.223,2024-04-22,Justice League: Crisis on Infinite Earths Part Two,6.994,172
"[27, 53]",en,Evil Dead Rise,87.589,2023-04-12,Evil Dead Rise,6.957,2998
"[27, 28]",en,Blade,59.015,1998-08-21,Blade,6.801,5927
"[16, 28, 12, 878]",ja,僕のヒーローアカデミア THE MOVIE ユアネクスト,86.461,2024-08-02,My Hero Academia: You're Next,6.6,5
[35],es,Boboda,79.601,2024-09-01,Boboda,0.0,0
"[28, 12, 18, 10749]",ja,るろうに剣心 最終章 The Beginning,92.46,2021-06-04,Rurouni Kenshin: The Beginning,7.676,441
"[878, 18]",en,Blade Runner 2049,82.438,2017-10-04,Blade Runner 2049,7.6,13480
"[16, 12, 28]",fr,Miraculous World : London,82.427,2024-10-05,"Miraculous World, London: At the Edge of Time",0.0,0
"[10751, 14, 35]",en,Willy Wonka & the Chocolate Factory,51.63,1971-06-29,Willy Wonka & the Chocolate Factory,7.493,3534
"[878, 28]",ko,황야,85.948,2024-01-25,Badland Hunters,6.72,682
"[14, 35, 10751]",en,Hocus Pocus,85.775,1993-07-16,Hocus Pocus,7.038,2945
"[35, 27]",en,Scouts Guide to the Zombie Apocalypse,85.712,2015-10-23,Scouts Guide to the Zombie Apocalypse,6.529,1888
"[27, 9648, 53]",en,The Conjuring: The Devil Made Me Do It,85.11,2021-05-25,The Conjuring: The Devil Made Me Do It,7.438,5835
"[28, 878, 12]",en,Pacific Rim,85.085,2013-07-11,Pacific Rim,6.902,12285
"[16, 28, 14, 53]",ja,劇場版「鬼滅の刃」無限列車編,84.966,2020-10-16,Demon Slayer -Kimetsu no Yaiba- The Movie: Mugen Train,8.217,3890
"[12, 28]",en,Indiana Jones and the Dial of Destiny,84.906,2023-06-25,Indiana Jones and the Dial of Destiny,6.585,3279
"[28, 53, 80]",en,John Wick: Chapter 2,84.872,2017-02-08,John Wick: Chapter 2,7.333,12896
"[16, 10751, 35, 14]",en,The Grinch,84.801,2018-11-08,The Grinch,6.856,3862
"[16, 12, 28, 14, 10402]",ja,ONE PIECE FILM RED,84.794,2022-08-06,One Piece Film Red,7.2,986
[35],es,El candidato honesto,84.717,2024-08-08,El Candidato Honesto,7.05,30
"[18, 878, 53]",es,El hoyo,84.696,2019-11-08,The Platform,6.988,6846
"[12, 28, 878]",en,Star Wars: The Force Awakens,84.636,2015-12-15,Star Wars: The Force Awakens,7.275,19206
"[12, 14, 28]",en,The Hobbit: An Unexpected Journey,84.543,2012-12-12,The Hobbit: An Unexpected Journey,7.357,18225
"[28, 18, 12]",en,Gladiator,84.498,2000-05-04,Gladiator,8.217,18281
"[27, 14, 18]",fr,La Tour,84.388,2023-02-08,The Tower,4.67,106
"[12, 28, 18]",en,Gran Turismo,84.356,2023-08-09,Gran Turismo,7.823,2605
"[10751, 14, 16, 10749]",en,Cinderella,84.35,1950-02-22,Cinderella,7.046,6620
"[12, 35, 10751, 14]",en,Charlie and the Chocolate Factory,84.19,2005-07-13,Charlie and the Chocolate Factory,7.052,15003
"[27, 53]",en,Apartment 7A,84.115,2024-09-20,Apartment 7A,5.9,51
"[10751, 16, 14, 12, 35]",en,The SpongeBob Movie: Sponge on the Run,117.753,2020-08-14,The SpongeBob Movie: Sponge on the Run,7.5,2828
"[28, 12, 878]",en,Spider-Man: Far From Home,88.616,2019-06-28,Spider-Man: Far From Home,7.426,15494
"[28, 12, 878]",en,Mad Max: Fury Road,76.855,2015-05-13,Mad Max: Fury Road,7.614,22428
"[18, 53, 80]",en,Prisoners,83.943,2013-09-19,Prisoners,8.098,11623
[10749],ko,가슴 큰 여자친구,89.869,2019-03-08,Busty Girlfriend,7.0,9
"[14, 12, 16, 10751]",en,How to Train Your Dragon,72.799,2010-03-18,How to Train Your Dragon,7.829,12860
"[27, 878]",en,Hell Hole,83.611,2024-07-29,Hell Hole,5.413,23
"[28, 53, 878]",en,The Terminator,72.526,1984-10-26,The Terminator,7.661,12971
"[28, 80, 9648, 53]",en,Black Lotus,83.287,2023-04-12,Black Lotus,6.564,149
"[16, 28, 12, 878]",en,Spider-Man: Into the Spider-Verse,83.272,2018-12-06,Spider-Man: Into the Spider-Verse,8.401,15456
"[27, 53]",en,The Pope's Exorcist,76.771,2023-04-05,The Pope's Exorcist,6.996,2637
"[12, 28, 878]",en,Captain America: Civil War,79.979,2016-04-27,Captain America: Civil War,7.445,22500
"[28, 53, 80]",en,John Wick: Chapter 3 - Parabellum,67.46,2019-05-15,John Wick: Chapter 3 - Parabellum,7.447,10484
"[53, 28]",en,Fall,82.998,2022-08-11,Fall,7.189,3806
"[53, 80, 10770]",en,Girl in the Basement,82.916,2021-02-27,Girl in the Basement,7.687,682
"[878, 27]",en,M3GAN,82.683,2022-12-28,M3GAN,7.078,3948
[35],en,Scary Movie,71.398,2000-07-07,Scary Movie,6.356,6831
"[28, 35, 12]",en,The Suicide Squad,70.142,2021-07-28,The Suicide Squad,7.512,8495
"[28, 12, 878]",en,Justice League,82.473,2017-11-15,Justice League,6.083,12822
[18],en,Dead Poets Society,51.113,1989-06-02,Dead Poets Society,8.311,11096
[18],en,Dead Poets Society,51.113,1989-06-02,Dead Poets Society,8.311,11096
"[12, 28, 878]",en,Iron Man 2,78.109,2010-04-28,Iron Man 2,6.843,20800
"[28, 12, 14]",en,Zack Snyder's Justice League,96.361,2021-03-18,Zack Snyder's Justice League,8.145,9895
"[878, 12, 53]",en,The Hunger Games: Mockingjay - Part 1,80.975,2014-11-19,The Hunger Games: Mockingjay - Part 1,6.811,15654
"[18, 80]",en,A Bronx Tale,100.082,1993-10-01,A Bronx Tale,7.865,2426
"[16, 35, 10751, 12]",en,Ice Age,89.822,2002-03-10,Ice Age,7.361,13113
"[14, 12, 16, 35, 10751]",en,Shrek the Third,82.314,2007-05-17,Shrek the Third,6.299,8893
"[28, 12, 878, 18]",en,Spider-Man: Homecoming,82.317,2017-07-05,Spider-Man: Homecoming,7.337,21575
"[16, 28]",ja,範馬刃牙VSケンガンアシュラ,97.47,2024-06-05,Baki Hanma VS Kengan Ashura,7.825,246
"[16, 10751, 12]",en,Mulan,90.265,1998-06-18,Mulan,7.911,9535
"[53, 28, 12]",en,Retribution,62.305,2023-08-23,Retribution,6.673,1113
"[18, 35]",en,Kinds of Kindness,87.661,2024-05-30,Kinds of Kindness,6.624,642
[35],en,Grown Ups,72.485,2010-06-24,Grown Ups,6.387,6022
"[16, 35, 10751, 12]",en,Minions: The Rise of Gru,77.504,2022-06-29,Minions: The Rise of Gru,7.325,3549
"[10749, 18]",en,Someone Like You,74.424,2024-04-02,Someone Like You,6.425,20
"[27, 18, 14]",en,It Chapter Two,75.721,2019-09-04,It Chapter Two,6.847,8611
"[28, 53]",en,Boneyard,76.846,2024-07-05,Boneyard,5.446,56
"[16, 12, 35, 28, 10751]",zh,小虎墩大英雄,73.19,2022-02-01,"Run, Tiger Run!",6.242,33
"[27, 9648]",en,Smile,80.424,2022-09-23,Smile,6.662,2986
[35],en,Grown Ups 2,85.135,2013-07-11,Grown Ups 2,6.139,4259
"[12, 14, 18, 10749]",en,The Twilight Saga: Eclipse,80.452,2010-06-23,The Twilight Saga: Eclipse,6.206,8644
"[10752, 28, 53]",en,Guy Ritchie's The Covenant,80.45,2023-04-19,Guy Ritchie's The Covenant,7.764,2420
"[35, 16]",es,La Familia del Barrio: La Película,80.363,2024-06-28,La Familia del Barrio: La Película,7.926,34
"[53, 27]",en,The Last Breath,80.313,2024-06-28,The Last Breath,6.508,61
"[878, 28, 18, 53]",en,Dawn of the Planet of the Apes,80.251,2014-07-08,Dawn of the Planet of the Apes,7.33,11282
"[27, 53]",es,Cuando acecha la maldad,79.917,2023-10-05,When Evil Lurks,7.4,933
"[18, 10749]",en,Fifty Shades Freed,79.786,2018-01-17,Fifty Shades Freed,6.7,7922
"[28, 878, 12]",en,Blue Beetle,79.685,2023-08-16,Blue Beetle,6.8,2544
"[12, 14, 28]",en,Thor,79.671,2011-04-21,Thor,6.769,20958
"[28, 878]",en,"I, Robot",79.654,2004-07-15,"I, Robot",6.951,11622
"[53, 80]",en,Pulp Fiction,79.65,1994-09-10,Pulp Fiction,8.488,27693
"[18, 9648]",en,Nymphomaniac: Vol. II,79.626,2013-12-25,Nymphomaniac: Vol. II,6.732,2879
[35],it,La segretaria privata di mio padre,79.591,1976-12-29,My Father's Private Secretary,5.0,12
"[28, 12, 16, 10751]",en,The Incredibles,79.587,2004-10-27,The Incredibles,7.7,17479
"[28, 878, 12]",en,Inception,79.558,2010-07-15,Inception,8.368,36327
"[878, 28, 14, 12]",ko,외계+인 2부,79.552,2024-01-10,Alienoid: The Return to the Future,6.6,598
"[28, 53, 80]",en,Furious 7,79.481,2015-04-01,Furious 7,7.235,10515
"[10749, 18]",ja,扉を閉めた女教師,79.384,2021-10-03,Female Teacher Closing the Door,7.0,1
"[28, 80, 12]",cn,掃毒3︰人在天涯,79.356,2023-07-06,The White Storm 3: Heaven or Hell,6.209,55
"[18, 10749]",zh,金瓶風月,79.331,1991-05-09,The Golden Lotus: Love and Desire,5.981,26
"[10752, 18, 36]",en,Before Dawn,65.787,2024-04-04,Before Dawn,6.9,18
"[35, 18, 10749]",en,Forrest Gump,77.371,1994-06-23,Forrest Gump,8.473,27208
"[16, 35, 10751]",en,Leo,93.67,2023-11-17,Leo,7.5,1128
"[35, 10749]",es,Bienvenidos al paraíso,64.705,2024-03-28,Welcome to Paradise,0.0,0
"[35, 18]",en,Longing,72.496,2024-06-07,Longing,6.4,8
"[27, 80, 18, 14]",en,The Exorcism of God,70.853,2022-03-11,The Exorcism of God,7.109,1053
"[27, 9648, 53]",en,Scream,69.102,2022-01-12,Scream,6.668,3212
"[28, 53]",en,The Foreigner,80.829,2017-09-28,The Foreigner,6.966,2609
"[28, 12, 878]",en,The Amazing Spider-Man,73.81,2012-06-23,The Amazing Spider-Man,6.706,17190
"[28, 12, 878, 53]",en,Jurassic World,78.3,2015-06-06,Jurassic World,6.691,20202
"[878, 28, 12, 53]",en,Predator,63.039,1987-06-12,Predator,7.533,7956
"[10749, 14, 10751, 18]",en,Cinderella,88.929,2015-03-06,Cinderella,6.817,7015
"[28, 12, 878]",en,The Creator,65.051,2023-09-27,The Creator,7.108,2907
"[37, 18]",en,Horizon: An American Saga - Chapter 1,79.201,2024-06-26,Horizon: An American Saga - Chapter 1,7.0,273
"[28, 53]",en,Extraction,109.633,2020-04-23,Extraction,7.328,5977
"[28, 878, 18]",en,Real Steel,85.494,2011-09-28,Real Steel,7.025,8205
"[27, 18, 878]",en,A Quiet Place,69.495,2018-04-03,A Quiet Place,7.403,14007
"[28, 35]",en,Freelance,62.523,2023-10-05,Freelance,6.485,942
"[10749, 18]",es,Tres metros sobre el cielo,69.718,2010-12-03,Three Steps Above Heaven,7.721,3032
"[878, 53, 27]",en,A Quiet Place Part II,72.47,2021-05-21,A Quiet Place Part II,7.491,6416
"[18, 10749]",zh,新金瓶梅 第三集,58.784,1996-03-22,New Golden Lotus III,6.0,12
"[10751, 14, 12]",en,Alice in Wonderland,73.651,2010-03-03,Alice in Wonderland,6.639,13828
"[80, 28, 53]",en,Wrath of Man,73.648,2021-04-22,Wrath of Man,7.631,5188
"[28, 878]",en,The Matrix,70.879,1999-03-31,The Matrix,8.218,25452
"[14, 35, 16, 878, 10751]",en,Home,79.375,2015-03-18,Home,6.803,3928
"[16, 35, 10751]",en,Toy Story 2,88.867,1999-10-30,Toy Story 2,7.598,13699
"[16, 28, 12, 35, 10751]",en,No Time to Spy: A Loud House Movie,82.296,2024-06-21,No Time to Spy: A Loud House Movie,6.848,33
"[16, 18, 35, 878]",es,Robot Dreams,78.663,2023-12-06,Robot Dreams,8.088,493
"[28, 27, 878, 53]",en,World War Z,68.09,2013-06-19,World War Z,6.818,15208
"[28, 12, 35]",en,Argylle,52.413,2024-01-31,Argylle,6.115,1231
"[28, 53]",en,Top Gunner: Danger Zone,74.903,2022-05-20,Top Gunner: Danger Zone,5.914,35
"[28, 80, 53]",en,Den of Thieves,60.816,2018-01-18,Den of Thieves,6.807,2810
"[16, 35, 10751, 14]",en,Hotel Transylvania 3: Summer Vacation,107.859,2018-06-28,Hotel Transylvania 3: Summer Vacation,6.866,4349
"[27, 35]",hi,स्त्री 2: सरकटे का आतंक,64.278,2024-08-15,Stree 2: Sarkate Ka Aatank,6.9,27
"[18, 27]",en,I Saw the TV Glow,55.683,2024-05-03,I Saw the TV Glow,5.948,241
[35],en,Scary Movie 2,66.526,2001-07-04,Scary Movie 2,5.801,4567
"[12, 28, 878]",en,TRON: Legacy,46.096,2010-12-14,TRON: Legacy,6.487,7065
"[35, 18]",en,Dìdi (弟弟),101.45,2024-07-26,Dìdi (弟弟),7.34,47
"[16, 10751, 878]",en,WALL·E,68.493,2008-06-22,WALL·E,8.1,18585
"[35, 18, 10751]",en,Annie,63.329,2014-12-18,Annie,6.235,1263
"[28, 12, 878]",en,Spider-Man 3,78.728,2007-05-01,Spider-Man 3,6.43,13948
"[35, 18, 10751, 10749]",en,Love Don't Co$t a Thing,74.474,2003-12-12,Love Don't Co$t a Thing,7.376,509
"[16, 12, 35, 14]",en,Luck,67.742,2022-08-05,Luck,7.781,1674
"[10749, 18]",en,Indecent Proposal,68.462,1993-04-07,Indecent Proposal,6.4,1395
"[27, 53]",ru,Отражение тьмы,69.8,2024-04-11,Succubus,5.094,16
"[12, 14, 18, 10749]",en,The Twilight Saga: Breaking Dawn - Part 2,72.958,2012-11-13,The Twilight Saga: Breaking Dawn - Part 2,6.463,8782
"[28, 80, 18, 53]",th,Bangkok Breaking: ฝ่านรกเมืองเทวดา,106.812,2024-09-26,Bangkok Breaking: Heaven and Hell,6.583,12
"[28, 12, 16, 10751, 35]",en,Kung Fu Panda,77.938,2008-06-04,Kung Fu Panda,7.289,11455
"[14, 28, 878, 53, 27]",en,Aliens vs Predator: Requiem,73.176,2007-12-25,Aliens vs Predator: Requiem,5.169,2857
"[80, 36, 18]",en,Killers of the Flower Moon,61.466,2023-10-18,Killers of the Flower Moon,7.455,3179
"[878, 28, 14, 12]",ko,외계+인 2부,76.007,2024-01-10,Alienoid: The Return to the Future,6.6,598
"[12, 28, 878]",en,Star Wars: The Rise of Skywalker,56.144,2019-12-18,Star Wars: The Rise of Skywalker,6.318,9784
"[10749, 18]",en,After Everything,74.668,2023-09-13,After Everything,6.952,823
"[10749, 18]",en,Bloomington,63.366,2010-06-23,Bloomington,6.6,150
"[28, 80, 18, 53]",en,The Dark Knight Rises,76.113,2012-07-17,The Dark Knight Rises,7.781,22504
"[12, 16, 14]",ja,遊☆戯☆王,85.844,1999-03-06,Yu☆Gi☆Oh!,7.112,58
"[12, 14, 35]",en,Dungeons & Dragons: Honor Among Thieves,71.11,2023-03-23,Dungeons & Dragons: Honor Among Thieves,7.369,3415
[35],en,"Me, Myself & Irene",45.299,2000-06-22,"Me, Myself & Irene",6.598,3800
[35],en,The Hangover Part III,68.323,2013-05-23,The Hangover Part III,6.207,8532
[18],ja,肉体の門,68.156,1988-04-09,Carmen 1945,5.857,28
"[28, 878]",en,Spider-Man,88.814,2002-05-01,Spider-Man,7.301,18869
"[28, 18]",en,Sound of Freedom,75.288,2023-07-03,Sound of Freedom,8.0,2342
"[18, 10749]",en,Below Her Mouth,79.295,2017-02-10,Below Her Mouth,6.823,1162
"[28, 80, 53]",en,The Fate of the Furious,71.63,2017-04-12,The Fate of the Furious,6.876,10184
"[16, 18, 14]",ja,青春ブタ野郎はランドセルガールの夢を見ない,68.827,2023-12-01,Rascal Does Not Dream of a Knapsack Kid,7.788,33
"[27, 28, 12]",en,Hellboy: The Crooked Man,64.166,2024-08-30,Hellboy: The Crooked Man,5.194,18
"[28, 878, 35, 10751]",en,Sonic the Hedgehog,71.266,2020-02-12,Sonic the Hedgehog,7.3,9413
[35],en,Sex Tape,44.952,2014-07-17,Sex Tape,5.404,4002
"[14, 27]",hi,तुम्बाड,104.871,2018-10-12,Tumbbad,7.492,241
"[16, 10749, 18]",ja,君の名は。,72.725,2016-08-26,Your Name.,8.487,11274
[27],en,Baghead,52.78,2023-12-28,Baghead,6.6,322
"[10749, 18]",en,Challengers,85.57,2024-04-18,Challengers,7.128,1363
"[14, 27, 28, 12]",en,Hellboy,69.455,2019-04-10,Hellboy,5.569,3376
[35],en,The Hangover Part II,69.945,2011-05-25,The Hangover Part II,6.482,10341
"[10749, 35]",en,A Family Affair,58.896,2024-06-27,A Family Affair,5.863,493
"[28, 878, 12]",en,Godzilla vs. Kong,104.42,2021-03-24,Godzilla vs. Kong,7.6,9892
"[878, 18, 28]",en,Rebel Moon - Part One: A Child of Fire,66.744,2023-12-15,Rebel Moon - Part One: A Child of Fire,6.332,2063
[27],en,Sting,71.022,2024-04-12,Sting,6.3,211
[18],en,The Judge,44.629,2014-10-08,The Judge,7.323,4021
"[10751, 16, 12, 35, 14]",en,Frozen II,66.153,2019-11-20,Frozen II,7.258,9608
"[27, 53]",en,Winnie-the-Pooh: Blood and Honey 2,90.158,2024-03-26,Winnie-the-Pooh: Blood and Honey 2,6.341,201
"[99, 35]",en,Will & Harper,61.515,2024-09-12,Will & Harper,7.719,16
"[18, 35]",en,Mean Girls,68.025,2004-04-30,Mean Girls,7.211,8629
"[14, 16, 12]",ja,ハウルの動く城,83.758,2004-09-09,Howl's Moving Castle,8.403,9771
"[53, 27]",en,The Remaining,55.255,2014-08-25,The Remaining,6.089,431
[878],en,Avengers: Doomsday,58.534,2026-04-29,Avengers: Doomsday,0.0,0
"[16, 28, 12, 878]",ja,僕のヒーローアカデミア THE MOVIE ユアネクスト,86.461,2024-08-02,My Hero Academia: You're Next,6.6,5
"[28, 12, 53]",en,Spectre,43.903,2015-10-26,Spectre,6.549,10403
"[18, 36, 10752]",en,Schindler's List,82.966,1993-12-15,Schindler's List,8.565,15714
[18],en,Fight Club,68.965,1999-10-15,Fight Club,8.4,29162
"[18, 10402]",en,Whiplash,66.08,2014-10-10,Whiplash,8.4,14948
"[16, 10751]",en,Lilo & Stitch,71.437,2002-06-21,Lilo & Stitch,7.527,6114
"[28, 35, 80]",en,Lift,65.243,2024-01-10,Lift,6.509,1161
"[28, 53]",en,John Wick,57.245,2014-10-22,John Wick,7.436,18996
"[16, 35, 10751]",en,Despicable Me 2,74.397,2013-06-26,Despicable Me 2,6.93,11144
"[28, 53]",en,Taken,64.142,2008-02-18,Taken,7.393,11061
"[878, 27, 53]",en,Alien: Covenant,93.877,2017-05-09,Alien: Covenant,6.139,8513
"[16, 10402, 27, 35]",en,Thriller Night,68.658,2011-09-13,Thriller Night,6.876,93
"[28, 18, 53]",hi,दंगे,91.796,2024-03-01,Dange,5.7,3
"[12, 14, 18, 10749]",en,The Twilight Saga: New Moon,63.85,2009-11-18,The Twilight Saga: New Moon,5.995,9068
"[28, 12, 35, 10751, 878]",en,Teenage Mutant Ninja Turtles: Out of the Shadows,43.371,2016-06-01,Teenage Mutant Ninja Turtles: Out of the Shadows,6.0,3460
"[16, 10751]",en,The Lorax,67.341,2012-03-01,The Lorax,6.502,3499
"[35, 53, 18]",ko,기생충,78.845,2019-05-30,Parasite,8.507,18069
[37],en,The Five,55.036,2023-01-07,The Five,6.088,40
"[28, 12, 878, 53]",en,Jurassic World: Fallen Kingdom,69.061,2018-06-06,Jurassic World: Fallen Kingdom,6.544,11670
"[12, 14, 10749]",en,The Twilight Saga: Breaking Dawn - Part 1,59.553,2011-11-16,The Twilight Saga: Breaking Dawn - Part 1,6.199,8660
"[27, 53, 878]",en,28 Days Later,59.536,2002-10-31,28 Days Later,7.226,6613
"[10751, 878, 28, 35]",en,The Thundermans Return,74.86,2024-03-07,The Thundermans Return,7.0,179
"[18, 27, 14, 35]",pt,Pornô!,61.32,1981-01-01,Porno,4.8,69
"[28, 53]",en,Ruthless,60.592,2023-12-14,Ruthless,6.447,76
"[16, 12, 35, 10751]",en,Cars,69.618,2006-06-08,Cars,6.978,13778
"[14, 12, 10770]",it,I viaggiatori,55.355,2022-11-21,The Voyagers,6.2,95
"[28, 18]",hi,फाइटर,52.283,2024-01-24,Fighter,5.876,109
"[28, 12, 53]",en,Ninja Assassin,60.704,2009-09-29,Ninja Assassin,6.642,1526
"[16, 14, 28]",en,The Lord of the Rings: The War of the Rohirrim,70.988,2024-12-11,The Lord of the Rings: The War of the Rohirrim,0.0,0
"[18, 35]",en,Gifted,99.854,2017-04-07,Gifted,8.038,5386
"[27, 53]",en,Saw X,61.749,2023-09-27,Saw X,7.24,1862
"[16, 35, 10751]",en,The Simpsons Movie,59.687,2007-07-25,The Simpsons Movie,7.0,7890
"[27, 53]",no,Good Boy,64.425,2022-06-03,Good Boy,6.447,256
"[28, 12, 878]",en,The Amazing Spider-Man 2,77.396,2014-04-16,The Amazing Spider-Man 2,6.51,13087
[10749],ko,어린이모,99.294,2018-05-31,Young Aunt,4.7,3
"[878, 28, 12, 35]",en,Teenage Mutant Ninja Turtles,73.312,2014-08-07,Teenage Mutant Ninja Turtles,5.921,6715
"[28, 80, 53]",en,Sicario: Day of the Soldado,99.086,2018-06-27,Sicario: Day of the Soldado,6.921,3514
"[16, 10751, 10402, 35]",en,Sing 2,73.625,2021-12-01,Sing 2,7.866,4313
"[12, 28, 14]",en,The Mummy Returns,53.088,2001-05-04,The Mummy Returns,6.374,6940
"[28, 80, 53]",en,Fast X: Part 2,69.619,2026-06-22,Fast X: Part 2,0.0,0
"[27, 53]",th,ธี่หยด,90.131,2023-10-25,Death Whisperer,7.62,158
"[28, 53]",en,The Bricklayer,43.137,2023-12-14,The Bricklayer,5.934,267
"[16, 10751, 12]",en,How to Train Your Dragon: The Hidden World,66.058,2019-01-03,How to Train Your Dragon: The Hidden World,7.753,6294
"[53, 18]",en,Mothers' Instinct,98.426,2024-01-11,Mothers' Instinct,6.9,286
[27],en,Feet of Death,68.91,2024-08-29,Feet of Death,4.0,1
"[10751, 35, 14]",en,Roald Dahl's The Witches,98.309,2020-10-26,Roald Dahl's The Witches,6.376,2774
"[35, 10749, 18]",en,The Proposal,64.772,2009-06-02,The Proposal,7.149,6735
"[18, 53, 9648]",en,Shutter Island,57.008,2010-02-14,Shutter Island,8.203,23750
"[28, 18, 9648, 53]",en,The Bourne Identity,42.007,2002-06-14,The Bourne Identity,7.47,9151
"[18, 10749]",ko,여자전쟁: 비열한 거래,92.249,2015-09-27,Female War: A Nasty Deal,5.1,25
"[12, 14, 10751]",en,Percy Jackson & the Olympians: The Lightning Thief,49.494,2010-02-01,Percy Jackson & the Olympians: The Lightning Thief,6.215,7366
"[35, 28, 14]",en,Shazam! Fury of the Gods,64.776,2023-03-15,Shazam! Fury of the Gods,6.534,3042
[18],en,The Passion of the Christ,60.722,2004-02-25,The Passion of the Christ,7.502,4533
"[10749, 18]",en,After We Fell,72.227,2021-09-01,After We Fell,7.063,2544
[27],en,The Cult,55.581,2024-06-01,The Cult,8.0,7
"[14, 18, 80]",en,The Green Mile,70.208,1999-12-10,The Green Mile,8.507,17255
[35],en,Mean Girls,55.021,2024-01-10,Mean Girls,5.966,507
[27],en,Poltergeist,67.125,2015-05-20,Poltergeist,5.215,2243
"[53, 9648, 27]",en,Stonehearst Asylum,41.739,2014-10-23,Stonehearst Asylum,6.846,1395
"[28, 878, 12]",en,Alita: Battle Angel,97.279,2019-01-31,Alita: Battle Angel,7.238,9023
"[80, 27, 9648]",en,Scream,80.416,1996-12-20,Scream,7.421,6844
[18],en,Gifted Hands: The Ben Carson Story,57.396,2009-02-07,Gifted Hands: The Ben Carson Story,7.8,642
"[35, 80]",en,Don't Be a Menace to South Central While Drinking Your Juice in the Hood,59.143,1996-01-12,Don't Be a Menace to South Central While Drinking Your Juice in the Hood,7.015,1289
"[16, 10751, 35, 14]",en,Orion and the Dark,66.459,2024-02-01,Orion and the Dark,6.575,471
"[878, 27]",en,Blood and Snow,70.143,2023-10-06,Blood and Snow,6.367,49
"[18, 53, 27]",ja,団鬼六 美教師地獄責め,53.334,1985-12-14,Beautiful Teacher in Torture Hell,5.729,24
"[27, 53]",en,Wrong Turn,65.857,2021-01-26,Wrong Turn,5.972,1113
"[14, 12, 28]",en,The Hobbit: The Desolation of Smaug,69.086,2013-12-11,The Hobbit: The Desolation of Smaug,7.577,13003
"[18, 16, 10751]",en,The Hunchback of Notre Dame,55.073,1996-06-21,The Hunchback of Notre Dame,7.117,4926
"[10749, 18]",en,After Ever Happy,67.59,2022-08-24,After Ever Happy,6.805,1202
"[16, 28, 80, 9648]",ja,名探偵コナン 黒鉄の魚影（サブマリン）,64.631,2023-04-14,Detective Conan: Black Iron Submarine,6.8,93
"[18, 80]",en,Real Gangsters,67.039,2013-06-01,Real Gangsters,2.8,8
"[16, 28, 14, 53]",ja,鬼滅の刃 兄妹の絆,65.301,2019-03-29,Demon Slayer: Kimetsu no Yaiba – Sibling's Bond,7.903,202
"[16, 10751, 35]",en,Toy Story 3,68.29,2010-06-16,Toy Story 3,7.8,14530
"[53, 35, 18]",en,Miller's Girl,71.607,2024-01-18,Miller's Girl,6.659,565
"[28, 18, 878]",en,Logan,74.533,2017-02-28,Logan,7.823,19092
"[27, 53]",en,Beezel,95.894,2024-09-20,Beezel,6.4,12
"[28, 18, 10752]",en,300: Rise of an Empire,95.858,2014-03-05,300: Rise of an Empire,6.112,6420
"[14, 28, 27]",en,Constantine,60.011,2005-02-08,Constantine,7.093,7077
"[12, 35, 10751, 14]",en,Moana,63.539,2026-07-09,Moana,0.0,0
"[18, 28, 53]",es,Correr Para Vivir,63.5,2024-04-25,Underdog,8.571,21
"[18, 28]",en,Creed III,79.516,2023-03-01,Creed III,7.126,2467
"[35, 80]",en,Little Man,61.234,2006-08-31,Little Man,5.906,1692
"[28, 36, 18, 10752]",ko,노량: 죽음의 바다,59.547,2023-12-20,Noryang: Deadly Sea,6.3,137
"[12, 28, 14]",en,The Mummy,57.193,1999-04-16,The Mummy,6.936,8949
[27],en,Annabelle Comes Home,61.433,2019-06-26,Annabelle Comes Home,6.413,3448
"[35, 99, 10770]",en,Katt Williams: Woke Foke,57.686,2024-05-04,Katt Williams: Woke Foke,5.962,13
"[16, 35, 10751]",en,Garfield,61.411,2004-06-10,Garfield,5.7,3950
"[27, 53]",en,Halloween,75.402,1978-10-24,Halloween,7.6,5479
"[18, 10749]",it,Paprika,62.038,1991-02-13,Paprika,6.957,409
"[16, 14, 12]",lv,Flow,94.697,2024-08-30,Flow,9.0,7
"[28, 18, 53]",te,దేవర: Part 2,45.894,,Devara: Part 2,0.0,0
"[10749, 35]",en,Upgraded,82.476,2024-02-07,Upgraded,7.26,780
[],ja,MO002 SQ エボルーション Vol.2 巨乳人妻教師 ： 沢井芽衣,69.941,2005-08-01,MO002 SQ エボルーション Vol.2 巨乳人妻教師 ： 沢井芽衣,5.5,2
"[28, 12, 14]",en,Wonder Woman 1984,54.87,2020-12-16,Wonder Woman 1984,6.432,8345
[10749],ko,엄마친구 2,52.406,2016-09-01,Mom's Friend 2,5.25,10
"[14, 28, 12, 16, 35, 10751]",en,How to Train Your Dragon 2,80.963,2014-06-05,How to Train Your Dragon 2,7.675,9453
"[27, 9648, 53]",en,X,66.364,2022-03-17,X,6.749,3115
"[28, 12, 878]",en,X-Men: Days of Future Past,65.593,2014-05-15,X-Men: Days of Future Past,7.533,15152
"[16, 10751, 14]",en,The Little Mermaid,74.08,1989-11-17,The Little Mermaid,7.355,7782
"[10749, 18, 878]",th,ยูเรนัส 2324,57.715,2024-07-04,Uranus 2324,6.2,14
"[36, 18]",en,Young Woman and the Sea,59.222,2024-05-31,Young Woman and the Sea,7.92,243
"[16, 12, 10751, 35]",en,Carl's Date,63.599,2023-06-15,Carl's Date,7.5,399
"[10751, 16, 12, 35]",en,Madagascar,55.055,2005-05-25,Madagascar,6.91,10736
"[27, 53]",en,You Shall Not Sleep Tonight,65.644,2024-08-01,You Shall Not Sleep Tonight,7.833,9
"[10752, 28, 36]",en,Spitfire Over Berlin,65.722,2022-05-13,Spitfire Over Berlin,5.42,55
"[28, 12, 16, 10751]",en,Incredibles 2,77.307,2018-06-14,Incredibles 2,7.465,12729
"[28, 53, 878]",en,Terminator 2: Judgment Day,55.794,1991-07-03,Terminator 2: Judgment Day,8.121,12717
"[12, 36, 28, 18, 10749, 53]",fr,Le Comte de Monte-Cristo,59.728,2024-06-28,The Count of Monte-Cristo,8.45,575
"[10749, 18]",en,After We Collided,57.531,2020-09-02,After We Collided,7.2,5259
"[16, 10751, 14, 12, 35, 10749]",en,Hercules,58.983,1997-06-13,Hercules,7.507,7305
"[28, 53]",en,Extraction 2,72.022,2023-06-09,Extraction 2,7.451,2380
"[9648, 27, 53]",sv,Canceled,67.879,2023-08-25,Canceled,6.25,12
"[28, 12, 878]",en,Thor: Ragnarok,64.471,2017-10-02,Thor: Ragnarok,7.591,20583
"[35, 18]",en,The Breakfast Club,39.847,1985-02-15,The Breakfast Club,7.743,7909
"[12, 27, 18]",fr,Gueules noires,70.99,2023-11-15,The Deep Dark,5.736,74
"[16, 10402, 35, 14, 10751]",pt,Arca de Noé,53.858,2024-01-05,Noah's Ark,6.8,86
"[28, 12, 80]",en,xXx: Return of Xander Cage,63.692,2017-01-13,xXx: Return of Xander Cage,6.132,8810
"[28, 12, 878]",en,Black Panther,69.165,2018-02-13,Black Panther,7.383,22019
"[28, 12]",en,Hercules,56.418,2014-07-23,Hercules,5.776,4017
"[10749, 18, 35]",es,A través de mi ventana 3: A través de tu mirada,85.975,2024-02-23,Through My Window 3: Looking at You,6.9,498
"[35, 18, 10749]",it,Tra(sgre)dire,52.137,2000-01-28,Cheeky,5.6,251
"[27, 53, 9648, 878]",en,New Life,62.55,2024-05-03,New Life,6.2,60
"[28, 18, 36]",en,Apocalypto,55.869,2006-12-07,Apocalypto,7.583,5470
[35],en,Project X,76.617,2012-03-01,Project X,6.881,6277
"[10749, 10751, 16, 14]",en,Beauty and the Beast,78.11,1991-10-22,Beauty and the Beast,7.735,9818
"[28, 12, 14]",en,Thor: The Dark World,62.363,2013-10-30,Thor: The Dark World,6.525,17125
"[878, 18, 10749]",en,Eternal Sunshine of the Spotless Mind,68.849,2004-03-19,Eternal Sunshine of the Spotless Mind,8.102,14745
"[28, 12, 35]",ja,ゴールデンカムイ,74.428,2024-01-19,Golden Kamuy,6.725,51
"[35, 18, 53]",en,Once Upon a Time... in Hollywood,53.827,2019-07-24,Once Upon a Time... in Hollywood,7.439,13273
"[35, 80, 9648, 10749]",en,Busty Cops: Protect and Serve!,71.024,2009-08-01,Busty Cops: Protect and Serve!,4.7,16
[28],de,60 Minuten,70.892,2024-01-19,Sixty Minutes,6.764,548
"[12, 36, 10752]",en,Troy,56.539,2004-05-13,Troy,7.163,10032
"[878, 18, 53]",en,Blade Runner,50.786,1982-06-25,Blade Runner,7.94,13638
"[27, 9648]",en,Smile 2,71.464,2024-10-16,Smile 2,0.0,0
[27],en,Terrifier,58.28,2011-08-09,Terrifier,6.248,145
"[28, 18, 53]",en,Prison Break: The Final Break,74.274,2009-09-10,Prison Break: The Final Break,7.521,640
"[10749, 18]",en,Purple Hearts,70.501,2022-07-29,Purple Hearts,8.116,2488
"[16, 80, 9648, 28]",ja,名探偵コナン 100万ドルの五稜星（みちしるべ）,44.099,2024-04-12,Case Closed: The Million-Dollar Pentagram,6.5,17
[27],en,The Nun,54.48,2018-09-05,The Nun,5.893,6585
"[16, 10751, 35, 878]",en,Lilo & Stitch 2: Stitch Has a Glitch,42.973,2005-01-22,Lilo & Stitch 2: Stitch Has a Glitch,6.644,1399
"[18, 36]",en,Hidden Figures,70.717,2016-12-10,Hidden Figures,8.059,9613
"[35, 878]",en,Deep Throat Part II,46.171,1974-02-01,Deep Throat Part II,4.1,32
"[28, 35]",en,Outsource,65.11,2022-01-18,Outsource,5.645,30
[18],ja,ミッシング,56.423,2024-05-17,Missing,5.0,3
"[28, 12, 878]",en,Ant-Man and the Wasp: Quantumania,57.471,2023-02-15,Ant-Man and the Wasp: Quantumania,6.327,4894
"[80, 28, 53]",ko,악인전,54.927,2019-05-15,"The Gangster, the Cop, the Devil",7.8,1117
"[12, 10751, 14]",en,The Chronicles of Narnia: The Voyage of the Dawn Treader,62.915,2010-12-02,The Chronicles of Narnia: The Voyage of the Dawn Treader,6.443,5519
"[27, 53]",en,The Purge: Anarchy,59.294,2014-07-17,The Purge: Anarchy,6.642,6332
"[18, 10749]",id,Kelas Bintang - Salome,62.722,2023-05-13,Salome,10.0,1
"[12, 14, 28]",en,Clash of the Titans,45.397,2010-03-26,Clash of the Titans,5.907,6152
"[28, 12, 14]",en,Doctor Strange,61.892,2016-10-25,Doctor Strange,7.424,21943
"[27, 53]",en,Wrong Turn,64.885,2003-05-30,Wrong Turn,6.354,2647
[18],en,Good Will Hunting,64.118,1997-12-05,Good Will Hunting,8.158,12205
"[28, 12, 16, 35, 10751]",en,Kung Fu Panda 3,58.622,2016-01-23,Kung Fu Panda 3,6.914,5944
"[18, 35]",en,The Devil Wears Prada,56.86,2006-06-29,The Devil Wears Prada,7.395,11907
"[35, 10749]",pt,Amigos Sem Compromisso,56.766,2024-08-02,Amigos Sem Compromisso,5.333,3
"[35, 80, 10751, 12]",en,Cruella,52.355,2021-05-26,Cruella,8.011,9221
"[18, 878]",fr,Acide,49.385,2023-09-20,Acid,5.7,215
"[53, 28]",en,Taken 3,63.461,2014-12-16,Taken 3,6.256,5670
"[27, 9648]",en,Final Destination 2,42.576,2003-01-31,Final Destination 2,6.243,3991
"[35, 18, 10749]",fr,Chroniques sexuelles d'une famille d'aujourd'hui,56.077,2012-05-09,Sexual Chronicles of a French Family,5.382,343
"[28, 878, 12]",en,The Tomorrow War,67.838,2021-09-03,The Tomorrow War,7.532,3373
"[28, 18, 53]",en,San Andreas,65.075,2015-05-27,San Andreas,6.245,8446
"[80, 28]",zh,角頭－大橋頭,79.744,2024-08-16,GATAO: Like Father Like Son,0.0,0
"[10749, 18]",en,The Notebook,67.569,2004-06-25,The Notebook,7.889,11387
"[35, 18]",en,The Truman Show,63.815,1998-06-04,The Truman Show,8.143,18135
"[12, 10751, 14]",en,The Chronicles of Narnia: Prince Caspian,60.039,2008-05-15,The Chronicles of Narnia: Prince Caspian,6.623,6285
"[18, 80]",en,GoodFellas,58.782,1990-09-12,GoodFellas,8.461,12744
"[80, 18]",en,The Bikeriders,61.202,2024-06-19,The Bikeriders,6.88,565
"[27, 53]",en,Wrong Turn 4: Bloody Beginnings,64.479,2011-10-17,Wrong Turn 4: Bloody Beginnings,5.719,1072
"[35, 10751, 10749]",en,The Parent Trap,68.724,1998-07-28,The Parent Trap,7.196,4095
"[10749, 18]",ko,엄마의 직업,70.056,2017-07-27,Mother's Job,5.2,11
[],en,Triple Oh!,54.269,2023-10-05,Triple Oh!,0.0,0
"[53, 878, 18, 27]",en,10 Cloverfield Lane,56.962,2016-03-10,10 Cloverfield Lane,6.995,7807
"[35, 12]",en,Mortdecai,37.796,2015-01-21,Mortdecai,5.514,2608
"[28, 878, 53]",en,Terminator Salvation,88.028,2009-05-20,Terminator Salvation,6.063,6380
"[28, 80, 18]",en,Scarface,53.93,1983-12-09,Scarface,8.166,11679
[16],ja,劇場版 美少女戦士セーラームーンCosmos 後編,55.953,2023-06-30,Pretty Guardian Sailor Moon Cosmos the Movie Part 2,8.106,33
"[35, 10749, 18]",cn,玉蒲團III官人我要,87.907,1998-04-23,Sex and Zen III,6.5,17
"[28, 35, 10749]",en,Ghosted,59.691,2023-04-18,Ghosted,6.961,1733
"[27, 53]",en,The Hunted,53.984,2024-01-18,The Hunted,7.119,67
"[80, 18, 53]",en,The Town,47.891,2010-09-15,The Town,7.215,4961
"[16, 10751, 14, 28, 12]",en,Raya and the Last Dragon,59.648,2021-03-03,Raya and the Last Dragon,7.848,6711
[27],en,It,73.131,2017-09-06,It,7.242,18865
"[16, 35, 12, 10751]",en,The Boss Baby: Family Business,58.392,2021-07-01,The Boss Baby: Family Business,7.375,2494
"[27, 53, 80]",en,Saw III,41.112,2006-10-26,Saw III,6.404,4443
"[27, 53, 9648]",en,Orphan,37.42,2009-07-24,Orphan,6.996,5181
"[27, 53, 9648]",en,Jeepers Creepers: Reborn,55.364,2022-09-15,Jeepers Creepers: Reborn,5.432,968
"[28, 18, 9648, 53]",en,The Bourne Ultimatum,37.323,2007-08-03,The Bourne Ultimatum,7.431,7560
"[12, 35, 878]",en,Back to the Future,63.059,1985-07-03,Back to the Future,8.317,19724
"[35, 80, 18]",cn,特區愛奴,56.695,1992-01-01,China Dolls,5.1,5
"[28, 12, 53]",ko,발레리나,50.598,2023-10-05,Ballerina,7.0,483
"[10749, 18, 35]",es,A través de mi ventana,61.06,2022-02-04,Through My Window,7.384,3071
"[28, 12, 878]",en,Black Widow,61.927,2021-01-01,Black Widow,7.239,10065
"[28, 12, 80]",en,F9,61.889,2021-05-19,F9,7.08,7127
[27],en,Freddy vs. Jason,44.534,2003-08-15,Freddy vs. Jason,6.054,2515
"[28, 12, 878]",en,Star Trek Into Darkness,61.841,2013-05-05,Star Trek Into Darkness,7.329,9003
"[28, 35, 12, 53]",en,The King's Man,61.765,2021-12-22,The King's Man,6.754,4435
[99],en,Child Star,61.735,2024-09-17,Child Star,8.4,5
"[28, 80, 53]",en,Kiss of the Dragon,37.038,2001-07-06,Kiss of the Dragon,6.861,1174
"[16, 35, 14, 12, 10751]",en,Luca,61.661,2021-06-17,Luca,7.821,8246
"[10749, 18]",cn,我為卿狂,61.651,1991-11-15,Hidden Desire,4.667,15
"[16, 12, 35, 10751, 28, 14]",en,Brave,61.628,2012-06-21,Brave,7.02,13243
"[80, 28]",en,The Masked Saint,61.6,2016-01-08,The Masked Saint,5.551,79
"[14, 28, 12, 27]",en,The Last Witch Hunter,47.24,2015-10-21,The Last Witch Hunter,5.973,3548
"[14, 35, 10751]",en,Hocus Pocus 2,61.446,2022-09-30,Hocus Pocus 2,7.234,1621
"[16, 28, 14]",ja,劇場版 NARUTO -ナルト- 疾風伝,50.718,2007-08-04,Naruto Shippuden the Movie,7.43,880
"[53, 28, 18, 878]",en,Rise of the Planet of the Apes,61.411,2011-08-03,Rise of the Planet of the Apes,7.327,11762
"[53, 18, 12, 28, 36]",en,In the Heart of the Sea,61.32,2015-12-03,In the Heart of the Sea,6.758,4052
"[28, 18]",en,Boyka: Undisputed IV,61.237,2016-08-01,Boyka: Undisputed IV,7.155,1290
"[16, 10751]",en,"Snoopy Presents: Welcome Home, Franklin",61.154,2024-02-15,"Snoopy Presents: Welcome Home, Franklin",7.663,40
"[28, 14, 12]",en,Mortal Kombat,61.075,2021-04-07,Mortal Kombat,7.037,5761
"[28, 80, 53]",hi,जवान,61.035,2023-09-07,Jawan,7.2,241
"[10751, 16, 12, 35]",en,A Bug's Life,61.646,1998-11-25,A Bug's Life,6.973,9032
"[14, 16, 10751]",ja,となりのトトロ,53.385,1988-04-16,My Neighbor Totoro,8.069,7865
"[80, 9648, 53]",en,Se7en,69.131,1995-09-22,Se7en,8.375,20809
"[27, 53]",en,Texas Chainsaw 3D,55.605,2013-01-03,Texas Chainsaw 3D,5.474,1636
"[16, 35, 10751, 14]",en,Hotel Transylvania,53.351,2012-09-20,Hotel Transylvania,7.0,8508
"[53, 27]",en,Cheat,45.553,2023-08-24,Cheat,7.17,47
"[10751, 35, 16]",en,Woody Woodpecker Goes to Camp,84.869,2024-04-12,Woody Woodpecker Goes to Camp,6.517,150
"[16, 10751]",en,Monsters University,51.344,2013-06-19,Monsters University,7.04,10522
"[18, 36]",en,The Ten Commandments,52.589,1956-10-05,The Ten Commandments,7.8,1591
"[18, 10749]",es,Tengo ganas de ti,60.585,2012-06-22,I Want You,7.4,1860
[18],th,มอร์ริสัน,54.751,2024-04-11,Morrison,6.5,2
[27],en,The Farm,52.336,2019-04-19,The Farm,5.335,325
"[53, 27, 80]",en,I Spit on Your Grave 2,47.823,2013-08-25,I Spit on Your Grave 2,6.293,1252
"[27, 35]",en,Dagr,66.59,2024-10-03,Dagr,0.0,0
"[10749, 18, 10751]",en,The Ultimate Gift,52.56,2007-03-09,The Ultimate Gift,7.622,437
"[28, 53]",en,Silent Night,39.591,2023-11-30,Silent Night,6.2,708
[28],en,Lights Out,41.36,2024-02-16,Lights Out,6.9,114
"[27, 28, 53]",en,The First Purge,56.528,2018-07-04,The First Purge,6.001,3940
"[27, 53, 12]",en,Jaws,43.508,1975-06-20,Jaws,7.666,10297
[],en,Sensual Massage: The Touch Of Love,45.124,1980-01-01,Sensual Massage: The Touch Of Love,5.5,4
"[18, 36, 10752]",en,Saving Private Ryan,61.499,1998-07-24,Saving Private Ryan,8.217,15676
"[35, 10751, 12]",en,Home Alone 2: Lost in New York,53.493,1992-11-15,Home Alone 2: Lost in New York,6.745,9453
"[27, 53]",en,Knock Knock,54.745,2015-06-26,Knock Knock,5.356,3129
"[28, 12, 14]",en,Wonder Woman,53.996,2017-05-30,Wonder Woman,7.225,19788
"[28, 12, 14]",en,Gods of Egypt,37.486,2016-02-25,Gods of Egypt,5.66,4014
"[16, 35, 28, 878]",en,Teenage Mutant Ninja Turtles: Mutant Mayhem,58.766,2023-07-31,Teenage Mutant Ninja Turtles: Mutant Mayhem,7.25,1267
"[16, 35, 10751, 12]",en,Ice Age: Dawn of the Dinosaurs,62.971,2009-06-26,Ice Age: Dawn of the Dinosaurs,6.754,8198
[],tl,Halinghing,71.642,2024-10-14,Halinghing,0.0,0
"[18, 36]",en,The Zone of Interest,54.532,2023-12-15,The Zone of Interest,7.146,1602
"[35, 10749, 18]",en,Am I OK?,54.136,2024-06-11,Am I OK?,6.463,189
"[53, 18]",es,Nowhere,63.013,2023-09-29,Nowhere,7.411,1308
"[16, 12, 10751, 14]",uk,Мавка: Лісова пісня,54.743,2023-03-02,Mavka: The Forest Song,7.2,720
"[18, 53, 80]",fr,Irréversible,54.953,2002-05-22,Irreversible,7.2,2843
"[18, 53, 10752]",en,Inglourious Basterds,51.197,2009-08-02,Inglourious Basterds,8.219,22059
"[16, 28, 12, 35]",ja,ワンピース エピソード オブ 空島,83.426,2018-08-25,One Piece: Episode of Skypiea,7.038,79
"[80, 28, 878]",en,Chappie,43.317,2015-03-04,Chappie,6.792,7822
"[28, 18, 53]",en,The Bourne Supremacy,35.729,2004-07-23,The Bourne Supremacy,7.325,7392
"[80, 18, 53]",en,The Godfather Part III,58.929,1990-12-25,The Godfather Part III,7.4,6123
"[12, 16, 10751]",en,The Good Dinosaur,65.43,2015-11-14,The Good Dinosaur,6.735,5475
[],it,La strana voglia,83.187,1991-06-10,Scent of Passion,5.6,7
"[18, 80]",en,Catch Me If You Can,59.386,2002-12-16,Catch Me If You Can,7.978,15476
"[16, 10751, 35, 12]",en,Madagascar 3: Europe's Most Wanted,59.379,2012-06-06,Madagascar 3: Europe's Most Wanted,6.614,6052
"[16, 10751, 14, 35]",en,"Ruby Gillman, Teenage Kraken",59.313,2023-06-28,"Ruby Gillman, Teenage Kraken",7.279,950
"[16, 35, 10751, 14]",en,Monster House,59.301,2006-06-30,Monster House,6.69,3901
"[27, 53]",en,Prey for the Devil,59.256,2022-10-23,Prey for the Devil,6.931,895
"[28, 80]",en,Baby Driver,59.239,2017-06-28,Baby Driver,7.451,15542
"[28, 12, 14]",en,Suicide Squad,59.237,2016-08-03,Suicide Squad,5.919,20947
"[18, 10749]",ko,동창회의 목적 2,59.143,2017-08-31,Purpose of Reunion 2,5.1,13
"[878, 28, 12]",en,Eternals,59.068,2021-11-03,Eternals,6.859,8159
"[16, 35, 10751]",en,Cloudy with a Chance of Meatballs,58.926,2009-09-17,Cloudy with a Chance of Meatballs,6.626,5868
"[18, 35, 53]",en,Saltburn,58.912,2023-11-16,Saltburn,7.0,2211
"[35, 10749]",en,The Ugly Truth,58.902,2009-07-24,The Ugly Truth,6.506,3481
"[18, 10749]",ko,가슴 큰 울 엄마,58.82,2020-05-06,Bosomy Mom,6.0,10
"[27, 878, 28]",en,Resident Evil: Welcome to Raccoon City,58.808,2021-11-24,Resident Evil: Welcome to Raccoon City,5.97,2407
"[10751, 16, 12, 35]",en,Penguins of Madagascar,58.769,2014-11-22,Penguins of Madagascar,6.531,4095
"[878, 12, 9648]",en,Prometheus,58.742,2012-05-30,Prometheus,6.565,12062
"[10751, 16, 12, 35]",en,Chicken Run: Dawn of the Nugget,58.707,2023-12-08,Chicken Run: Dawn of the Nugget,7.0,718
"[28, 12, 36, 18]",ja,るろうに剣心 最終章 The Final,58.685,2021-04-23,Rurouni Kenshin: The Final,7.702,464
"[35, 28]",en,Superfast!,58.675,2015-03-05,Superfast!,5.039,437
"[28, 16, 35, 10751, 12]",en,Despicable Me 3,58.64,2017-06-15,Despicable Me 3,6.469,7066
"[14, 18, 10749]",en,Edward Scissorhands,56.529,1990-12-07,Edward Scissorhands,7.719,12750
"[878, 28, 12]",pt,Biônicos,71.674,2024-05-28,Bionic,5.948,135
"[35, 10751, 16, 14, 10402]",en,Alvin and the Chipmunks: The Squeakquel,44.02,2009-12-21,Alvin and the Chipmunks: The Squeakquel,5.622,2859
"[53, 9648]",en,Before I Go to Sleep,35.053,2014-09-03,Before I Go to Sleep,6.488,1969
"[14, 18, 10752]",es,El laberinto del fauno,55.765,2006-10-10,Pan's Labyrinth,7.757,10418
"[27, 28, 53]",en,The Forever Purge,68.777,2021-06-30,The Forever Purge,6.946,2466
"[27, 9648]",en,The Cabin in the Woods,40.01,2012-04-12,The Cabin in the Woods,6.623,7743
[18],es,Calladita,47.607,2020-06-16,Calladita,4.7,3
"[18, 878, 53]",en,I Am Legend,58.006,2007-12-12,I Am Legend,7.208,15553
"[28, 878, 53]",hi,Attack,58.767,2022-04-01,Attack,6.735,204
"[35, 27]",en,A Haunted House 2,58.498,2014-04-17,A Haunted House 2,6.146,1422
"[28, 53]",es,Sayen: La cazadora,37.862,2024-04-26,Sayen: The Huntress,5.864,158
"[27, 53]",en,"As Above, So Below",52.99,2014-08-14,"As Above, So Below",6.703,3392
"[9648, 53, 878]",en,Hypnotic,81.495,2023-05-11,Hypnotic,6.242,1178
"[16, 10751, 12, 35]",en,PAW Patrol: The Movie,56.245,2021-08-09,PAW Patrol: The Movie,7.4,1203
[18],th,หลานม่า,49.739,2024-04-04,How to Make Millions Before Grandma Dies,7.9,47
"[14, 12]",en,Fantastic Beasts and Where to Find Them,51.719,2016-11-16,Fantastic Beasts and Where to Find Them,7.323,18613
"[28, 53, 27]",fr,Revenge,39.968,2018-02-07,Revenge,6.5,1720
[10749],ko,옹녀뎐,50.302,2014-08-21,The Story of Ong-nyeo,4.3,3
"[878, 28, 12]",en,Terminator: Dark Fate,57.717,2019-10-23,Terminator: Dark Fate,6.444,5020
"[28, 18]",en,Top Gun,58.013,1986-05-16,Top Gun,7.057,8461
"[878, 12, 28]",en,Guardians of the Galaxy Vol. 2,57.983,2017-04-19,Guardians of the Galaxy Vol. 2,7.619,21382
"[35, 14]",en,The Addams Family,57.971,1991-11-22,The Addams Family,7.0,4474
"[878, 27]",en,4 Horsemen: Apocalypse,57.945,2022-04-29,4 Horsemen: Apocalypse,6.033,106
"[35, 10751, 14]",en,Matilda,57.924,1996-08-02,Matilda,7.162,4365
"[28, 16, 14, 878]",en,Highlander: The Search for Vengeance,57.893,2007-06-05,Highlander: The Search for Vengeance,7.174,112
"[18, 14, 10749]",en,The Curious Case of Benjamin Button,57.794,2008-12-25,The Curious Case of Benjamin Button,7.589,12627
[28],en,Muzzle,57.595,2023-09-29,Muzzle,6.426,250
"[16, 35, 12, 10751]",en,The Ice Age Adventures of Buck Wild,57.562,2022-01-28,The Ice Age Adventures of Buck Wild,6.624,1686
"[28, 878]",en,Edge of Tomorrow,57.535,2014-05-27,Edge of Tomorrow,7.623,13680
"[878, 53]",en,Predestination,57.531,2014-08-28,Predestination,7.436,6338
"[28, 35, 53]",en,Bullet Train,57.529,2022-08-03,Bullet Train,7.5,6051
"[35, 27, 14]",lv,Sema ceļojumi,57.508,2022-08-19,Squeal,4.8,9
"[28, 18, 80]",fr,Dogman,57.488,2023-09-27,Dogman,7.9,997
"[28, 12, 18, 14, 53, 9648]",ko,신과함께-죄와 벌,57.462,2017-12-20,Along with the Gods: The Two Worlds,8.082,1028
"[27, 9648, 80]",en,Saw,57.453,2004-10-01,Saw,7.42,9092
"[12, 16, 10751]",en,Brother Bear,57.402,2003-10-23,Brother Bear,7.27,5326
"[35, 28]",fr,Les Infaillibles,57.382,2024-06-20,The Infallibles,6.317,82
"[28, 80, 18]",hi,Animal,57.331,2023-12-01,Animal,6.466,104
"[28, 53, 12]",en,No Time to Die,57.303,2021-09-29,No Time to Die,7.376,6168
"[28, 53, 10752]",en,Rambo,51.592,2008-01-24,Rambo,6.684,3834
[27],es,Turno nocturno,34.4,2024-12-05,Turno nocturno,0.0,0
"[18, 36]",en,Silence,34.321,2016-12-22,Silence,7.129,3014
[10749],ko,맛있는 비행,51.383,2015-11-01,A Delicious Flight,4.2,60
"[10749, 35, 80, 14]",en,The Mask,50.078,1994-07-29,The Mask,6.959,10133
"[27, 18]",en,Slaughtered Vomit Dolls,80.032,2006-02-14,Slaughtered Vomit Dolls,4.208,101
[18],he,מישהו יאהב מישהו,71.834,2022-06-08,All Eyes Off Me,4.9,8
[18],it,La Riffa,53.568,1991-11-15,The Raffle,6.685,162
[27],en,Halloween,36.567,2007-08-31,Halloween,6.213,2304
[53],en,Cruel Fixation,72.803,2019-10-10,Cruel Fixation,6.756,41
"[80, 9648, 53]",en,L.A. Confidential,34.242,1997-09-19,L.A. Confidential,7.796,4856
"[12, 16, 10751, 14]",fr,Sirocco et le Royaume des courants d’air,59.367,2023-12-13,Sirocco and the Kingdom of the Winds,8.4,8
"[27, 53]",en,The Shining,63.056,1980-05-23,The Shining,8.215,17279
"[28, 53, 878]",en,The Book of Eli,34.215,2010-01-14,The Book of Eli,6.792,6001
"[16, 12, 35, 10751]",en,Rio,40.052,2011-04-03,Rio,6.737,6581
"[35, 10749, 18]",en,He's Just Not That Into You,48.292,2009-02-06,He's Just Not That Into You,6.558,3607
"[18, 28, 12, 36, 10752]",en,Kingdom of Heaven,48.033,2005-05-03,Kingdom of Heaven,6.964,4195
"[27, 18, 9648]",en,Midsommar,46.289,2019-07-03,Midsommar,7.165,6978
"[10752, 28]",en,American Sniper,52.282,2014-12-25,American Sniper,7.429,12720
"[14, 12]",en,Miss Peregrine's Home for Peculiar Children,66.513,2016-09-27,Miss Peregrine's Home for Peculiar Children,6.837,9811
"[53, 28]",es,Skinford 2: The Curse,79.384,2024-05-20,Skinford 2: The Curse,0.0,0
"[28, 80, 53]",en,Den of Thieves 2: Pantera,39.709,2025-01-09,Den of Thieves 2: Pantera,0.0,0
"[12, 28, 53]",en,Casino Royale,37.007,2006-11-14,Casino Royale,7.6,10569
"[18, 10749]",en,Pride & Prejudice,56.253,2005-09-16,Pride & Prejudice,8.075,7941
"[878, 27, 53]",en,The Purge,50.752,2013-05-31,The Purge,6.261,8287
"[18, 10749]",it,La chiave,48.248,1983-10-19,The Key,5.979,389
"[28, 12, 878]",en,2012,53.983,2009-10-10,2012,5.843,11833
[10749],ko,가슴 큰 울 엄마 2,79.104,2020-05-27,Bosomy Mom 2,4.1,4
"[37, 53, 28]",en,The Night They Came Home,48.663,2024-01-12,The Night They Came Home,6.069,29
"[27, 9648, 878]",en,The Thing,55.718,1982-06-25,The Thing,8.061,6858
"[80, 18, 28]",en,Léon: The Professional,51.708,1994-09-14,Léon: The Professional,8.308,14635
"[27, 53]",en,Bagman,43.672,2024-09-20,Bagman,6.0,2
[18],fr,L'été dernier,44.232,2023-09-13,Last Summer,5.9,174
"[12, 14, 10751, 35]",en,A Minecraft Movie,51.277,2025-04-02,A Minecraft Movie,0.0,0
[18],zh,一周的朋友,48.922,2022-06-18,One Week Friends,5.7,112
"[53, 18]",en,Unfaithful,46.901,2002-05-10,Unfaithful,6.672,1505
"[12, 28, 878]",en,Ready Player One,52.656,2018-03-28,Ready Player One,7.599,15441
"[878, 28, 12]",en,Ant-Man,66.4,2015-07-14,Ant-Man,7.077,19572
"[10751, 12, 16, 35, 14]",en,Toy Story 4,56.4,2019-06-19,Toy Story 4,7.493,9674
"[18, 35]",fr,Intouchables,40.641,2011-11-02,The Intouchables,8.278,17062
[35],es,V de Víctor,55.908,2024-05-16,V de Víctor,7.133,15
"[14, 16, 10751]",en,Snow White and the Seven Dwarfs,55.874,1937-12-21,Snow White and the Seven Dwarfs,7.126,7307
"[53, 27]",en,Dead Sea,55.847,2024-07-26,Dead Sea,6.714,133
"[878, 28, 12, 53]",en,Maze Runner: The Death Cure,55.834,2018-01-10,Maze Runner: The Death Cure,7.106,7672
"[53, 28, 14]",en,Ghost Rider,55.825,2007-01-15,Ghost Rider,5.574,5844
[27],en,Saw II,55.791,2005-10-28,Saw II,6.595,5282
"[10749, 18]",en,Float,55.786,2024-02-09,Float,6.889,108
[27],en,Annabelle,55.778,2014-10-02,Annabelle,5.771,6029
"[80, 10749, 53]",en,Love Lies Bleeding,55.73,2024-03-08,Love Lies Bleeding,6.523,520
[18],en,Rocky,55.727,1976-11-20,Rocky,7.79,7753
[18],tl,Uhaw,55.715,2024-08-30,Uhaw,0.0,0
"[12, 14, 28, 53, 878]",en,The Fifth Element,55.715,1997-05-02,The Fifth Element,7.553,10599
"[10751, 14, 12, 28]",en,Maleficent: Mistress of Evil,55.691,2019-10-16,Maleficent: Mistress of Evil,7.308,6034
[18],en,I Am Sam,55.657,2001-12-28,I Am Sam,7.575,2247
"[12, 14, 10751]",en,The Wizard of Oz,55.563,1939-08-15,The Wizard of Oz,7.587,5462
"[14, 12, 28, 10751, 10749]",en,Maleficent,55.55,2014-05-28,Maleficent,7.094,12985
"[18, 10749, 35]",es,Goyo,55.529,2024-06-27,Goyo,6.698,53
"[14, 27]",en,The Exorcism of Hannah Stevenson,55.489,2022-03-14,The Exorcism of Hannah Stevenson,5.875,32
"[878, 28, 53, 12]",en,Maze Runner: The Scorch Trials,55.456,2015-09-09,Maze Runner: The Scorch Trials,6.732,10243
[99],en,Harry Potter 20th Anniversary: Return to Hogwarts,55.426,2022-01-01,Harry Potter 20th Anniversary: Return to Hogwarts,7.307,3273
"[28, 12, 14, 53]",ko,신과함께-인과 연,48.801,2018-08-01,Along with the Gods: The Last 49 Days,8.126,653
"[27, 18]",ja,徳川女刑罰史,49.974,1968-09-28,Shogun's Joy of Torture,5.8,31
"[14, 12, 10751]",en,Oz the Great and Powerful,42.545,2013-03-07,Oz the Great and Powerful,5.916,6439
"[18, 35]",hi,3 Idiots,33.14,2009-12-23,3 Idiots,7.996,2350
"[18, 28]",en,Warrior,42.034,2011-09-09,Warrior,7.848,4478
"[80, 18, 53]",el,Η Μαύρη Εμμανουέλα,77.263,1980-02-01,Emmanuelle: Queen of Sados,6.107,89
"[35, 18, 10749]",en,It Could Happen to You,47.02,1994-07-29,It Could Happen to You,6.6,768
"[35, 80, 28]",fr,Nice Girls,42.791,2024-08-20,Nice Girls,5.2,52
"[53, 27, 18]",en,Run,77.091,2020-11-20,Run,7.261,2517
"[16, 10751, 12, 14, 35]",en,The Croods: A New Age,54.522,2020-11-25,The Croods: A New Age,7.485,3788
"[27, 53]",en,Succubus,43.109,2024-09-24,Succubus,4.0,4
"[28, 12, 878]",en,Man of Steel,57.505,2013-06-12,Man of Steel,6.627,14986
"[878, 28, 53, 27]",en,Slash/Back,45.105,2022-06-24,Slash/Back,6.514,70
"[18, 10749]",en,Fifty Shades Darker,57.911,2017-02-08,Fifty Shades Darker,6.5,7554
[27],en,The Inheritance,43.073,2024-07-12,The Inheritance,6.3,37
"[16, 10749, 35, 14]",zh,白蛇：浮生,59.18,2024-07-30,White Snake: Afloat,8.0,5
"[16, 12, 18, 10751, 14]",ja,屋根裏のラジャー,32.813,2023-12-15,The Imaginary,8.083,42
[35],es,Odio el verano,48.749,2024-08-23,Odio el verano,6.5,2
"[16, 28, 14, 53]",ja,劇場版「鬼滅の刃」無限城編,55.938,,Demon Slayer: Kimetsu no Yaiba – Infinity Castle,0.0,0
"[27, 53, 9648]",en,The Ritual,54.691,2017-10-11,The Ritual,6.245,2932
"[16, 10751, 12, 878]",en,Monsters vs Aliens,52.936,2009-03-19,Monsters vs Aliens,6.222,4567
"[36, 18]",en,One Life,36.502,2023-12-21,One Life,7.773,575
[],it,Stringimi forte i polsi,76.21,1999-12-21,Hold My Wrists Tight,4.0,1
"[27, 35]",en,Jennifer's Body,40.916,2009-09-18,Jennifer's Body,5.949,3729
[27],fr,Vermines,54.479,2023-12-27,Infested,6.797,333
"[14, 28]",en,Hellboy,49.907,2004-04-02,Hellboy,6.671,6773
"[16, 10751, 14, 12]",en,Alice in Wonderland,51.905,1951-07-28,Alice in Wonderland,7.197,5786
"[28, 80, 37, 35, 18]",es,El Infierno,71.903,2010-09-03,El Infierno,7.882,659
[28],en,Heart of the Hunter,65.496,2024-03-28,Heart of the Hunter,5.961,102
"[18, 9648, 878]",en,The Prestige,43.886,2006-10-17,The Prestige,8.204,15865
"[10749, 18]",en,Call Me by Your Name,75.887,2017-07-28,Call Me by Your Name,8.1,11984
"[12, 18]",en,Arthur the King,42.472,2024-03-15,Arthur the King,7.816,588
"[10751, 14]",es,Me contro Te: Il film - Vacanze in Transilvania,56.568,2023-10-19,Me contro Te: Il film - Vacanze in Transilvania,7.2,13
"[27, 53]",en,Split,52.376,2017-01-19,Split,7.345,17179
"[28, 16]",ja,ドラゴンボール 魔訶不思議大冒険,47.367,1988-07-09,Dragon Ball: Mystical Adventure,6.746,270
"[28, 35, 878]",en,Pixels,48.819,2015-07-16,Pixels,5.733,7426
"[10751, 12, 16, 28]",en,The Lion King II: Simba's Pride,50.866,1998-10-24,The Lion King II: Simba's Pride,6.952,4348
"[28, 12, 53]",en,Skyfall,38.366,2012-10-24,Skyfall,7.244,15053
"[28, 12, 18, 10751]",en,The Karate Kid,49.859,2010-06-10,The Karate Kid,6.536,5905
"[18, 36]",es,La sociedad de la nieve,39.915,2023-12-15,Society of the Snow,8.046,2800
"[28, 53, 18]",ko,귀공자,56.386,2023-06-21,The Childe,7.1,136
"[16, 28, 12, 878, 14]",ja,僕のヒーローアカデミア THE MOVIE ワールド ヒーローズ ミッション,50.607,2021-08-06,My Hero Academia: World Heroes' Mission,7.609,519
"[10751, 12, 16, 35]",en,Madagascar: Escape 2 Africa,46.585,2008-10-30,Madagascar: Escape 2 Africa,6.513,6794
"[53, 9648, 80]",fr,Anatomie d'une chute,37.122,2023-08-23,Anatomy of a Fall,7.575,2330
"[12, 18, 878]",sq,M – La Última Esperanza,63.618,2023-01-04,M – La Última Esperanza,7.654,26
"[16, 28, 35, 10751, 878]",en,Megamind,42.804,2010-10-28,Megamind,6.996,6773
"[18, 80, 53]",en,Law Abiding Citizen,32.188,2009-10-15,Law Abiding Citizen,7.389,5073
"[16, 10751, 12, 35]",en,Baby Shark's Big Movie,45.117,2024-02-07,Baby Shark's Big Movie,6.727,33
"[12, 16, 35, 14]",en,Sausage Party,61.534,2016-07-11,Sausage Party,5.749,7195
"[9648, 18, 10749, 53]",en,Wicked Minds,44.089,2003-03-01,Wicked Minds,6.1,27
"[12, 35, 14]",en,Jumanji: The Next Level,49.536,2019-12-04,Jumanji: The Next Level,6.907,8530
"[16, 12, 35, 10751, 18, 37, 10749]",en,Spirit: Stallion of the Cimarron,52.522,2002-05-24,Spirit: Stallion of the Cimarron,7.696,4514
"[28, 12, 53]",en,Mission: Impossible 8,57.853,2025-05-21,Mission: Impossible 8,0.0,0
"[28, 35, 80, 53]",en,Bad Boys,65.263,1995-04-07,Bad Boys,6.814,6276
"[18, 14]",en,The Shack,45.749,2017-03-03,The Shack,7.486,2109
[28],ja,シティーハンター,71.612,2024-04-24,City Hunter,6.549,175
"[18, 10752, 28]",de,Im Westen nichts Neues,46.264,2022-10-07,All Quiet on the Western Front,7.732,3781
"[10751, 16, 12]",en,The Jungle Book,45.988,1967-10-18,The Jungle Book,7.285,6172
"[35, 10751, 18]",en,Nacho Libre,46.737,2006-06-16,Nacho Libre,6.466,1592
"[80, 27, 53]",sr,Srpski film,48.485,2010-06-16,A Serbian Film,5.508,1940
"[27, 53, 9648, 18]",en,Jeepers Creepers,51.481,2001-07-01,Jeepers Creepers,6.5,2941
"[10751, 16, 14, 28, 12]",en,Rise of the Guardians,50.73,2012-11-21,Rise of the Guardians,7.367,6620
"[80, 28, 53]",en,Sin City: A Dame to Kill For,55.949,2014-08-20,Sin City: A Dame to Kill For,6.381,3768
"[28, 80, 18]",en,Batman Begins,55.959,2005-06-10,Batman Begins,7.709,20757
[],zh,金瓶梅之鸳鸯戏床,31.828,1991-06-22,Ghost Story of Kam Pin Mui,0.0,0
"[10749, 35]",en,Mother of the Bride,69.083,2024-05-08,Mother of the Bride,5.964,262
"[14, 18, 10749]",en,Meet Joe Black,46.687,1998-11-12,Meet Joe Black,7.341,5083
[35],en,Scary Movie 5,56.688,2013-04-11,Scary Movie 5,4.801,2753
"[18, 53, 9648]",en,Eyes Wide Shut,60.435,1999-07-16,Eyes Wide Shut,7.485,6078
[35],es,Con quién viajas,47.908,2021-09-10,Carpoolers,6.109,32
"[16, 35, 10751, 37, 12]",en,Rango,52.431,2011-03-02,Rango,6.851,6381
"[28, 53]",te,స‌రిపోదా శ‌నివారం,32.47,2024-08-29,Saripodhaa Sanivaaram,7.143,7
"[10751, 12, 35, 14, 16]",en,The SpongeBob Movie: Sponge Out of Water,44.172,2015-01-28,The SpongeBob Movie: Sponge Out of Water,6.088,2317
"[35, 18]",es,Las hermanas fantásticas,52.445,2024-08-30,(Un)lucky Sisters,5.661,31
"[28, 53]",en,Angel Has Fallen,39.42,2019-08-21,Angel Has Fallen,6.6,3430
"[80, 28, 18]",ko,범죄도시 4,53.894,2024-04-24,The Roundup: Punishment,6.8,62
"[16, 10751, 14]",en,Beauty and the Beast: The Enchanted Christmas,54.655,1997-11-11,Beauty and the Beast: The Enchanted Christmas,6.216,997
"[35, 14]",en,Ted,52.656,2012-06-29,Ted,6.431,12191
[18],en,May December,37.707,2023-11-16,May December,6.662,693
[27],fr,Possession,31.541,1981-05-27,Possession,7.349,1052
"[18, 878, 10752]",en,War for the Planet of the Apes,49.639,2017-07-11,War for the Planet of the Apes,7.206,8895
"[18, 10749]",ja,M家の新妻 変態洗礼,43.924,2009-03-27,The Temptation of Kimono,5.8,18
"[35, 18, 10749, 10402]",en,La La Land,52.306,2016-11-29,La La Land,7.903,16662
"[18, 14]",en,Tuesday,46.514,2024-06-07,Tuesday,6.898,49
"[16, 10751, 35, 12]",en,Ice Age: The Meltdown,51.123,2006-03-29,Ice Age: The Meltdown,6.708,9601
"[9648, 35, 14]",en,Scooby-Doo! The Mystery Begins,36.61,2009-09-13,Scooby-Doo! The Mystery Begins,6.4,682
[35],en,American Pie Presents: The Naked Mile,48.353,2006-12-01,American Pie Presents: The Naked Mile,5.503,2013
"[28, 12, 53, 10752]",en,Rambo: First Blood Part II,49.349,1985-05-21,Rambo: First Blood Part II,6.645,3844
"[16, 14, 28, 12]",ja,映画 ブラッククローバー 魔法帝の剣,56.89,2023-06-16,Black Clover: Sword of the Wizard King,8.146,271
"[16, 35, 18]",en,Mary and Max,45.098,2009-04-09,Mary and Max,7.847,1932
"[14, 28, 80]",en,Batman,48.594,1989-06-21,Batman,7.235,7726
[18],en,The Blind Side,40.345,2009-11-20,The Blind Side,7.679,6280
"[28, 10752, 12]",fi,Sisu,58.114,2022-09-09,Sisu,7.454,2045
"[14, 10751]",en,The Legend of Catclaws Mountain,52.913,2024-05-27,The Legend of Catclaws Mountain,6.179,14
"[12, 28, 53, 9648]",en,National Treasure,31.349,2004-11-19,National Treasure,6.634,6234
"[28, 53, 80]",en,The Equalizer 2,44.844,2018-07-19,The Equalizer 2,6.8,5261
"[18, 10770]",en,From Straight A's to XXX,45.089,2017-02-11,From Straight A's to XXX,5.853,136
"[18, 10749]",en,Lolita,37.824,1997-09-27,Lolita,7.1,1744
"[35, 10749]",en,No Hard Feelings,49.612,2023-06-15,No Hard Feelings,6.795,2918
"[18, 10402, 10749]",en,CODA,66.834,2021-08-13,CODA,7.934,2175
"[18, 10402, 10749]",en,CODA,66.834,2021-08-13,CODA,7.934,2175
"[28, 878]",en,Lucy,45.319,2014-07-25,Lucy,6.455,15864
"[12, 10751, 14]",en,Alice Through the Looking Glass,48.568,2016-05-25,Alice Through the Looking Glass,6.562,6355
"[35, 28, 18]",es,Blindsided: The Game,52.687,2018-05-16,Blindsided: The Game,8.4,54
"[28, 12, 53]",en,Plane,72.876,2023-01-12,Plane,6.966,2175
[18],en,"Guten Tag, Ramón",72.859,2013-10-21,"Good Day, Ramon",7.851,138
"[28, 53, 878]",en,Terminator 3: Rise of the Machines,39.556,2003-07-02,Terminator 3: Rise of the Machines,6.168,6543
"[27, 53]",en,The Black Phone,45.826,2022-06-22,The Black Phone,7.609,4819
"[28, 53]",vi,578: Phát Đạn Của Kẻ Điên,51.314,2022-05-20,578: Magnum,5.853,58
[10749],ko,배달노출: 알몸으로 유혹하기,51.743,2020-04-10,Pizza Dare 1,7.2,6
[37],it,Per un pugno di dollari,34.793,1964-09-12,A Fistful of Dollars,7.841,4152
"[14, 12, 28]",en,Wrath of the Titans,40.782,2012-03-28,Wrath of the Titans,5.747,4137
"[12, 28]",en,Raiders of the Lost Ark,46.774,1981-06-12,Raiders of the Lost Ark,7.929,12288
"[12, 16, 35, 10751]",en,"Mickey, Donald, Goofy: The Three Musketeers",31.073,2004-08-04,"Mickey, Donald, Goofy: The Three Musketeers",6.72,919
[18],it,Malèna,46.019,2000-03-16,Malena,7.419,2203
"[878, 28, 12]",en,The Incredible Hulk,52.997,2008-06-12,The Incredible Hulk,6.212,11628
"[16, 18, 12, 14]",ja,すずめの戸締まり,43.517,2022-11-11,Suzume,7.957,1259
"[10751, 16, 35, 12]",en,Wreck-It Ralph,58.243,2012-11-01,Wreck-It Ralph,7.339,12181
[878],zh,流浪地球2,50.518,2023-01-22,The Wandering Earth II,7.237,548
"[28, 18]",te,రౌద్రం రణం రుధిరం,51.256,2022-03-24,RRR,7.755,1261
"[14, 12, 28]",en,Hellboy II: The Golden Army,51.465,2008-07-11,Hellboy II: The Golden Army,6.762,5100
"[18, 53]",tl,Butas,51.46,2024-08-30,Butas,4.667,3
"[28, 35, 80]",en,Rush Hour 3,51.418,2007-08-08,Rush Hour 3,6.482,3236
"[27, 53, 28, 9648]",en,Deep Fear,51.39,2023-10-18,Deep Fear,5.5,178
[18],ja,PERFECT DAYS,51.387,2023-11-10,Perfect Days,7.8,1066
"[18, 27, 53]",id,Do You See What I See: Cerita Horor #64 - First Love,51.38,2024-05-16,Do You See What I See,6.4,7
"[27, 28, 14]",en,Legion,51.376,2010-01-21,Legion,5.86,2569
"[27, 18]",en,The Exorcist,51.348,1973-12-26,The Exorcist,7.735,7863
"[12, 35, 16]",en,Isle of Dogs,51.344,2018-03-23,Isle of Dogs,7.852,4823
"[53, 18, 9648, 10749]",en,Original Sin,51.301,2001-05-08,Original Sin,6.105,800
[27],en,The Texas Chainsaw Massacre,51.257,2003-05-21,The Texas Chainsaw Massacre,6.272,2587
"[27, 9648, 53]",en,Thanksgiving,51.246,2023-11-16,Thanksgiving,6.557,1132
"[28, 53]",en,Nobody,51.239,2021-03-18,Nobody,7.956,6984
"[28, 14, 9648, 12, 53]",ja,約束のネバーランド,51.23,2020-12-18,The Promised Neverland,7.491,55
"[35, 10749]",en,She's the Man,51.156,2006-03-17,She's the Man,6.808,2938
"[14, 35]",en,Bruce Almighty,51.145,2003-05-23,Bruce Almighty,6.715,10577
"[16, 28, 10751, 35, 878]",en,DC League of Super-Pets,51.128,2022-07-27,DC League of Super-Pets,7.25,1519
"[18, 35]",en,Birdman or (The Unexpected Virtue of Ignorance),51.103,2014-10-17,Birdman or (The Unexpected Virtue of Ignorance),7.466,12682
"[18, 10752, 36]",en,The Boy in the Striped Pyjamas,51.068,2008-05-07,The Boy in the Striped Pyjamas,7.84,7053
"[16, 35, 18, 14]",ja,劇場版 乙女ゲームの破滅フラグしかない悪役令嬢に転生してしまった…,51.04,2023-12-08,My Next Life as a Villainess: All Routes Lead to Doom! The Movie,7.7,5
"[16, 35, 18, 14]",ja,劇場版 乙女ゲームの破滅フラグしかない悪役令嬢に転生してしまった…,30.624,2023-12-08,My Next Life as a Villainess: All Routes Lead to Doom! The Movie,7.7,5
"[878, 28, 12]",en,Superman,39.155,1978-12-14,Superman,7.137,3764
"[10402, 36, 18]",en,Bob Marley: One Love,38.483,2024-02-14,Bob Marley: One Love,6.838,678
"[12, 28, 878]",en,The Hunger Games: Catching Fire,48.149,2013-11-15,The Hunger Games: Catching Fire,7.427,17169
"[27, 53]",en,The Exorcist: Believer,54.697,2023-10-04,The Exorcist: Believer,5.934,1013
"[878, 27, 28]",en,Alien Resurrection,45.394,1997-11-12,Alien Resurrection,6.153,4844
"[10752, 36, 53, 18]",en,1917,71.232,2019-12-25,1917,7.993,12245
"[18, 28]",en,Creed II,51.639,2018-11-21,Creed II,7.033,5363
"[80, 28, 53]",en,Red Right Hand,52.718,2024-02-22,Red Right Hand,6.9,129
"[28, 12, 878]",en,The Hunger Games: Mockingjay - Part 2,49.382,2015-11-18,The Hunger Games: Mockingjay - Part 2,6.896,12381
"[12, 28, 14, 10752, 36]",ja,るろうに剣心,55.874,2012-08-25,Rurouni Kenshin Part I: Origins,7.515,796
"[28, 12, 35]",es,El Halcón: Sed de Venganza,51.561,2023-10-25,The Hawk,8.026,38
[35],es,No Manches Frida 2,47.12,2019-03-15,No Manches Frida 2,7.965,863
"[878, 28, 27]",en,Alien³,49.356,1992-05-22,Alien³,6.369,5568
"[35, 18, 36]",en,Saturday Night,30.418,2024-09-27,Saturday Night,8.0,2
"[28, 27, 14]",en,Reign of Chaos,48.514,2022-04-12,Reign of Chaos,5.6,38
"[10752, 28, 18]",en,Lone Survivor,33.356,2013-12-24,Lone Survivor,7.439,4244
"[53, 878, 28]",en,57 Seconds,37.146,2023-09-29,57 Seconds,6.1,468
"[28, 14, 10770]",en,Teen Wolf: The Movie,47.623,2023-01-18,Teen Wolf: The Movie,7.529,815
"[28, 18, 878]",en,Godzilla,47.095,2014-05-14,Godzilla,6.34,9023
"[28, 53, 27, 80]",ko,늑대사냥,55.865,2022-09-21,Project Wolf Hunting,6.367,338
"[10751, 16, 878, 12]",en,The Iron Giant,57.088,1999-08-06,The Iron Giant,7.945,5517
"[53, 9648]",en,Angels & Demons,49.587,2009-04-23,Angels & Demons,6.716,6711
"[10751, 10770, 12, 14]",en,Descendants 3,48.339,2019-08-02,Descendants 3,7.709,1491
"[18, 10749]",en,Brokeback Mountain,48.829,2005-10-22,Brokeback Mountain,7.798,6862
"[10751, 35, 14]",en,How the Grinch Stole Christmas,35.821,2000-11-17,How the Grinch Stole Christmas,6.759,7310
"[16, 28, 878]",ja,ドラゴンボールZ 龍拳爆発!!悟空がやらねば誰がやる,44.81,1995-07-15,Dragon Ball Z: Wrath of the Dragon,7.269,703
[53],en,A Sacrifice,33.082,2024-06-28,A Sacrifice,5.4,19
"[80, 18, 53]",en,No Country for Old Men,49.555,2007-06-13,No Country for Old Men,7.945,11848
"[27, 35]",es,Slasher,43.68,2023-05-12,Slasher,6.5,3
"[28, 80]",en,Kick-Ass,30.193,2010-03-26,Kick-Ass,7.1,11506
"[28, 27]",id,Dead Mine,30.187,2012-09-27,Dead Mine,4.665,109
"[18, 10751]",en,Hachi: A Dog's Tale,45.798,2009-06-08,Hachi: A Dog's Tale,8.009,6621
"[878, 53]",en,Project Almanac,34.294,2015-01-28,Project Almanac,6.773,2577
"[878, 28, 12]",en,The Matrix Resurrections,52.299,2021-12-16,The Matrix Resurrections,6.4,5645
"[18, 10749]",it,L'uomo che guarda,47.03,1994-01-27,The Voyeur,5.5,200
"[12, 16, 10751]",en,Tinker Bell and the Legend of the NeverBeast,46.778,2014-12-12,Tinker Bell and the Legend of the NeverBeast,7.317,1063
"[878, 28]",en,Godzilla: King of the Monsters,51.031,2019-05-29,Godzilla: King of the Monsters,6.704,6087
"[9648, 53, 18]",ja,花と蛇 ZERO,45.252,2014-05-17,Flower & Snake: Zero,6.212,33
[27],en,All Hallows' Eve,39.012,2013-10-29,All Hallows' Eve,5.7,421
"[28, 80]",en,Birds of Prey (and the Fantabulous Emancipation of One Harley Quinn),45.261,2020-02-05,Birds of Prey (and the Fantabulous Emancipation of One Harley Quinn),6.9,10142
"[10749, 18, 35]",es,A través del mar,63.779,2023-06-23,Through My Window: Across the Sea,6.544,805
[18],it,Maladolescenza,36.205,1977-05-17,Playing with Love,5.1,74
"[27, 53]",en,Jeepers Creepers 2,51.735,2003-08-08,Jeepers Creepers 2,6.14,1606
"[10749, 18]",ko,대도시의 사랑법,53.357,2024-10-01,Love in the Big City,0.0,0
"[10749, 18]",nl,Swingers,41.855,2002-10-01,Swingers,5.852,54
"[16, 10751, 35, 14]",en,Soul,53.245,2020-12-25,Soul,8.126,10326
"[35, 10749]",en,Wallbanger,41.648,2024-04-11,Wallbanger,8.0,2
"[28, 80, 35]",en,Bad Boys II,51.724,2003-07-18,Bad Boys II,6.644,5380
"[27, 53, 10770]",en,Down,44.229,2019-02-01,Down,6.9,237
"[35, 18, 10749]",ko,성판17: 남자들의 17가지 성적 판타지,49.794,2017-11-13,Sex Plate 17,6.2,8
[18],en,The Pursuit of Happyness,52.218,2006-12-14,The Pursuit of Happyness,7.901,9743
[18],tl,Rita,35.369,2024-03-22,Rita,6.0,2
"[28, 27, 53]",en,The Purge: Election Year,52.709,2016-06-29,The Purge: Election Year,6.394,5175
"[36, 18, 12, 28]",en,Ben-Hur,40.198,1959-11-18,Ben-Hur,7.885,2720
"[12, 28, 53]",en,The Spy Who Loved Me,29.776,1977-07-07,The Spy Who Loved Me,6.789,1940
"[28, 12, 35]",en,Kingsman: The Golden Circle,49.695,2017-09-20,Kingsman: The Golden Circle,6.967,10229
"[28, 10749, 16]",ja,THE LAST -NARUTO THE MOVIE-,54.443,2014-12-06,The Last: Naruto the Movie,7.592,1914
"[53, 18, 80]",en,American Psycho,55.935,2000-04-13,American Psycho,7.401,10825
"[10751, 14, 35]",cs,Princezna zakletá v čase 2,49.536,2022-11-17,Princess Cursed in Time: Alchemist's Quest,6.864,33
"[53, 18, 80]",en,American Psycho,55.935,2000-04-13,American Psycho,7.401,10825
"[10751, 14, 35]",cs,Princezna zakletá v čase 2,51.448,2022-11-17,Princess Cursed in Time: Alchemist's Quest,6.864,33
"[10751, 16, 12, 35, 14, 28]",en,Sinbad: Legend of the Seven Seas,53.928,2003-07-02,Sinbad: Legend of the Seven Seas,6.975,2013
"[27, 53, 9648]",en,Psycho,69.29,1960-06-22,Psycho,8.431,9953
"[80, 53]",cn,偷窺無罪之誘人犯罪,68.664,2003-01-16,To Seduce an Enemy,4.2,8
"[27, 9648, 53]",en,Ghostland,31.428,2018-03-14,Ghostland,7.375,2361
"[10751, 16, 35, 14, 12]",en,The Addams Family 2,46.183,2021-10-01,The Addams Family 2,6.992,1266
"[35, 10749]",en,"Red, White & Royal Blue",55.46,2023-07-27,"Red, White & Royal Blue",8.0,1231
"[18, 28, 14, 878]",te,కల్కి 2898-ఎ.డి,46.333,2024-06-26,Kalki 2898-AD,6.4,74
"[18, 10752]",en,The Pianist,43.908,2002-09-17,The Pianist,8.381,9080
"[10749, 878, 18]",en,Her,47.16,2013-12-18,Her,7.9,14133
"[16, 10751, 12, 35]",en,Ferdinand,35.159,2017-12-09,Ferdinand,7.21,2808
"[12, 35, 10751]",en,The Goonies,31.901,1985-06-07,The Goonies,7.515,5627
"[18, 10749]",fr,Q,44.636,2011-10-06,Desire,6.3,1217
[53],en,The Voyeurs,38.151,2021-08-25,The Voyeurs,6.625,899
"[28, 18, 10752]",hi,Uri: The Surgical Strike,50.64,2019-01-11,Uri: The Surgical Strike,7.067,420
[27],en,Dawn of the Dead,36.378,1978-09-02,Dawn of the Dead,7.5,2038
"[16, 35, 10751, 27]",es,La Leyenda de los Chaneques,58.67,2023-07-14,La Leyenda de los Chaneques,8.37,219
"[16, 14, 10751]",ja,崖の上のポニョ,52.126,2008-07-19,Ponyo,7.742,4239
"[18, 10749]",en,Life in a Year,53.38,2020-11-27,Life in a Year,8.259,1854
[28],en,Bullet Train Down,44.423,2022-08-01,Bullet Train Down,5.6,60
"[9648, 53, 28]",en,Inferno,33.599,2016-10-13,Inferno,6.073,6183
[18],tl,Throuple,49.887,2024-09-06,Throuple,1.0,1
"[18, 14, 10749]",en,Wicked,57.001,2024-11-20,Wicked,0.0,0
"[27, 12, 28]",en,Van Helsing,48.839,2004-05-03,Van Helsing,6.374,5904
"[12, 18, 28]",en,Exodus: Gods and Kings,48.428,2014-12-03,Exodus: Gods and Kings,5.866,4490
"[35, 18, 10749]",ko,물오징어6969,48.875,2022-01-27,Sex Game 6969,4.4,9
[18],ka,გადასვლა,41.937,2024-03-22,Crossing,7.7,25
"[53, 27, 18]",ru,Я иду играть,37.329,2024-01-11,#Blue_Whale,6.328,64
"[16, 12, 35, 10751]",ja,映画クレヨンしんちゃん オラたちの恐竜日記,62.511,2024-08-09,Crayon Shin-chan: Ora's Dinosaur Diary,9.0,2
"[18, 28, 36]",en,Ford v Ferrari,40.838,2019-11-13,Ford v Ferrari,8.005,7832
"[878, 14, 28]",en,Jupiter Ascending,42.115,2015-02-04,Jupiter Ascending,5.455,6672
"[12, 28]",en,Indiana Jones and the Kingdom of the Crystal Skull,43.078,2008-05-21,Indiana Jones and the Kingdom of the Crystal Skull,6.011,8189
"[14, 27, 28]",en,Hansel & Gretel: Witch Hunters,48.828,2013-01-17,Hansel & Gretel: Witch Hunters,6.057,6616
[27],en,Final Destination,53.826,2000-03-17,Final Destination,6.602,5529
"[9648, 28, 878]",en,Watchmen,43.075,2009-03-04,Watchmen,7.3,9095
"[16, 10751, 35]",en,Kung Fu Panda 2,47.323,2011-05-25,Kung Fu Panda 2,7.031,7064
[],ar,أنا و ابن خالتي,37.142,2024-01-04,Me And My Cousin,0.0,0
[878],en,The Immortal Wars: Rebirth,29.269,2021-11-02,The Immortal Wars: Rebirth,7.038,13
"[28, 12, 878, 53]",en,Insurgent,43.142,2015-03-18,Insurgent,6.362,9891
"[28, 12, 878, 53]",en,Insurgent,43.142,2015-03-18,Insurgent,6.362,9891
"[28, 35]",en,The Interview,29.248,2014-12-25,The Interview,6.187,5697
"[53, 80]",es,El correo,55.133,2024-01-19,The Courier,6.553,104
"[878, 28, 53]",en,Predator 2,35.556,1990-11-21,Predator 2,6.28,3242
[35],en,American Pie Presents: Girls' Rules,47.814,2020-10-06,American Pie Presents: Girls' Rules,6.1,606
"[10749, 18]",en,Flipped,45.54,2010-08-06,Flipped,8.018,2934
"[28, 53, 18]",en,Rambo: Last Blood,53.544,2019-09-19,Rambo: Last Blood,6.541,3821
"[16, 12, 35, 10751]",en,Ballerina,36.288,2016-12-14,Ballerina,7.182,1858
"[28, 12]",en,Mission: Impossible - Fallout,44.538,2018-07-13,Mission: Impossible - Fallout,7.431,8107
[27],en,Cobweb,46.319,2023-07-19,Cobweb,6.508,808
[35],en,Old Dads,37.329,2023-10-20,Old Dads,6.253,324
"[12, 18]",en,The Road,29.09,2009-11-25,The Road,7.008,3777
"[16, 878, 28]",ja,ドラゴンボール超 スーパーヒーロー,47.978,2022-06-11,Dragon Ball Super: Super Hero,7.898,2795
[27],en,Friday the 13th,46.766,1980-05-09,Friday the 13th,6.401,2866
[18],cs,Manželé Stodolovi,29.059,2023-11-15,Mr. and Mrs. Stodola,6.25,4
"[16, 28, 878]",ja,ドラゴンボールＺ 危険なふたり！超戦士はねむれない,35.258,1994-03-12,Dragon Ball Z: Broly - Second Coming,6.729,651
[35],en,Old School,45.001,2003-02-21,Old School,6.604,1806
[18],en,The Greatest Showman,43.507,2017-12-20,The Greatest Showman,7.892,9325
"[9648, 53, 27]",en,Get Out,50.503,2017-02-24,Get Out,7.622,17208
"[35, 10749]",en,How to Lose a Guy in 10 Days,36.746,2003-02-07,How to Lose a Guy in 10 Days,6.802,3843
"[18, 10749]",en,A Walk to Remember,53.49,2002-01-25,A Walk to Remember,7.758,4011
"[28, 27, 878]",en,Blade: Trinity,40.237,2004-12-08,Blade: Trinity,5.864,3831
"[18, 9648, 53, 27]",en,The Devil's Advocate,40.729,1997-10-17,The Devil's Advocate,7.466,5896
"[14, 28, 12, 18]",en,Jack the Giant Slayer,58.23,2013-02-27,Jack the Giant Slayer,5.843,4849
"[16, 14, 12, 28, 10751]",en,How to Train Your Dragon: Homecoming,43.98,2019-12-03,How to Train Your Dragon: Homecoming,8.1,936
"[10751, 12, 16, 18]",en,Tarzan,44.219,1999-06-18,Tarzan,7.404,6658
"[18, 10752]",en,Apocalypse Now,54.214,1979-08-15,Apocalypse Now,8.279,8130
"[53, 27]",en,Nightman,34.05,2023-09-07,Nightman,6.9,18
"[28, 53]",en,Air Force One Down,50.293,2024-02-09,Air Force One Down,6.3,104
"[10749, 35]",en,Pretty Woman,41.459,1990-03-23,Pretty Woman,7.466,8109
"[35, 10751, 16]",en,Woody Woodpecker,28.829,2017-10-05,Woody Woodpecker,6.586,702
"[28, 12, 14]",fr,Loups-Garous,39.059,2024-10-01,Family Pack,0.0,0
"[878, 12, 28]",en,Moonfall,42.472,2022-02-03,Moonfall,6.3,3062
"[28, 53, 80, 12]",en,Triple Frontier,67.224,2019-03-06,Triple Frontier,6.313,3139
"[18, 878, 9648]",en,Contact,30.7,1997-07-11,Contact,7.4,4392
"[28, 12, 14]",en,Aquaman,65.418,2018-12-07,Aquaman,6.89,13921
"[28, 12, 36]",en,Robin Hood,30.192,2010-05-12,Robin Hood,6.391,4541
"[16, 12, 35, 10751, 14]",en,The Book of Life,44.688,2014-10-01,The Book of Life,7.539,2637
"[28, 12, 878]",en,Star Trek Beyond,33.439,2016-07-07,Star Trek Beyond,6.784,6548
"[16, 878, 28]",ja,ドラゴンボールＺ 燃え尽きろ!!熱戦・烈戦・超激戦,40.93,1993-03-06,Dragon Ball Z: Broly – The Legendary Super Saiyan,7.223,895
"[53, 80, 9648]",id,Kabut Berduri,49.673,2024-07-31,Borderless Fog,6.134,56
[35],en,Scary Movie 3,39.178,2003-10-24,Scary Movie 3,6.0,4005
"[27, 878, 53]",en,No One Will Save You,51.978,2023-09-22,No One Will Save You,6.695,1120
"[28, 53, 80]",en,Due Justice,37.496,2023-11-24,Due Justice,6.276,67
"[16, 28, 12, 14]",ja,ベルセルク 黄金時代篇I 覇王の卵,33.926,2012-02-03,Berserk: The Golden Age Arc I - The Egg of the King,7.239,471
"[28, 35, 53]",en,Hidden Strike,38.216,2023-07-06,Hidden Strike,6.961,955
"[27, 12, 28, 53]",ko,반도,43.68,2020-07-15,Peninsula,6.762,2332
"[16, 10751, 12, 14, 10749]",en,Aladdin,47.157,1992-11-25,Aladdin,7.653,11125
"[9648, 53, 80, 18]",en,Sleeping Dogs,49.252,2024-03-21,Sleeping Dogs,7.225,275
"[18, 53, 80]",en,Drive,34.644,2011-09-15,Drive,7.581,12461
"[28, 80, 53]",en,Hitman: Agent 47,33.643,2015-08-20,Hitman: Agent 47,5.844,2990
"[10749, 18, 35]",en,"Love, Rosie",37.891,2014-10-16,"Love, Rosie",7.836,6148
"[18, 10749]",de,Hotel Desire,45.128,2011-12-07,Hotel Desire,6.0,112
"[53, 28, 80]",en,Ambulance,28.484,2022-03-16,Ambulance,6.654,2084
"[80, 18, 53]",en,Nightcrawler,45.324,2014-10-23,Nightcrawler,7.706,10648
"[35, 80, 18]",en,Sneakers,48.115,1992-09-09,Sneakers,6.899,890
"[12, 28]",en,Indiana Jones and the Last Crusade,37.364,1989-05-24,Indiana Jones and the Last Crusade,7.85,9999
"[878, 9648, 53]",en,Wifelike,50.388,2022-08-12,Wifelike,6.776,268
"[12, 14, 10749, 10751]",en,Aladdin,52.12,2019-05-22,Aladdin,7.104,9928
"[28, 878]",es,Ojos Grises,34.973,2018-05-11,Grey Eyes,5.839,62
"[28, 27, 53]",en,Azrael,41.673,2024-09-27,Azrael,6.6,5
"[28, 12, 18, 53]",en,The Perfect Storm,29.596,2000-06-29,The Perfect Storm,6.47,2265
"[16, 28, 878]",ja,ドラゴンボールZ 神と神,48.842,2013-03-30,Dragon Ball Z: Battle of Gods,6.795,1511
"[36, 10752, 28, 18]",en,Heaven & Earth,28.339,1993-12-25,Heaven & Earth,6.7,247
[35],en,Chef,28.337,2014-05-08,Chef,7.121,3226
"[35, 18]",it,Così fan tutte,43.917,1992-02-21,All Ladies Do It,4.92,373
"[35, 18]",es,No se aceptan devoluciones,28.335,2013-07-20,Instructions Not Included,7.741,869
[27],en,The 100 Candles Game: The Last Possession,45.799,2023-11-09,The 100 Candles Game: The Last Possession,6.4,22
"[35, 10749]",en,Legally Blonde,50.826,2001-07-13,Legally Blonde,6.769,3930
"[16, 35, 12, 10751]",en,Ice Age: Continental Drift,44.828,2012-06-27,Ice Age: Continental Drift,6.377,7489
"[18, 53, 10752]",en,Brothers,41.32,2009-12-02,Brothers,7.321,3543
"[18, 9648, 53]",en,Deep Water,40.337,2022-03-18,Deep Water,5.807,1340
"[18, 878, 10749]",fr,La Bête,39.642,2024-02-07,The Beast,6.257,105
"[18, 10752]",en,Full Metal Jacket,42.558,1987-06-26,Full Metal Jacket,8.132,10350
"[35, 12]",en,Strays,35.1,2023-08-17,Strays,7.275,805
"[27, 53]",en,Halloween II,46.991,1981-10-30,Halloween II,6.6,1971
[27],en,The Texas Chain Saw Massacre,53.796,1974-10-11,The Texas Chain Saw Massacre,7.3,3234
"[28, 53]",en,Die Hard,35.296,1988-07-15,Die Hard,7.793,10994
[35],en,Deuce Bigalow: Male Gigolo,41.544,1999-12-10,Deuce Bigalow: Male Gigolo,5.972,1382
"[35, 10749]",en,Zack and Miri Make a Porno,49.794,2008-09-18,Zack and Miri Make a Porno,6.322,2376
"[28, 12, 18, 14]",ja,るろうに剣心 京都大火編,40.295,2014-08-01,Rurouni Kenshin Part II: Kyoto Inferno,7.635,559
[],ja,田中瞳 爆乳Jの衝撃,43.654,2007-11-08,田中瞳 爆乳Jの衝撃,6.2,4
"[10749, 18, 35]",ko,화려한 외출,43.273,2013-12-05,Love Lesson,6.9,33
[35],en,Superbad,50.274,2007-03-20,Superbad,7.252,7199
"[18, 10751, 10752, 36]",en,White Bird,44.984,2023-10-25,White Bird,7.8,47
"[14, 28, 12]",en,Knights of the Zodiac,41.299,2023-04-27,Knights of the Zodiac,6.418,1109
[16],ja,悪魔のメムメムちゃん,42.768,2018-01-22,Akuma no Memumemu-chan,0.0,0
"[35, 18]",en,The Holdovers,65.433,2023-10-27,The Holdovers,7.717,1465
[18],en,12 Angry Men,40.51,1957-04-10,12 Angry Men,8.546,8533
"[12, 16, 35, 10751]",en,The Secret Life of Pets 2,42.257,2019-05-24,The Secret Life of Pets 2,6.964,2998
"[16, 28, 12, 14]",ja,僕のヒーローアカデミア THE MOVIE ～2人の英雄～,49.002,2018-08-03,My Hero Academia: Two Heroes,7.9,983
"[10749, 18]",ko,자매의 스와핑,55.372,2023-12-19,Sister Swapping,4.5,2
"[35, 27, 10749]",en,Lisa Frankenstein,31.076,2024-02-07,Lisa Frankenstein,6.3,330
"[28, 53, 878]",en,Tenet,36.255,2020-08-22,Tenet,7.185,9736
[35],en,American Pie Presents: Beta House,45.488,2007-12-26,American Pie Presents: Beta House,5.658,1863
[18],ko,인간중독,46.777,2014-05-14,Obsessed,6.831,68
[27],en,A Nightmare on Elm Street,62.233,1984-10-31,A Nightmare on Elm Street,7.342,5012
"[37, 53, 28]",en,Dead for a Dollar,55.258,2022-09-30,Dead for a Dollar,5.874,242
"[10751, 16, 35, 14, 12]",en,The SpongeBob SquarePants Movie,52.481,2004-11-14,The SpongeBob SquarePants Movie,7.0,2835
"[35, 28, 12]",en,Once Upon a Deadpool,49.487,2018-12-11,Once Upon a Deadpool,7.1,763
"[28, 12, 878]",en,Captain America: The First Avenger,50.686,2011-07-22,Captain America: The First Avenger,7.001,21230
[35],it,Fermo posta Tinto Brass,50.293,1995-08-30,P.O. Box Tinto Brass,5.824,94
"[12, 16, 35, 10751]",en,One Hundred and One Dalmatians,42.714,1961-01-25,One Hundred and One Dalmatians,7.185,6197
[35],en,Uncle Drew,28.718,2018-06-27,Uncle Drew,6.683,546
"[9648, 53, 18]",ja,怪物,58.249,2023-06-02,Monster,8.001,492
"[10749, 35, 12]",th,ผจญภัยล่าขุมทรัพย์หมื่นลี้,29.854,2023-12-22,The Adventures,6.403,36
"[27, 9648, 53]",en,Hereditary,45.46,2018-06-07,Hereditary,7.29,7532
"[27, 53, 14]",en,The Last Voyage of the Demeter,47.997,2023-08-09,The Last Voyage of the Demeter,6.8,1504
"[28, 12, 878]",en,Captain America: The Winter Soldier,49.769,2014-03-20,Captain America: The Winter Soldier,7.663,18583
"[27, 53]",en,Silence of the Prey,38.819,2024-05-14,Silence of the Prey,5.6,8
"[80, 53]",en,Legend,46.943,2015-09-09,Legend,7.058,3807
"[18, 12, 878]",en,The Martian,44.441,2015-09-30,The Martian,7.688,19547
"[28, 53, 878, 12]",en,Armageddon,36.187,1998-07-01,Armageddon,6.837,7831
"[16, 10751, 14, 12, 35]",en,Puss in Boots,37.186,2011-10-27,Puss in Boots,6.569,3976
"[16, 10751, 12, 14]",en,Peter Pan,39.684,1953-02-05,Peter Pan,7.22,5306
"[28, 12, 14]",en,The Northman,43.947,2022-04-07,The Northman,7.065,4203
"[28, 12, 878]",en,Transformers: Rise of the Beasts 2,39.426,,Transformers: Rise of the Beasts 2,0.0,0
"[18, 10751]",zh,忠犬八公,43.209,2023-03-31,Hachiko,7.735,189
"[27, 53]",en,Halloween,59.681,2018-10-18,Halloween,6.6,4630
"[27, 9648, 878]",en,Nope,32.938,2022-07-20,Nope,6.847,4009
"[27, 9648, 878]",en,Nope,32.938,2022-07-20,Nope,6.847,4009
"[35, 18, 10749]",en,"Crazy, Stupid, Love.",51.665,2011-07-29,"Crazy, Stupid, Love.",7.26,8396
"[16, 35, 10751, 14]",en,Hotel Transylvania 2,35.663,2015-09-21,Hotel Transylvania 2,6.776,5673
"[18, 10749]",id,Istri Majikan,44.654,,Istri Majikan,0.0,0
"[18, 10749]",en,Past Lives,45.188,2023-06-02,Past Lives,7.776,1566
"[27, 53]",en,Insidious: The Red Door,57.938,2023-07-05,Insidious: The Red Door,6.618,1653
"[35, 80, 28]",en,Beverly Hills Cop,38.39,1984-12-05,Beverly Hills Cop,7.198,4091
"[16, 28, 35, 10751]",en,Shark Tale,44.884,2004-09-20,Shark Tale,6.03,6263
"[35, 10749]",en,Mr. Deeds,32.634,2002-06-28,Mr. Deeds,5.87,2232
"[18, 9648, 27, 36]",en,The Witch,37.637,2016-02-19,The Witch,6.963,6823
[35],en,Dumb and Dumber To,40.789,2014-11-12,Dumb and Dumber To,5.563,3127
"[16, 28, 14]",en,Mortal Kombat Legends: Scorpion's Revenge,36.39,2020-04-12,Mortal Kombat Legends: Scorpion's Revenge,8.1,1362
"[18, 28, 53]",es,Todos los nombres de Dios,45.178,2023-09-15,All the Names of God,6.407,113
"[28, 18, 53]",en,The Last Castle,27.502,2001-10-19,The Last Castle,7.162,1236
"[28, 53, 878]",en,In Time,47.87,2011-10-27,In Time,6.971,11245
"[28, 12, 14]",en,Warcraft,37.119,2016-05-25,Warcraft,6.4,6710
"[27, 53]",en,Drag Me to Hell,34.606,2009-05-27,Drag Me to Hell,6.425,3632
"[18, 878, 9648]",en,Arrival,54.598,2016-11-10,Arrival,7.606,17588
"[28, 53]",en,Die Hard: With a Vengeance,39.092,1995-05-19,Die Hard: With a Vengeance,7.27,5993
"[10751, 16, 35, 878]",en,Space Jam: A New Legacy,39.606,2021-07-08,Space Jam: A New Legacy,6.734,3974
[18],pt,O Filho do Homem,45.528,2019-08-29,O Filho do Homem,0.0,0
"[10751, 16, 10749]",en,Lady and the Tramp,43.08,1955-06-22,Lady and the Tramp,7.12,5192
[18],fr,Quitter la nuit,45.357,2023-12-13,Through the Night,6.423,13
"[53, 28]",en,Heart of Stone,45.332,2023-08-09,Heart of Stone,6.803,1646
"[36, 10749]",cn,西廂艷譚,45.332,1997-10-09,Romance of the West Chamber,5.5,6
"[27, 53]",en,The Hills Have Eyes,54.293,2006-03-10,The Hills Have Eyes,6.422,2933
"[28, 12, 10752]",en,300,41.282,2007-03-07,300,7.186,13553
"[12, 28, 35, 10749]",en,Virgin Territory,45.234,2007-12-17,Virgin Territory,4.788,311
"[28, 12, 878]",en,John Carter,45.142,2012-03-07,John Carter,6.324,5537
"[28, 12]",en,Mission: Impossible - Rogue Nation,45.137,2015-07-23,Mission: Impossible - Rogue Nation,7.206,8717
"[10749, 18]",en,Five Feet Apart,45.122,2019-03-14,Five Feet Apart,8.264,5547
"[80, 18]",en,Taxi Driver,45.517,1976-02-09,Taxi Driver,8.143,12102
"[18, 10749, 14]",en,About Time,45.1,2013-09-04,About Time,7.923,8393
"[28, 18, 36, 10752]",en,Braveheart,37.761,1995-05-24,Braveheart,7.941,10014
"[878, 27, 28]",en,Species,31.261,1995-07-07,Species,5.972,1615
"[28, 53, 878]",en,Cloverfield,38.257,2008-01-15,Cloverfield,6.692,6971
"[12, 16, 18, 10751]",en,The Prince of Egypt,47.251,1998-12-16,The Prince of Egypt,7.282,3919
"[16, 35, 10751]",en,The Smurfs: A Christmas Carol,44.967,2011-12-02,The Smurfs: A Christmas Carol,6.7,251
"[18, 10749]",fr,Rosalie,44.958,2024-04-10,Rosalie,6.5,34
"[28, 35, 80]",en,Rush Hour 2,34.741,2001-08-03,Rush Hour 2,6.741,4038
"[18, 10749]",fr,Rosalie,33.877,2024-04-10,Rosalie,6.5,34
"[28, 35, 80]",en,Rush Hour 2,34.741,2001-08-03,Rush Hour 2,6.741,4038
"[878, 28, 18, 53]",en,Elysium,30.99,2013-08-07,Elysium,6.511,8719
"[10751, 16, 35, 28]",en,The Lion King 1½,51.233,2004-02-06,The Lion King 1½,6.6,2928
"[27, 37, 53, 28]",en,Place of Bones,33.088,2024-08-23,Place of Bones,5.6,12
"[27, 28, 878, 35]",en,Tremors,40.723,1990-01-19,Tremors,6.9,3193
"[10751, 12, 14, 10770]",en,Descendants,43.722,2015-07-31,Descendants,7.139,2319
"[28, 16, 878]",ja,ドラゴンボールZ 復活の「F」,39.469,2015-04-18,Dragon Ball Z: Resurrection 'F',6.836,1884
"[35, 10752]",en,Dr. Strangelove or: How I Learned to Stop Worrying and Love the Bomb,33.713,1964-01-29,Dr. Strangelove or: How I Learned to Stop Worrying and Love the Bomb,8.121,5547
"[28, 12, 878]",en,Captain Marvel,41.469,2019-03-06,Captain Marvel,6.815,15546
"[28, 80]",en,Kill Bill: Vol. 1,44.71,2003-10-10,Kill Bill: Vol. 1,7.971,17226
[18],da,Dronningen,35.966,2019-03-27,Queen of Hearts,6.971,276
"[18, 10402]",en,8 Mile,40.698,2002-11-08,8 Mile,7.14,7134
[27],en,Annabelle: Creation,42.952,2017-08-03,Annabelle: Creation,6.594,5537
"[28, 12]",en,Uncharted,46.214,2022-02-10,Uncharted,6.944,5860
"[35, 37]",en,A Million Ways to Die in the West,26.766,2014-05-22,A Million Ways to Die in the West,6.04,4026
"[16, 12, 35, 10751]",es,Huevitos Congelados,34.716,2022-12-14,Little Eggs: A Frozen Rescue,7.7,342
"[28, 37, 18, 14, 53]",en,Jonah Hex,26.724,2010-06-18,Jonah Hex,4.929,1408
"[53, 878, 27]",en,The Invisible Man,62.317,2020-02-26,The Invisible Man,7.112,5651
"[53, 80, 27]",en,I Spit on Your Grave,46.677,2010-06-17,I Spit on Your Grave,6.51,2237
[27],en,Salem's Lot,60.898,2024-10-11,Salem's Lot,0.0,0
"[12, 35, 14, 10751]",en,Night at the Museum: Secret of the Tomb,40.837,2014-12-17,Night at the Museum: Secret of the Tomb,6.221,5783
"[16, 18]",ja,映画 聲の形,38.411,2016-09-17,A Silent Voice: The Movie,8.382,3916
"[27, 878]",en,The Fly,36.156,1986-08-15,The Fly,7.409,4345
"[16, 28, 12, 35, 14]",ja,ONE PIECE “3D2Y” エースの死を越えて! ルフィ仲間との誓い,36.9,2014-12-31,"One Piece ""3D2Y"": Overcome Ace's Death! Luffy's Vow to his Friends",7.12,171
"[37, 18, 12]",en,The Revenant,45.651,2015-12-25,The Revenant,7.532,17941
"[10752, 28, 18]",uk,Снайпер. Білий ворон,47.915,2022-05-03,Sniper: The White Raven,7.668,733
"[18, 10749]",ko,새엄마의 욕망,49.263,2020-05-29,Stepmom's Desire,6.9,12
"[28, 9648, 53]",en,Mercy,37.78,2023-05-12,Mercy,6.297,70
"[10751, 16, 14, 12, 35, 10402]",en,Trolls,40.396,2016-10-13,Trolls,6.645,3541
"[35, 27]",en,Zombieland,37.893,2009-10-02,Zombieland,7.261,12106
"[16, 28, 53, 878]",en,Transformers: Beginnings,40.141,2007-10-16,Transformers: Beginnings,6.905,263
[99],en,Rebuilding Coraline,48.203,2024-08-15,Rebuilding Coraline,7.8,5
[10749],ko,국가 성생활 관리위원회,32.264,2018-12-06,National Sexuality Management Committee,6.8,4
"[35, 80]",en,We're the Millers,40.387,2013-08-07,We're the Millers,6.829,8779
"[28, 878, 27]",en,The Meg,54.13,2018-08-09,The Meg,6.255,7545
"[18, 80]",pt,Cidade de Deus,54.619,2002-08-30,City of God,8.425,7300
"[35, 12]",en,National Lampoon's Vacation,31.866,1983-07-29,National Lampoon's Vacation,7.115,1517
"[53, 18, 10749]",ko,아가씨,45.867,2016-06-01,The Handmaiden,8.2,3678
"[18, 36]",zh,大上海,49.178,2012-12-22,The Last Tycoon,6.4,44
"[18, 36]",zh,大上海,49.178,2012-12-22,The Last Tycoon,6.4,44
"[878, 9648, 12]",en,2001: A Space Odyssey,41.854,1968-04-02,2001: A Space Odyssey,8.072,11374
"[18, 80]",en,Cherry,61.593,2021-02-26,Cherry,7.352,1238
"[18, 10752, 10749]",en,Gone with the Wind,60.099,1939-03-12,Gone with the Wind,7.943,3970
"[10752, 28, 18]",en,Warhorse One,36.133,2023-06-30,Warhorse One,7.2,255
"[9648, 53, 10749]",en,Kiss and Kill,39.187,2017-08-08,Kiss and Kill,5.4,53
"[28, 18, 10751]",en,The Karate Kid,38.088,1984-06-22,The Karate Kid,7.191,4099
"[10751, 16, 35, 14]",en,The Addams Family,49.597,2019-10-10,The Addams Family,6.607,2282
"[36, 18]",en,The Iron Claw,36.401,2023-12-21,The Iron Claw,7.557,796
"[10752, 28, 36, 18]",en,13 Hours: The Secret Soldiers of Benghazi,47.088,2016-01-14,13 Hours: The Secret Soldiers of Benghazi,7.276,3485
"[28, 35]",zh,熊猫计划,38.925,2024-10-01,Panda Plan,0.0,0
"[16, 10751]",en,Dora: Say Hola to Adventure!,47.927,2023-11-10,Dora: Say Hola to Adventure!,7.444,18
[18],en,Heaven Is for Real,35.824,2014-04-16,Heaven Is for Real,6.711,779
"[14, 16, 10749, 10751]",en,Sleeping Beauty,40.067,1959-02-17,Sleeping Beauty,6.952,5077
"[80, 35, 28]",en,22 Jump Street,33.57,2014-06-05,22 Jump Street,6.841,7847
[27],en,Wrong Turn 6: Last Resort,48.19,2014-08-22,Wrong Turn 6: Last Resort,5.397,861
"[10751, 16, 14]",en,Barbie: Princess Charm School,42.815,2011-08-11,Barbie: Princess Charm School,7.502,794
"[35, 10749]",en,To All the Boys I've Loved Before,43.065,2018-08-16,To All the Boys I've Loved Before,7.616,8301
"[16, 18, 10749]",ja,海がきこえる,26.224,1994-10-07,Ocean Waves,6.395,851
"[35, 878, 14, 27]",en,The Rocky Horror Picture Show,30.793,1975-08-14,The Rocky Horror Picture Show,7.459,2753
[28],en,Hunters,42.126,2021-09-13,Hunters,6.0,19
"[28, 16, 878]",ja,ドラゴンボールゼット 超スーパーサイヤ人じんだ孫そん悟ご空くう,26.158,1991-03-19,Dragon Ball Z: Lord Slug,6.446,520
"[16, 10751, 10770, 12, 35, 14]",en,Craig Before the Creek,26.474,2023-12-11,Craig Before the Creek,7.62,54
"[80, 18]",en,Stand by Me,26.149,1986-08-08,Stand by Me,7.855,5794
"[16, 10751, 14]",en,Pinocchio,38.787,1940-02-23,Pinocchio,7.1,5772
"[16, 28, 27]",ja,バイオハザード：デスアイランド,41.827,2023-06-22,Resident Evil: Death Island,7.371,967
"[16, 10751]",en,Turbo,35.787,2013-07-11,Turbo,6.2,3298
"[35, 10751, 14]",en,Addams Family Values,42.282,1993-11-19,Addams Family Values,6.971,2913
[18],en,Rocky IV,39.781,1985-11-21,Rocky IV,7.089,4351
"[53, 27]",en,Mercy Falls,31.743,2023-09-01,Mercy Falls,6.107,14
[99],en,X-Rated: The Greatest Adult Movies of All Time,37.776,2015-02-06,X-Rated: The Greatest Adult Movies of All Time,6.451,183
"[18, 53]",fr,Emilia Pérez,42.495,2024-08-21,Emilia Pérez,8.0,170
"[80, 18, 53, 28]",en,Jack Reacher,52.27,2012-12-20,Jack Reacher,6.63,6920
"[18, 10749]",id,PSK Belia,47.294,2022-11-02,PSK Belia,0.0,0
"[16, 10751, 35]",en,Barbie as The Princess & the Pauper,36.016,2004-09-28,Barbie as The Princess & the Pauper,7.463,1455
"[12, 28]",en,Indiana Jones and the Temple of Doom,38.515,1984-05-23,Indiana Jones and the Temple of Doom,7.298,9137
[18],zh,破浪男女,58.559,2024-06-28,The Chronicles of Libidoists,4.3,3
"[28, 53, 12]",en,Mission: Impossible - Ghost Protocol,46.262,2011-12-07,Mission: Impossible - Ghost Protocol,7.089,9766
"[35, 10749]",ko,공즉시색,60.717,2015-12-01,Mutual Relations,5.6,11
"[28, 53, 80]",en,Memory,44.272,2022-04-28,Memory,6.8,1470
"[27, 53]",en,Don't Breathe,39.755,2016-06-08,Don't Breathe,7.015,7322
"[18, 27, 80]",en,The Human Centipede 2 (Full Sequence),46.751,2011-10-06,The Human Centipede 2 (Full Sequence),4.809,1301
[35],it,Il Paramedico,46.046,1982-02-07,The Paramedic,4.3,10
"[16, 10751, 12]",en,The Boss Baby: Christmas Bonus,40.522,2022-12-06,The Boss Baby: Christmas Bonus,6.7,296
"[28, 53]",en,Kandahar,42.78,2023-05-25,Kandahar,6.834,1006
"[12, 28, 878]",en,The Empire Strikes Back,27.294,1980-05-20,The Empire Strikes Back,8.392,16803
"[28, 12, 18]",en,Twister,38.489,1996-05-10,Twister,6.522,3352
"[35, 10749]",en,Just Go with It,45.992,2011-02-10,Just Go with It,6.693,5637
"[16, 35, 10751, 10402]",en,Sing,36.993,2016-11-23,Sing,7.113,7851
"[36, 18]",en,Cabrini,38.62,2024-03-07,Cabrini,7.326,43
"[35, 10749]",it,La figliastra - Storia di corna e di passioni,29.473,1976-07-29,La figliastra - Storia di corna e di passioni,4.5,8
"[878, 28, 12]",en,Dark Phoenix,45.242,2019-06-05,Dark Phoenix,5.983,6439
"[14, 12]",en,Jungle Cruise,37.996,2021-07-28,Jungle Cruise,7.37,5615
"[18, 53, 80]",en,The Departed,41.23,2006-10-04,The Departed,8.2,14723
"[12, 28, 878]",en,Star Wars: Episode I - The Phantom Menace,32.532,1999-05-19,Star Wars: Episode I - The Phantom Menace,6.554,14455
"[27, 53, 878]",en,28 Weeks Later,38.725,2007-04-26,28 Weeks Later,6.605,4222
"[28, 12, 878, 53]",en,Babylon A.D.,47.971,2008-08-20,Babylon A.D.,5.653,2067
"[53, 28, 27]",en,Beast,30.989,2022-08-11,Beast,6.618,1516
"[18, 14, 10749]",en,The Shape of Water,60.334,2017-12-01,The Shape of Water,7.2,12005
"[16, 28, 878, 10770]",en,Teen Titans: Trouble in Tokyo,37.713,2006-09-15,Teen Titans: Trouble in Tokyo,7.8,387
"[14, 12, 10751]",en,Pinocchio,60.148,2022-09-07,Pinocchio,6.359,1561
[35],en,American Reunion,39.442,2012-04-04,American Reunion,6.299,4367
"[28, 12, 35]",en,The Lost City,43.455,2022-03-24,The Lost City,6.505,3532
"[80, 28, 18, 53]",en,Bound by Honor,39.182,1993-02-05,Bound by Honor,8.127,1301
"[28, 878]",en,Captain America: Brave New World,39.331,2025-02-12,Captain America: Brave New World,0.0,0
"[53, 18, 9648]",en,Tatami,45.981,2024-03-08,Tatami,7.921,82
"[12, 28, 53, 878]",en,The Matrix Reloaded,40.674,2003-05-15,The Matrix Reloaded,7.054,10841
"[35, 10749]",en,American Wedding,32.921,2003-08-01,American Wedding,6.217,4017
"[12, 10751, 14, 35, 10749]",en,The Princess Bride,29.918,1987-09-25,The Princess Bride,7.683,4480
[18],en,Ordinary Angels,42.255,2024-02-22,Ordinary Angels,7.946,168
"[27, 9648]",en,The Unholy,48.18,2021-03-31,The Unholy,6.603,2126
"[28, 53]",en,One More Shot,44.239,2024-01-09,One More Shot,6.504,224
"[878, 28, 12]",en,Star Trek,44.915,2009-05-06,Star Trek,7.429,9765
"[28, 878]",en,The Tomorrow War 2,36.161,,The Tomorrow War 2,0.0,0
[27],en,Don't Look at the Demon,43.227,2022-09-29,Don't Look at the Demon,6.8,68
"[18, 28, 10752]",en,The Last Samurai,35.661,2003-12-05,The Last Samurai,7.59,6765
"[53, 80]",en,Ocean's Eleven,38.909,2001-12-07,Ocean's Eleven,7.444,11458
"[12, 28, 14]",en,The Mummy: Tomb of the Dragon Emperor,32.908,2008-07-01,The Mummy: Tomb of the Dragon Emperor,5.494,4372
"[10752, 18, 28]",en,Devotion,27.93,2022-11-23,Devotion,7.13,679
"[16, 35, 10751, 12]",en,The Aristocats,48.149,1970-11-13,The Aristocats,7.3,4924
"[10749, 27, 18]",th,แสงกระสือ 2,42.575,2023-03-30,Inhuman Kiss: The Last Breath,6.794,34
[99],es,El Guardián de las Monarcas,42.558,2024-04-11,The Guardian of the Monarchs,7.313,8
"[18, 10749]",ja,愛のコリーダ,41.63,1976-09-15,In the Realm of the Senses,6.597,606
[27],en,Evil Dead,42.509,2013-04-05,Evil Dead,6.552,4538
"[9648, 12, 35]",en,Scooby-Doo,42.119,2002-06-14,Scooby-Doo,6.09,4367
"[16, 35, 10770]",en,South Park: The End of Obesity,42.452,2024-05-24,South Park: The End of Obesity,7.727,139
"[878, 18]",en,Proximity,42.438,2020-05-15,Proximity,6.546,294
"[28, 80, 53]",en,Romeo Must Die,25.432,2000-03-22,Romeo Must Die,6.248,1163
"[16, 10751]",en,Tinker Bell and the Pirate Fairy,42.376,2014-02-13,Tinker Bell and the Pirate Fairy,6.9,983
[35],en,Dumb and Dumber,31.856,1994-12-16,Dumb and Dumber,6.636,6031
"[18, 53]",en,Locke,42.374,2014-04-10,Locke,6.906,2630
"[28, 18]",en,Creed,42.364,2015-11-25,Creed,7.411,7353
"[28, 18, 53]",en,Man on Fire,42.355,2004-04-23,Man on Fire,7.463,5042
[16],ja,新きまぐれオレンジ☆ロード ～ そして、あの夏のはじまり,42.347,1996-11-01,New Kimagure Orange Road: Summer's Beginning,5.346,13
"[28, 12, 878]",en,Independence Day,38.349,1996-06-25,Independence Day,6.889,9458
"[28, 35]",en,The Gods Must Be Crazy,33.099,1980-09-10,The Gods Must Be Crazy,7.248,1116
"[16, 10751, 35, 14]",en,Shrek 5,36.131,2026-07-01,Shrek 5,0.0,0
"[28, 27, 18, 878]",en,Dawn of the Dead,42.347,2004-03-19,Dawn of the Dead,7.1,3940
"[18, 80]",en,Once Upon a Time in America,38.845,1984-05-23,Once Upon a Time in America,8.413,5320
"[27, 18, 14]",en,Interview with the Vampire,38.593,1994-11-11,Interview with the Vampire,7.387,5749
"[27, 18, 14]",en,Interview with the Vampire,38.593,1994-11-11,Interview with the Vampire,7.387,5749
[99],th,13 หมูป่า: เรื่องเล่าจากในถ้ำ,45.798,2022-10-05,The Trapped 13: How We Survived The Thai Cave,6.4,81
"[28, 35, 80]",en,Deadpool: No Good Deed,38.344,2017-03-03,Deadpool: No Good Deed,7.157,496
"[16, 12, 35]",en,The Mitchells vs. the Machines,40.595,2021-04-22,The Mitchells vs. the Machines,7.9,2904
"[53, 9648, 10749]",ko,헤어질 결심,38.6,2022-06-29,Decision to Leave,7.36,1145
"[12, 9648, 16]",ja,名探偵コナン 時計じかけの摩天楼,25.307,1997-04-19,Case Closed: The Time Bombed Skyscraper,7.369,225
"[28, 12, 53]",en,The Expendables 3,35.079,2014-08-07,The Expendables 3,6.219,4921
"[28, 53]",en,Escape Plan,35.323,2013-10-09,Escape Plan,6.724,5082
"[35, 10749]",en,The Girl Next Door,37.316,2004-04-09,The Girl Next Door,6.718,3446
"[878, 28, 12]",en,The Predator,46.072,2018-09-05,The Predator,5.6,4558
[27],en,The Evil Dead,38.559,1981-09-10,The Evil Dead,7.3,3917
"[27, 53]",zh,哭悲,40.321,2021-01-22,The Sadness,6.805,825
"[18, 10402, 10749]",en,The Greatest Hits,43.418,2024-04-05,The Greatest Hits,6.55,101
"[18, 10749, 14]",en,The Time Traveler's Wife,25.215,2009-08-14,The Time Traveler's Wife,6.921,2433
"[12, 18, 53]",en,Jungle,25.211,2017-06-27,Jungle,6.619,1917
"[878, 53]",en,The Butterfly Effect,30.552,2004-01-17,The Butterfly Effect,7.576,7423
"[18, 53, 80]",en,Uncut Gems,26.809,2019-08-30,Uncut Gems,7.155,4663
"[878, 12, 28]",en,The Time Machine,27.3,2002-03-04,The Time Machine,6.25,2232
"[16, 878, 28]",ja,AKIRA,42.296,1988-06-10,Akira,7.945,4161
"[27, 12]",es,La cueva,27.3,2014-01-24,In Darkness We Fall,5.807,162
"[27, 12]",es,La cueva,27.3,2014-01-24,In Darkness We Fall,5.807,162
"[28, 14]",en,Batman Returns,41.545,1992-06-19,Batman Returns,6.928,6411
[28],zh,特种兵归来5：绝地营救,34.459,2021-07-10,Return of Special Forces 5,4.2,5
"[12, 35, 878]",en,Back to the Future Part III,33.783,1990-05-25,Back to the Future Part III,7.478,10371
"[36, 28, 18]",mn,Хотулун гүнж: Алтан судрын эрэлд,36.881,2021-12-03,The Warrior Princess,7.436,94
[18],en,Daddio,39.636,2024-06-27,Daddio,6.3,63
"[28, 36, 18, 53]",ko,"전,란",41.906,2024-10-02,Uprising,0.0,0
"[878, 18, 12, 14]",en,Vesper,31.558,2022-08-17,Vesper,6.395,547
[],en,From...,29.354,2020-10-22,From...,7.5,2
"[12, 28, 53, 878]",en,Starship Troopers,32.282,1997-11-07,Starship Troopers,7.07,4827
"[27, 9648, 53]",en,A Nightmare on Elm Street,33.782,2010-04-30,A Nightmare on Elm Street,5.519,2647
"[28, 53, 80]",en,Security,25.114,2017-03-04,Security,6.305,862
"[28, 80, 18, 53]",ko,발신제한,40.038,2021-06-23,Hard Hit,7.555,201
"[16, 28]",ja,僕のヒーローアカデミア ～オールマイト：ライジング～,43.52,2019-02-13,My Hero Academia: All Might Rising,6.2,33
"[18, 878]",fr,Emmanuelle au 7ème ciel,39.86,1993-09-19,Emmanuelle 7,5.125,28
"[35, 10402]",en,Pitch Perfect 2,43.783,2015-05-07,Pitch Perfect 2,6.857,5250
"[28, 12, 878]",en,Bumblebee,36.524,2018-12-15,Bumblebee,6.727,6019
"[10749, 35]",en,While You Were Sleeping,25.059,1995-04-21,While You Were Sleeping,7.004,1740
"[14, 12, 878, 28]",en,Dragon Kingdom,34.192,2018-11-26,The Dark Kingdom,5.906,64
"[10751, 12, 18, 14]",en,The Jungle Book,41.768,2016-04-07,The Jungle Book,6.867,7979
[27],en,Dead Silence,49.515,2007-03-16,Dead Silence,6.433,2207
"[28, 12, 18]",en,The Guardian,33.514,2006-09-28,The Guardian,7.137,1494
"[35, 10749]",en,50 First Dates,31.513,2004-02-13,50 First Dates,6.863,7098
"[878, 12, 18, 27]",fr,Le Règne animal,33.564,2023-10-04,The Animal Kingdom,7.081,645
"[12, 28, 16, 878]",ja,ドラゴンボールＧＴ 悟空外伝！ 勇気の証しは四星球,41.761,1997-03-26,Dragon Ball GT: A Hero's Legacy,6.736,328
"[80, 18]",en,The Outsiders,27.511,1983-03-25,The Outsiders,7.2,1327
"[10751, 16, 12, 35]",en,Minions,28.129,2015-06-17,Minions,6.41,10443
"[12, 28, 878]",en,Journey 2: The Mysterious Island,46.506,2012-01-19,Journey 2: The Mysterious Island,6.161,4182
"[10749, 18, 37]",en,Redeeming Love,41.521,2022-01-21,Redeeming Love,7.85,514
"[16, 18]",ja,ルックバック,44.069,2024-06-28,Look Back,8.6,12
"[18, 10749]",ko,처제 길들이기,36.724,2020-12-11,Taming The Younger Sister-in-Law,6.1,7
"[18, 27, 53]",en,Rosemary's Baby,30.752,1968-06-12,Rosemary's Baby,7.8,3830
"[10749, 35]",en,The Kissing Booth,34.757,2018-05-11,The Kissing Booth,7.2,7153
"[28, 53]",en,Live Free or Die Hard,40.749,2007-06-20,Live Free or Die Hard,6.622,5718
"[16, 10751, 14]",ja,魔女の宅急便,27.99,1989-07-29,Kiki's Delivery Service,7.825,3990
"[27, 35]",ja,レイプゾンビ3 LUST OF THE DEAD,35.192,2013-06-23,Rape Zombie: Lust of the Dead 3,6.623,65
"[10402, 18]",en,Bohemian Rhapsody,35.995,2018-10-24,Bohemian Rhapsody,7.987,16741
[18],en,Courageous,29.989,2011-09-30,Courageous,7.609,359
"[35, 27]",en,Seed of Chucky,41.482,2004-11-12,Seed of Chucky,5.458,1576
"[27, 53, 9648]",en,The Boogeyman,58.139,2023-05-31,The Boogeyman,6.43,839
"[37, 35, 18]",en,The Ballad of Buster Scruggs,41.443,2018-11-09,The Ballad of Buster Scruggs,7.141,3967
"[28, 12, 14]",en,Kong: Skull Island,41.437,2017-03-08,Kong: Skull Island,6.546,10340
"[18, 53]",en,Argo,41.433,2012-10-11,Argo,7.278,8176
"[12, 18]",it,Io capitano,41.427,2023-09-07,Io Capitano,7.828,623
"[28, 53]",en,Jack Reacher: Never Go Back,41.417,2016-10-19,Jack Reacher: Never Go Back,5.986,4813
"[27, 18]",sv,Låt den rätte komma in,41.406,2008-10-24,Let the Right One In,7.5,2877
"[27, 9648]",en,It Follows,41.353,2015-02-04,It Follows,6.576,6283
[27],vi,Vô Diện Sát Nhân,41.351,2022-08-26,Nightmares,7.2,26
"[80, 27, 53]",de,Die Todesgöttin des Liebescamps,41.329,1981-04-10,Divine Emanuelle,4.1,30
"[14, 10751, 16, 12]",en,The Rescuers,41.318,1977-06-22,The Rescuers,6.779,2445
"[28, 53, 80]",en,Hostage,41.316,2005-03-10,Hostage,6.342,1576
"[28, 12, 80, 9648]",en,Sherlock Holmes,41.296,2009-12-23,Sherlock Holmes,7.214,13788
"[35, 18]",en,Funny People,41.266,2009-07-30,Funny People,5.884,1265
"[28, 53]",en,A Good Day to Die Hard,41.259,2013-02-06,A Good Day to Die Hard,5.335,6310
"[27, 878]",en,Splice,41.24,2010-06-03,Splice,5.881,2209
"[27, 35]",hi,स्त्री,41.177,2018-08-31,Stree,6.901,146
"[28, 35, 80]",en,Red Notice,41.155,2021-11-04,Red Notice,6.775,5700
"[28, 18, 14]",en,King Arthur: Legend of the Sword,41.15,2017-05-10,King Arthur: Legend of the Sword,6.548,5625
"[35, 10751, 10749]",en,The Princess Diaries,41.128,2001-08-03,The Princess Diaries,6.955,4866
[],hi,Attack: Part 2,41.122,,Attack: Part 2,0.0,0
"[35, 10751, 10749]",en,The Princess Diaries,43.67,2001-08-03,The Princess Diaries,6.955,4866
[],hi,Attack: Part 2,34.668,,Attack: Part 2,0.0,0
"[18, 10749]",fr,Emmanuelle 6,34.943,1988-07-06,Emmanuelle 6,4.1,26
"[28, 878, 14]",en,Morbius,45.432,2022-03-30,Morbius,6.015,4246
"[10752, 36, 28, 12, 18, 10749]",en,Alexander,25.656,2004-11-21,Alexander,5.946,3212
"[18, 10402, 36]",en,Elvis,28.426,2022-06-22,Elvis,7.53,3338
"[14, 35, 10751]",en,Nanny McPhee,38.152,2005-10-21,Nanny McPhee,6.676,2983
[27],en,The Conjuring: Last Rites,48.459,2025-09-04,The Conjuring: Last Rites,0.0,0
"[28, 53, 80, 18]",en,Colombiana,37.9,2011-07-27,Colombiana,6.623,2548
"[12, 16, 35, 10751]",en,Wallace & Gromit: The Curse of the Were-Rabbit,57.358,2005-09-04,Wallace & Gromit: The Curse of the Were-Rabbit,7.09,2694
"[27, 35]",en,Shaun of the Dead,36.395,2004-04-09,Shaun of the Dead,7.543,8321
"[35, 12]",en,Road Trip,27.644,2000-05-19,Road Trip,6.2,1903
"[27, 9648]",en,Hell House LLC Origins: The Carmichael Manor,38.667,2023-10-24,Hell House LLC Origins: The Carmichael Manor,6.364,99
"[16, 12, 35, 10751]",en,The Angry Birds Movie,47.394,2016-05-11,The Angry Birds Movie,6.231,3625
[27],en,Elevator Game,53.342,2023-07-12,Elevator Game,4.861,97
"[878, 18, 53]",en,Chronicle,32.642,2012-02-01,Chronicle,6.827,5220
[35],en,American Pie Presents: The Book of Love,40.14,2009-12-07,American Pie Presents: The Book of Love,5.255,1721
[27],en,Stopmotion,33.973,2024-02-22,Stopmotion,6.6,107
[],ja,無力の王,42.664,1981-08-29,Powerless King,3.5,1
"[10751, 16, 12, 35, 80]",en,The Bad Guys,46.151,2022-03-17,The Bad Guys,7.553,2004
"[35, 10749]",en,American Pie 2,38.132,2001-08-10,American Pie 2,6.2,4840
"[10749, 35, 10402]",en,Find Me Falling,57.163,2024-07-18,Find Me Falling,6.696,107
"[27, 53]",en,The Collector,28.874,2009-07-09,The Collector,6.6,1447
[35],fr,20 Ans d'écart,29.375,2013-03-06,It Boy,6.447,1425
"[12, 14, 16]",ja,もののけ姫,44.372,1997-07-12,Princess Mononoke,8.336,7912
"[35, 10751]",en,Problem Child,30.121,1990-07-27,Problem Child,6.076,812
"[27, 53]",en,Child's Play,57.124,2019-06-19,Child's Play,5.962,1861
"[28, 80, 35]",en,The Gentlemen,42.374,2020-01-01,The Gentlemen,7.677,5713
"[35, 18]",en,Ezra,34.697,2024-05-30,Ezra,6.9,31
"[18, 10749]",ko,관전남,37.957,2019-07-25,Observation Man,6.3,3
[37],en,The Outlaw Josey Wales,33.857,1976-06-30,The Outlaw Josey Wales,7.416,1123
"[27, 53]",da,Speak No Evil,56.98,2022-03-17,Speak No Evil,6.613,752
"[28, 35, 10749]",en,Scott Pilgrim vs. the World,35.354,2010-08-12,Scott Pilgrim vs. the World,7.487,7760
"[18, 28, 80]",pt,Tropa de Elite,56.942,2007-10-12,Elite Squad,8.052,2373
"[10751, 35, 14]",en,Roald Dahl's Matilda the Musical,42.128,2022-11-25,Roald Dahl's Matilda the Musical,6.788,711
"[80, 53, 28]",en,Blackhat,28.493,2015-01-13,Blackhat,5.489,1993
[10749],ko,입영전야,32.129,2016-04-05,The Night Before Enlisting,6.0,1
"[18, 35]",it,Nerosubianco,53.724,1969-02-26,Attraction,5.0,21
"[14, 35, 10751]",en,Casper,38.591,1995-05-26,Casper,6.322,4529
"[35, 18]",en,A Man Called Otto,35.871,2022-12-28,A Man Called Otto,7.753,2561
"[18, 28, 53]",en,Shooter,44.336,2007-03-22,Shooter,7.118,4840
"[10751, 16, 35, 12]",en,Ralph Breaks the Internet,39.341,2018-11-20,Ralph Breaks the Internet,7.184,7472
"[28, 53]",en,War,45.835,2007-08-24,War,6.31,1722
"[878, 80]",en,A Clockwork Orange,39.831,1971-12-19,A Clockwork Orange,8.198,12721
"[28, 35, 14]",en,Shazam!,35.836,2019-03-29,Shazam!,7.01,9405
"[27, 9648]",en,The Final Destination,38.828,2009-08-26,The Final Destination,5.602,3206
[99],es,La Casa de Papel: el fenómeno,24.297,2020-04-03,Money Heist: The Phenomenon,7.451,1064
"[35, 28]",en,You Don't Mess with the Zohan,37.826,2008-06-05,You Don't Mess with the Zohan,5.71,3714
[],ja,超大型新人NO.1STYLE 白上咲花 AVデビュー,41.947,2024-04-24,超大型新人NO.1STYLE 白上咲花 AVデビュー,0.0,0
"[16, 28, 14, 12]",ja,僕のヒーローアカデミア THE MOVIE ヒーローズ：ライジング,42.333,2019-12-20,My Hero Academia: Heroes Rising,8.178,1142
[18],en,Rocky III,31.822,1982-05-28,Rocky III,6.897,4052
"[28, 80, 53]",en,Taken 2,43.575,2012-09-27,Taken 2,6.352,6545
"[18, 10749]",en,We Live in Time,43.833,2024-10-10,We Live in Time,0.0,0
"[12, 10751, 18]",en,The Call of the Wild,31.075,2020-02-19,The Call of the Wild,7.56,3671
"[16, 10751, 14, 12]",en,Secret of the Wings,46.317,2012-08-17,Secret of the Wings,7.227,1211
"[18, 10752, 36]",zh,志愿军：存亡之战,45.083,2024-09-30,The Volunteers: The Battle of Life and Death,0.0,0
"[35, 80]",en,The Whole Nine Yards,24.226,2000-02-18,The Whole Nine Yards,6.447,1841
[27],lt,The Human Centipede (First Sequence),42.557,2009-10-31,The Human Centipede (First Sequence),5.242,2138
"[28, 53]",en,True Lies,29.553,1994-07-15,True Lies,7.073,4030
"[878, 28]",zh,变种人：幽灵战姬,37.796,2022-09-26,Mutant: Ghost War Girl,5.378,49
"[28, 53]",en,True Lies,29.553,1994-07-15,True Lies,7.073,4030
"[878, 28]",zh,变种人：幽灵战姬,37.796,2022-09-26,Mutant: Ghost War Girl,5.378,49
"[18, 28, 35]",fr,Wasabi,24.2,2001-10-31,Wasabi,6.648,1266
"[28, 18]",en,Southpaw,32.275,2015-03-24,Southpaw,7.4,5411
[10749],ko,어린 누나,44.925,2018-03-15,Youthful Older Sister,8.2,4
"[28, 53]",en,Undisputed III: Redemption,36.798,2010-04-17,Undisputed III: Redemption,7.541,887
"[16, 35, 10751, 10770]",en,Leroy & Stitch,24.175,2006-06-23,Leroy & Stitch,6.552,511
"[35, 18, 9648]",en,Wicked Little Letters,32.881,2024-02-23,Wicked Little Letters,7.01,290
"[18, 53]",hi,उलझ,40.708,2024-08-02,Ulajh,6.0,3
[18],tl,Sisid Marino,42.811,2024-06-14,Sisid Marino,5.0,3
"[28, 80, 53]",en,Undisputed II: Last Man Standing,38.542,2006-04-11,Undisputed II: Last Man Standing,7.343,782
"[27, 9648]",en,Silent Hill,40.791,2006-04-21,Silent Hill,6.574,4224
"[9648, 53, 18]",en,The Sixth Sense,44.789,1999-08-06,The Sixth Sense,7.957,11565
[18],tl,Kabayo,29.415,2023-05-26,Kabayo,2.3,3
"[27, 18]",en,Pearl,40.561,2022-09-16,Pearl,7.287,1775
"[16, 35, 10751]",en,The Casagrandes Movie,53.966,2024-03-21,The Casagrandes Movie,7.25,36
"[27, 53, 10770]",en,Stepfather 3,32.703,1992-06-04,Stepfather 3,5.3,39
"[35, 18]",fr,Un métier sérieux,38.582,2023-09-13,A Real Job,6.4,208
"[16, 10751, 12]",en,Dinosaur,46.783,2000-05-19,Dinosaur,6.536,2470
"[18, 37]",it,C'era una volta il West,39.028,1968-12-21,Once Upon a Time in the West,8.3,4277
"[12, 28, 18]",en,Days of Thunder,40.14,1990-06-27,Days of Thunder,6.359,1452
"[10402, 18, 10749]",en,A Star Is Born,40.123,2018-10-03,A Star Is Born,7.501,11546
[99],fr,Pornocratie: Les nouvelles multinationales du sexe,40.076,2017-03-12,Pornocracy: The New Sex Multinationals,7.0,49
"[12, 14]",ru,Конёк-Горбунок,40.071,2021-02-18,Upon the Magic Roads,6.73,224
"[16, 12, 35, 10751]",en,Rio 2,40.066,2014-03-19,Rio 2,6.513,3436
"[18, 53]",en,Tyler Perry's Divorce in the Black,40.044,2024-07-11,Tyler Perry's Divorce in the Black,7.023,43
[878],en,District 9,40.034,2009-08-05,District 9,7.448,9342
[18],en,Rez Ball,39.999,2024-09-08,Rez Ball,6.0,17
"[12, 28, 53, 80]",en,Quantum of Solace,39.977,2008-10-29,Quantum of Solace,6.328,7750
[18],en,The Fallout,39.953,2021-03-17,The Fallout,7.614,1084
"[80, 18, 36]",en,The Irishman,39.938,2019-11-01,The Irishman,7.606,6716
"[12, 16, 10751, 10749]",en,Pocahontas,39.938,1995-06-14,Pocahontas,6.926,5595
"[12, 10751, 9648, 878]",en,Tomorrowland,39.924,2015-05-19,Tomorrowland,6.276,6900
"[28, 16, 878]",ja,ドラゴンボールZ とびっきりの最強対最強,39.92,1991-07-20,Dragon Ball Z: Cooler's Revenge,6.981,662
"[9648, 53, 12]",en,North by Northwest,39.909,1959-07-08,North by Northwest,8.0,4041
[10749],ko,내 친구의 엄마,39.907,2016-10-12,My Friend's Mom,3.55,10
"[18, 36]",fr,La nouvelle femme,39.899,2023-11-05,Maria Montessori,7.188,40
"[28, 53, 35, 12]",en,Operation Fortune: Ruse de Guerre,39.892,2023-01-04,Operation Fortune: Ruse de Guerre,6.505,1478
"[28, 80, 53]",ko,더 킬러: 죽어도 되는 아이,39.882,2022-07-13,The Killer,7.735,360
[27],en,Child's Play,39.87,1988-11-09,Child's Play,6.7,2919
"[28, 53, 35, 12]",en,Operation Fortune: Ruse de Guerre,44.264,2023-01-04,Operation Fortune: Ruse de Guerre,6.505,1478
"[28, 80, 53]",ko,더 킬러: 죽어도 되는 아이,39.255,2022-07-13,The Killer,7.735,360
[27],en,Child's Play,48.731,1988-11-09,Child's Play,6.7,2919
"[53, 18, 878]",en,Glass,35.233,2019-01-16,Glass,6.676,8357
"[35, 10749]",en,The Valet,32.746,2022-05-11,The Valet,7.523,543
"[53, 12, 14, 878, 10749]",en,The Time Machine,23.975,1960-05-25,The Time Machine,7.351,813
"[28, 53, 878]",en,V for Vendetta,34.724,2006-02-23,V for Vendetta,7.898,14323
"[18, 36, 10752, 28]",en,The Patriot,33.47,2000-06-28,The Patriot,7.181,3870
"[35, 10749]",fr,Le Fabuleux Destin d'Amélie Poulain,29.216,2001-04-25,Amélie,7.912,11406
"[28, 53]",en,Jade,31.829,2024-02-16,Jade,5.615,26
"[28, 53, 80]",en,Transporter 2,36.714,2005-08-03,Transporter 2,6.323,3537
"[28, 53, 10749, 12]",en,Titanic II,41.463,2010-08-07,Titanic II,4.943,414
"[27, 9648, 53]",en,Jeepers Creepers 3,38.216,2017-09-26,Jeepers Creepers 3,4.923,878
"[28, 53, 80]",ko,카터,38.227,2022-08-05,Carter,6.021,362
"[878, 28, 53]",en,Predators,33.952,2010-07-03,Predators,6.268,4053
"[28, 12]",en,Snake Eyes: G.I. Joe Origins,38.962,2021-07-22,Snake Eyes: G.I. Joe Origins,6.5,1526
[18],tr,7. Koğuştaki Mucize,32.953,2019-10-10,Miracle in Cell No. 7,8.266,4367
"[27, 9648]",en,The Blair Witch Project,45.944,1999-07-14,The Blair Witch Project,6.34,4756
"[18, 10751, 14]",en,It's a Wonderful Life,36.189,1946-12-20,It's a Wonderful Life,8.277,4231
"[18, 53]",en,Night Hunter,35.196,2019-08-29,Night Hunter,6.584,859
"[10749, 9648, 53]",en,Color of Night,23.728,1994-08-19,Color of Night,5.746,558
"[16, 35, 10751]",en,Meet the Robinsons,41.684,2007-03-23,Meet the Robinsons,6.913,2806
"[18, 10749]",es,Habitación en Roma,42.432,2010-05-07,Room in Rome,6.429,714
[18],tl,Kaulayaw,38.968,2024-07-18,Kaulayaw,6.0,1
[18],en,War Room,32.681,2015-08-28,War Room,7.827,509
"[14, 12, 35]",ru,Последний богатырь: Корень зла,35.688,2020-12-24,The Last Warrior: Root of Evil,6.836,168
"[878, 12]",en,Lost in Space,23.701,1998-04-03,Lost in Space,5.4,1198
"[16, 28, 14, 12]",ja,MONSTERS 一百三情飛龍侍極,44.001,2024-01-21,Monsters 103 Mercies Dragon Damnation,7.05,111
"[16, 28, 14, 878]",ja,ドラゴンボールZ 復活のフュージョン!! 悟空とベジータ,31.671,1995-03-04,Dragon Ball Z: Fusion Reborn,7.518,829
"[27, 14, 878, 53]",en,The Devil Conspiracy,30.45,2023-01-13,The Devil Conspiracy,6.503,355
[35],en,Friday,30.417,1995-04-26,Friday,7.159,1773
"[18, 10749, 36]",fr,Portrait de la jeune fille en feu,55.213,2019-09-18,Portrait of a Lady on Fire,8.1,2495
"[12, 28, 53]",en,Goldfinger,29.916,1964-09-20,Goldfinger,7.344,3494
"[28, 18]",ja,七人の侍,37.414,1954-04-26,Seven Samurai,8.461,3620
"[35, 10749]",es,Noche de Bodas,46.563,2024-03-07,Weeding Night,7.3,77
"[10751, 16, 12, 35]",en,ParaNorman,42.66,2012-08-03,ParaNorman,6.987,2477
[18],en,The Whale,30.435,2022-12-09,The Whale,7.85,3752
"[28, 80, 53]",en,The Assignment,55.11,2016-06-08,The Assignment,5.495,501
"[27, 9648]",ko,곤지암,33.161,2018-03-28,Gonjiam: Haunted Asylum,7.34,649
"[12, 53, 878]",en,War of the Worlds,35.154,2005-06-28,War of the Worlds,6.511,8270
"[12, 53, 878]",en,War of the Worlds,35.154,2005-06-28,War of the Worlds,6.511,8271
"[28, 53]",en,L.E.T.H.A.L. Ladies: Return to Savage Beach,32.401,1998-01-27,L.E.T.H.A.L. Ladies: Return to Savage Beach,6.087,184
"[35, 18, 10749]",en,Sex and the City,34.398,2008-05-12,Sex and the City,6.58,2093
"[28, 12, 53, 10752]",en,First Blood,51.143,1982-10-22,First Blood,7.496,6165
"[28, 35, 10749]",en,Role Play,38.709,2023-12-14,Role Play,5.999,509
"[35, 28, 80]",en,Baywatch,41.643,2017-05-25,Baywatch,6.093,7947
"[12, 878, 28]",en,Valerian and the City of a Thousand Planets,27.642,2017-07-20,Valerian and the City of a Thousand Planets,6.635,7411
"[12, 878, 53]",en,Jurassic World Rebirth,37.711,2025-07-02,Jurassic World Rebirth,0.0,0
"[18, 35]",es,¡Que viva México!,37.669,2023-03-23,¡Que viva México!,7.293,169
"[28, 878, 12]",en,Guardians of the Galaxy,45.829,2014-07-30,Guardians of the Galaxy,7.907,27835
[18],ja,TOKYO NOIR トウキョーノワール,39.907,2004-09-24,Tokyo Noir,7.0,1
[10749],ko,내 친구의 아내,39.84,2015-12-03,My Friend's Wife,5.3,7
"[80, 35, 28]",en,The Family,29.373,2013-09-13,The Family,6.361,2886
"[878, 53, 18, 9648, 28]",en,What Happened to Monday,34.376,2017-08-18,What Happened to Monday,7.165,5972
"[80, 53]",cn,赤足驚魂,39.049,1997-03-21,The Peeping Tom,4.8,6
"[18, 10749, 10752]",en,Dear John,23.464,2010-02-04,Dear John,6.846,4111
[18],en,The Social Network,43.367,2010-10-01,The Social Network,7.368,11935
"[27, 53]",en,Friday the 13th,46.116,2009-02-11,Friday the 13th,5.751,2533
"[35, 10749]",it,Monella,39.111,1998-06-01,Frivolous Lola,5.044,217
"[18, 80, 35]",es,Casi el Paraíso,25.255,2024-09-12,Almost Paradise,7.4,5
[18],tl,Init,39.026,2024-07-30,Init,5.0,3
"[878, 28, 53]",en,Godzilla,23.603,1998-05-20,Godzilla,5.628,3839
"[28, 80, 18]",en,Heat,44.35,1995-12-15,Heat,7.917,7198
"[18, 10749]",tl,Tayuan,38.986,2023-06-23,Tayuan,5.9,10
[35],en,Scary Movie 4,38.845,2006-04-12,Scary Movie 4,5.48,3203
"[28, 10752, 80]",en,Long Gone Heroes,38.95,2024-09-20,Long Gone Heroes,4.9,8
"[35, 14]",en,Ghostbusters,38.589,1984-06-08,Ghostbusters,7.49,8826
"[16, 28, 14]",en,Mortal Kombat Legends: Snow Blind,38.914,2022-10-09,Mortal Kombat Legends: Snow Blind,7.765,179
[10749],ko,처제의 비밀,38.902,2019-12-20,My Sister-in-law's Secret,6.563,8
"[27, 53, 18]",es,La mesita del comedor,33.857,2022-06-01,The Coffee Table,7.094,139
"[28, 12, 53]",en,Hunter Killer,54.445,2018-10-19,Hunter Killer,6.887,2130
"[35, 10751, 16]",en,Tom & Jerry,41.346,2021-02-10,Tom & Jerry,6.785,2422
[18],en,The Outrun,38.871,2024-08-02,The Outrun,7.1,10
"[14, 12, 35]",ru,Последний богатырь: Посланник тьмы,25.345,2021-12-23,The Last Warrior: Emissary of Darkness,6.91,50
"[14, 18, 35, 10749, 10751]",en,Big,25.575,1988-06-03,Big,7.168,3557
"[35, 80]",en,Drive-Away Dolls,38.808,2024-02-22,Drive-Away Dolls,5.444,297
"[878, 28, 80]",en,Code 8,38.807,2019-12-06,Code 8,6.3,1948
"[80, 18, 9648, 53]",en,Zodiac,33.571,2007-03-02,Zodiac,7.526,10360
"[18, 10749, 10752]",sv,Lust och fägring stor,32.067,1995-03-08,All Things Fair,6.511,135
"[80, 18, 53]",en,Shot Caller,38.764,2017-07-13,Shot Caller,6.949,1992
"[80, 18, 9648, 53]",en,Zodiac,33.571,2007-03-02,Zodiac,7.526,10360
"[18, 10749, 10752]",sv,Lust och fägring stor,32.067,1995-03-08,All Things Fair,6.5,135
"[80, 18, 53]",en,Shot Caller,35.821,2017-07-13,Shot Caller,6.949,1992
"[80, 18, 27, 53]",en,The Exorcism of Emily Rose,40.314,2005-09-09,The Exorcism of Emily Rose,6.589,2724
"[12, 14, 28, 35, 10751]",en,Night at the Museum: Battle of the Smithsonian,32.563,2009-05-20,Night at the Museum: Battle of the Smithsonian,6.142,6757
"[28, 12, 878]",en,Ant-Man and the Wasp,31.814,2018-07-04,Ant-Man and the Wasp,6.932,13157
"[12, 28, 53]",en,GoldenEye,29.805,1995-11-16,GoldenEye,6.89,3817
"[27, 53]",en,Thir13en Ghosts,47.306,2001-10-26,Thir13en Ghosts,6.243,2072
[27],en,The Amityville Horror,45.803,2005-04-14,The Amityville Horror,6.143,2148
"[27, 878, 53]",en,The Cloverfield Paradox,24.809,2018-02-04,The Cloverfield Paradox,5.62,3208
"[12, 14, 28]",en,Season of the Witch,23.204,2011-01-07,Season of the Witch,5.47,2395
"[14, 35, 12, 878]",en,Ghostbusters: Afterlife,37.316,2021-11-18,Ghostbusters: Afterlife,7.386,4533
"[28, 878, 12]",en,Batman & Robin,34.297,1997-06-20,Batman & Robin,4.36,4937
"[35, 14]",en,Dream Scenario,32.352,2023-11-10,Dream Scenario,6.697,807
"[80, 53]",en,Widows,54.058,2018-11-06,Widows,6.497,2269
"[28, 12, 18]",en,The Darkest Minds,36.049,2018-07-25,The Darkest Minds,7.036,2775
"[18, 10751]",ko,위험한 사촌동생,42.362,2021-11-23,Dangerous Younger Cousin,10.0,2
"[53, 12, 28]",en,The Expendables,36.282,2010-08-03,The Expendables,6.245,7649
"[10749, 27]",en,Bram Stoker's Dracula,34.528,1992-11-13,Bram Stoker's Dracula,7.451,5025
"[12, 14, 10749, 10751]",en,Stardust,25.527,2007-08-09,Stardust,7.273,3980
"[18, 12, 10749, 10770]",en,Blue Lagoon: The Awakening,42.775,2012-06-16,Blue Lagoon: The Awakening,6.469,1397
"[28, 14, 878, 12]",en,Pacific Rim: Uprising,36.776,2018-03-21,Pacific Rim: Uprising,6.136,4874
"[18, 35, 10749]",en,Love & Other Drugs,42.77,2010-11-04,Love & Other Drugs,7.053,5062
"[16, 878, 28, 12, 10751]",en,The Transformers: The Movie,39.767,1986-08-08,The Transformers: The Movie,7.1,499
"[35, 18]",es,Mentiras y gordas,31.768,2009-03-27,"Sex, Party and Lies",4.5,138
"[10749, 35]",en,Grease,40.266,1978-07-07,Grease,7.393,7136
"[27, 53]",en,Night of the Living Dead,53.813,1968-10-04,Night of the Living Dead,7.616,2394
"[53, 80]",en,Now You See Me,43.768,2013-05-29,Now You See Me,7.341,15366
"[28, 35]",cn,少林足球,38.765,2001-07-05,Shaolin Soccer,7.1,2216
"[35, 53]",ta,தமிழ் ராக்கர்ஸ்,33.06,2021-12-31,Tamil Rockers,6.0,1
"[27, 53]",en,Halloween Ends,46.537,2022-10-12,Halloween Ends,6.118,1710
"[16, 28, 878, 18, 14]",ja,ドラゴンボールZ たったひとりの最終決戦〜フリーザに挑んだZ戦士 孫悟空の父〜,40.011,1990-10-17,Dragon Ball Z: Bardock - The Father of Goku,7.541,687
[18],sv,Tabu,38.63,1977-01-28,Tabu,5.0,4
[18],tl,F-Buddies,23.036,2024-09-03,F-Buddies,0.0,0
"[35, 18, 10749]",en,Anora,38.393,2024-10-14,Anora,0.0,0
"[16, 10751, 12]",en,The Many Adventures of Winnie the Pooh,26.258,1977-03-11,The Many Adventures of Winnie the Pooh,7.264,1012
"[12, 14, 28, 53]",en,Lara Croft: Tomb Raider,27.509,2001-06-11,Lara Croft: Tomb Raider,5.895,5995
"[14, 28, 12]",en,The Legend of Tarzan,32.756,2016-06-29,The Legend of Tarzan,5.907,6154
"[28, 53]",en,Olympus Has Fallen,37.003,2013-03-20,Olympus Has Fallen,6.404,6507
"[35, 10749]",en,But I'm a Cheerleader,23.998,2000-07-07,But I'm a Cheerleader,6.995,652
"[16, 28, 14, 10751]",zh,西游记之再世妖王,42.51,2021-04-02,The Monkey King: Reborn,7.184,318
"[10752, 18]",en,Irena's Vow,38.111,2024-04-15,Irena's Vow,6.72,25
"[28, 16, 878]",ja,ドラゴンボールZ 銀河ギリギリ!! ぶっちぎりの凄い奴,28.994,1993-07-10,Dragon Ball Z: Bojack Unbound,7.114,548
"[10749, 35]",en,Overboard,35.751,2018-04-13,Overboard,6.657,1355
"[12, 28]",en,The Adventures of Maid Marian,40.772,2022-05-09,The Adventures of Maid Marian,5.0,17
[27],es,Burga,30.765,2023-07-24,Burga,8.0,16
"[10749, 18]",tl,Foursome,35.417,2023-12-22,Foursome,4.5,4
"[18, 14, 53, 9648, 27]",en,Sleepy Hollow,37.728,1999-11-19,Sleepy Hollow,7.179,6638
"[53, 28, 18]",de,Trunk - Locked In,37.625,2023-11-24,Trunk - Locked In,6.1,78
"[12, 16, 18, 10751]",en,The Fox and the Hound,38.471,1981-07-10,The Fox and the Hound,7.144,3177
[28],en,Lionheart,37.47,1990-06-07,Lionheart,6.529,1022
"[16, 35, 18]",ja,THE FIRST SLAM DUNK,35.745,2022-12-03,The First Slam Dunk,7.826,382
"[35, 99]",en,Am I Racist?,37.713,2024-09-13,Am I Racist?,6.9,15
"[80, 27, 18, 9648, 53]",id,Vina: Sebelum 7 Hari,29.245,2024-05-08,Vina: Before 7 Days,6.3,5
"[14, 27, 35]",en,Gremlins,32.46,1984-06-08,Gremlins,7.114,6245
"[28, 53]",en,Cash Out,32.913,2024-04-26,Cash Out,5.934,61
"[27, 53]",en,Night Swim,53.277,2024-01-03,Night Swim,5.666,566
"[18, 10749]",ko,러시아 엄마,36.452,2016-07-28,Russian Mom,5.13,23
"[28, 12, 878]",en,65,40.991,2023-03-02,65,5.992,2300
"[18, 28]",en,Never Back Down: No Surrender,32.208,2016-06-05,Never Back Down: No Surrender,7.029,460
"[16, 10751]",en,Barbie in the 12 Dancing Princesses,30.953,2006-09-19,Barbie in the 12 Dancing Princesses,7.6,1162
"[14, 28, 878]",en,The Dark Tower,36.207,2017-08-03,The Dark Tower,5.735,5011
"[27, 35]",en,Trick 'r Treat,37.452,2007-12-09,Trick 'r Treat,7.0,1806
"[35, 10402, 10749]",en,Pitch Perfect,29.203,2012-09-28,Pitch Perfect,7.291,6456
[35],es,Es por su bien,48.889,2024-06-21,It’s for Your Own Good,7.18,103
"[28, 878, 53]",en,Boss Level,28.71,2021-02-19,Boss Level,6.885,1577
"[18, 10751, 10402, 10749]",en,The Sound of Music,29.446,1965-03-29,The Sound of Music,7.727,3231
"[10402, 99]",en,Encanto at the Hollywood Bowl,29.723,2022-12-28,Encanto at the Hollywood Bowl,7.1,156
"[10751, 16, 35, 14, 12, 10402]",en,Trolls World Tour,35.201,2020-03-11,Trolls World Tour,7.3,2119
"[16, 28, 14]",en,Mortal Kombat Legends: Battle of the Realms,33.703,2021-08-30,Mortal Kombat Legends: Battle of the Realms,7.623,426
"[28, 12, 878]",en,Rampage,34.443,2018-04-11,Rampage,6.46,6969
[18],en,Detachment,30.688,2011-04-24,Detachment,7.6,1638
"[9648, 27, 53]",en,House of Wax,34.185,2005-05-05,House of Wax,5.982,2966
"[53, 18, 9648]",en,Flightplan,26.435,2005-09-22,Flightplan,6.453,2579
"[14, 878, 28, 12]",en,Monster High 2,30.555,2023-10-05,Monster High 2,7.065,69
"[12, 28, 16, 35, 14]",ja,BORUTO -NARUTO THE MOVIE-,48.934,2015-08-07,Boruto: Naruto the Movie,7.551,1401
"[10749, 18]",en,The Fault in Our Stars,33.684,2014-05-16,The Fault in Our Stars,7.597,11045
"[10751, 12]",fi,Supermarsu 2,29.736,2022-10-14,Super Furball Saves the Future,6.265,51
"[18, 99]",es,Mia,52.983,2017-12-17,Mia,6.3,24
"[10749, 28, 18]",tr,Romantik Hırsız,52.023,2024-03-13,Art of Love,6.448,124
"[28, 53]",en,Homefront,33.679,2013-11-12,Homefront,6.951,3452
"[16, 14, 18, 10751, 35, 10749]",en,Red Shoes and the Seven Dwarfs,40.432,2019-07-25,Red Shoes and the Seven Dwarfs,7.723,1072
"[10749, 28, 18]",zh,金瓶雙艷,41.782,1974-01-17,The Golden Lotus,7.331,62
"[28, 53]",ta,மகாராஜா,51.131,2024-06-14,Maharaja,8.145,76
[10749],en,"God, Sex and Truth",43.397,2018-01-27,"God, Sex and Truth",6.5,24
"[12, 28, 53]",en,Mission: Impossible,43.416,1996-05-22,Mission: Impossible,6.989,8780
"[18, 10749]",en,Closer,23.66,2004-12-03,Closer,6.837,3352
"[28, 16, 878]",ja,ドラゴンボールZ 地球まるごと超決戦,32.158,1990-06-07,Dragon Ball Z: The Tree of Might,6.489,555
"[35, 27]",ja,レイプゾンビ LUST OF THE DEAD,40.16,2012-07-13,Rape Zombie: Lust of the Dead,6.434,212
"[18, 10752]",en,Megan Leavey,33.412,2017-06-09,Megan Leavey,7.277,761
"[18, 10749]",en,One Day,39.909,2011-03-02,One Day,7.432,4210
"[28, 14]",en,Mortal Kombat,22.622,1995-08-18,Mortal Kombat,5.851,2240
[],ja,ドクターZERO 精神分析医・財前零子,30.66,2017-02-12,Dr. Zero: Reiko Zaizen,0.0,0
"[80, 9648, 53, 28]",en,Midnight in the Switchgrass,22.574,2021-07-23,Midnight in the Switchgrass,5.943,415
"[36, 18]",en,Ferrari,30.96,2023-12-14,Ferrari,6.474,907
"[16, 10751]",en,Dumbo,48.894,1941-10-31,Dumbo,7.006,4892
"[12, 35, 14, 10751, 18]",en,A Dog's Purpose,33.899,2017-01-19,A Dog's Purpose,7.634,3278
[35],en,Are You Here,22.563,2013-09-07,Are You Here,5.146,263
"[53, 80, 18]",en,The Night Clerk,32.15,2020-02-19,The Night Clerk,6.251,764
"[28, 18, 10749]",en,Inferno,32.891,1999-09-25,Inferno,6.115,308
"[18, 10749]",en,Fireproof,42.389,2008-09-26,Fireproof,7.647,734
"[12, 35, 14]",en,Monty Python and the Holy Grail,22.547,1975-03-14,Monty Python and the Holy Grail,7.801,5714
"[28, 16, 878]",ja,ドラゴンボールZ この世で一番強いヤツ,27.637,1990-03-10,Dragon Ball Z: The World's Strongest,6.519,482
"[10770, 18]",en,Something the Lord Made,24.138,2004-05-30,Something the Lord Made,7.699,229
"[16, 10751, 35]",en,Mickey's Magical Christmas: Snowed in at the House of Mouse,22.546,2001-11-06,Mickey's Magical Christmas: Snowed in at the House of Mouse,6.935,260
"[28, 80, 53, 18]",nl,Penoza: The Final Chapter,33.145,2019-11-28,Penoza: The Final Chapter,6.68,133
"[28, 53, 12]",fr,KALI: L'ange de la Vengeance,35.045,2024-05-31,Kali: Avenging Angel,7.095,110
[18],da,Jagten,24.387,2012-06-13,The Hunt,8.101,4113
"[28, 53, 18]",en,Hitman,28.383,2007-11-21,Hitman,6.126,3265
"[10751, 12, 35, 14, 16]",en,Clifford the Big Red Dog,32.397,2021-11-10,Clifford the Big Red Dog,7.185,1716
"[53, 18, 9648]",en,Mulholland Drive,30.626,2001-06-06,Mulholland Drive,7.8,6111
"[28, 35, 10751, 12]",en,Spy Kids,44.626,2001-03-18,Spy Kids,5.798,3385
"[80, 53]",en,Reservoir Dogs,37.124,1992-09-02,Reservoir Dogs,8.124,14152
"[35, 28]",en,Violent Night,38.652,2022-11-30,Violent Night,7.3,2062
[35],es,No Manches Frida,33.375,2016-09-02,No Manches Frida,7.689,863
"[27, 878, 53]",en,The Mist,35.871,2007-11-21,The Mist,6.927,5118
"[14, 18, 9648]",en,Donnie Darko,32.868,2001-01-19,Donnie Darko,7.8,12290
"[27, 53]",en,Curve,28.62,2015-08-31,Curve,5.775,460
"[18, 10749, 53, 27]",ja,花と蛇 3,34.397,2010-08-28,Flower & Snake 3,6.1,26
"[53, 14, 35, 10751, 9648]",en,The Haunted Mansion,48.864,2003-11-26,The Haunted Mansion,5.667,1990
"[53, 14, 35, 10751, 9648]",en,The Haunted Mansion,48.864,2003-11-26,The Haunted Mansion,5.667,1990
"[16, 10751, 12, 35]",en,Bolt,37.362,2008-11-21,Bolt,6.514,5957
[18],en,Freud's Last Session,38.338,2023-12-22,Freud's Last Session,6.5,72
"[28, 53, 80]",en,Ava,52.353,2020-07-02,Ava,5.832,2542
"[14, 10749]",fr,La Belle et la Bête,34.858,2014-02-12,Beauty and the Beast,6.165,2003
"[16, 28, 14, 12]",en,Mortal Kombat Legends: Cage Match,38.156,2023-10-17,Mortal Kombat Legends: Cage Match,6.748,103
"[28, 53, 18]",en,Greenland,38.112,2020-07-29,Greenland,7.137,4455
"[27, 53]",en,You'll Never Find Me,31.441,2024-03-07,You'll Never Find Me,6.12,104
"[18, 10751]",en,Lucy Shimmers and the Prince of Peace,33.358,2020-10-19,Lucy Shimmers and the Prince of Peace,8.414,257
"[53, 10749, 878]",ja,不都合な記憶,38.176,2024-09-26,Previously Saved Version,5.0,1
"[28, 12, 35, 878]",en,Men in Black,30.842,1997-07-02,Men in Black,7.2,13612
"[18, 28, 878]",zh,明日戰記,31.611,2022-08-05,Warriors of Future,7.031,402
"[12, 27, 53]",en,Anaconda,36.584,1997-04-11,Anaconda,5.202,2446
[35],de,Zum zweiten Frühstück: Heiße Liebe,52.115,1972-01-28,Lonely Wives,3.192,13
"[28, 12, 80, 53]",en,Hard Target,30.082,1993-04-27,Hard Target,6.402,1173
"[878, 12, 53]",en,Mission to Mars,22.321,2000-03-10,Mission to Mars,5.985,1402
"[35, 10749]",en,27 Dresses,33.082,2008-01-10,27 Dresses,6.411,3067
[18],en,Palmer,30.841,2021-01-28,Palmer,8.134,1575
"[35, 18]",en,Buffaloed,33.086,2020-02-14,Buffaloed,6.706,228
"[10751, 16, 35, 878, 12, 14]",en,Space Jam,27.575,1996-11-15,Space Jam,6.825,5936
"[27, 53]",en,Gerald's Game,36.331,2017-09-29,Gerald's Game,6.397,3596
"[53, 80, 28]",en,Wild Card,35.459,2015-01-14,Wild Card,5.672,1751
"[35, 18]",en,Young Adult,23.077,2011-11-11,Young Adult,5.79,1224
"[18, 10749]",ko,정사,37.674,2014-10-30,Love Affair,5.9,20
"[10751, 12, 16, 35, 14]",en,The Road to El Dorado,41.57,2000-03-31,The Road to El Dorado,7.256,3690
[18],tl,Kaskasero,34.388,2024-07-26,Kaskasero,6.0,1
"[18, 28]",en,Never Back Down,39.068,2008-03-04,Never Back Down,6.759,2270
"[12, 35, 14]",en,Jumanji: Welcome to the Jungle,32.6,2017-12-09,Jumanji: Welcome to the Jungle,6.826,13476
"[10751, 12, 18]",en,A Dog's Journey,39.074,2019-05-03,A Dog's Journey,8.1,1481
"[28, 12, 878]",en,Fantastic Four,29.564,2015-08-05,Fantastic Four,4.418,5916
"[35, 12, 10751]",en,Paddington,35.813,2014-11-24,Paddington,7.09,3639
"[27, 53]",en,Saw VI,27.06,2009-10-22,Saw VI,6.291,3154
"[18, 36]",en,Green Book,38.564,2018-11-16,Green Book,8.2,11454
"[16, 18, 10751]",en,Bambi,32.806,1942-02-11,Bambi,7.016,5570
"[28, 53, 27]",en,The Crow: Salvation,31.555,2000-01-23,The Crow: Salvation,5.567,336
[35],en,Let's Be Cops,31.225,2014-08-13,Let's Be Cops,6.5,2739
"[35, 27]",en,Renfield,24.334,2023-04-07,Renfield,6.5,1556
[35],en,Tim Dillon: This Is Your Country,36.984,2024-09-30,Tim Dillon: This Is Your Country,4.0,1
"[35, 80, 53]",en,Birthday Girl,22.189,2001-09-06,Birthday Girl,5.9,391
"[12, 27]",zh,狂蟒之灾,35.097,2024-03-01,Anaconda,7.0,58
"[12, 18, 28, 10749, 10751]",en,The Karate Kid Part II,34.794,1986-06-18,The Karate Kid Part II,6.284,2147
"[27, 53]",en,Insidious,43.294,2011-03-31,Insidious,6.945,6697
"[878, 12, 18, 28]",en,Planet of the Apes,38.042,1968-02-07,Planet of the Apes,7.651,3490
"[53, 878, 28, 12]",en,Planet of the Apes,41.791,2001-07-25,Planet of the Apes,5.757,4009
"[35, 27]",en,A Haunted House,43.043,2013-01-11,A Haunted House,5.932,1866
[18],en,Janet Planet,24.461,2024-06-21,Janet Planet,6.2,16
"[35, 10749]",en,Coming to America,37.288,1988-06-29,Coming to America,6.881,4287
"[18, 10749]",en,A Beautiful Mind,34.036,2001-12-14,A Beautiful Mind,7.858,10078
"[16, 10751, 35]",en,Cloudy with a Chance of Meatballs 2,34.034,2013-09-26,Cloudy with a Chance of Meatballs 2,6.44,3138
"[18, 9648, 53]",es,Contratiempo,32.787,2017-01-06,The Invisible Guest,8.115,4480
"[12, 14, 28, 10751]",en,Mulan,38.791,2020-09-04,Mulan,6.876,6582
"[16, 35, 10751, 878]",en,Robots,34.778,2005-03-10,Robots,6.453,4486
"[18, 35]",en,A Good Person,28.561,2023-03-23,A Good Person,7.072,328
[35],en,Norbit,36.528,2007-02-08,Norbit,5.667,2349
[18],es,Cicatrices,38.525,2005-09-16,Scars,7.461,114
"[27, 28, 12, 53]",en,In Tenebras: Into the Darkness,33.469,2024-10-01,In Tenebras: Into the Darkness,0.0,0
"[12, 878]",en,The Adam Project,33.791,2022-03-11,The Adam Project,7.039,4259
"[27, 9648]",en,Paranormal Activity,32.522,2007-09-14,Paranormal Activity,6.001,4948
"[28, 35, 80]",en,21 Jump Street,31.514,2012-03-14,21 Jump Street,6.883,10163
"[18, 36, 10752]",en,Lee,32.675,2024-09-12,Lee,6.6,14
"[28, 18, 80]",en,Payback,36.642,1999-02-05,Payback,6.838,1770
"[12, 28, 53, 878]",en,G.I. Joe: The Rise of Cobra,36.612,2009-08-03,G.I. Joe: The Rise of Cobra,5.775,4549
"[28, 80, 18]",en,Training Day,36.606,2001-10-05,Training Day,7.5,5807
"[16, 53]",ja,PERFECT BLUE,36.573,1998-02-28,Perfect Blue,8.311,2605
"[16, 10751, 14]",en,The Tiger's Apprentice,36.566,2024-04-04,The Tiger's Apprentice,6.859,32
"[14, 18, 53, 9648, 10749]",en,Ghost,36.558,1990-07-13,Ghost,7.216,5469
"[10749, 35, 10402]",en,Dinner in America,36.542,2022-05-27,Dinner in America,7.56,75
"[28, 35, 53]",en,Machete,36.533,2010-09-01,Machete,6.338,3238
"[28, 53]",en,Jason Bourne,36.523,2016-07-27,Jason Bourne,6.353,5640
"[878, 12, 28]",en,Fantastic Four: Rise of the Silver Surfer,36.514,2007-06-13,Fantastic Four: Rise of the Silver Surfer,5.607,7740
"[27, 35]",en,Fright Night 2: New Blood,36.506,2013-08-31,Fright Night 2: New Blood,4.871,282
"[12, 18, 37]",en,Dances with Wolves,36.5,1990-03-30,Dances with Wolves,7.8,4169
"[27, 53, 28, 9648, 80, 18]",en,Hounded,36.49,2022-10-21,Hounded,5.388,40
"[35, 18, 10749]",en,Anora,36.475,2024-10-14,Anora,0.0,0
"[53, 9648, 878]",en,Limitless,36.46,2011-03-17,Limitless,7.193,10496
"[10751, 16, 12]",en,Balto,36.452,1995-12-22,Balto,7.3,2010
"[18, 80]",zh,孤注一掷,36.431,2023-08-05,No More Bets,7.2,37
"[10749, 18, 14]",en,All of Us Strangers,36.42,2023-12-22,All of Us Strangers,7.478,633
"[18, 80, 36, 10749]",en,Skin,36.415,2019-07-26,Skin,7.0,396
"[35, 80]",en,Police Academy,36.408,1984-03-22,Police Academy,6.684,2610
"[35, 80]",en,Police Academy,26.961,1984-03-22,Police Academy,6.684,2610
"[12, 28, 878]",en,Star Wars: Episode II - Attack of the Clones,26.223,2002-05-15,Star Wars: Episode II - Attack of the Clones,6.567,13094
"[18, 10402, 36]",en,Straight Outta Compton,42.715,2015-08-11,Straight Outta Compton,7.788,3832
"[12, 16, 35, 10751]",en,Finding Dory,43.569,2016-06-16,Finding Dory,7.041,11924
"[27, 9648, 53]",en,The Others,30.206,2001-08-02,The Others,7.615,6408
"[12, 18, 10751]",en,Bridge to Terabithia,44.454,2007-02-15,Bridge to Terabithia,7.313,4715
"[18, 10749]",en,The Great Gatsby,25.455,2013-05-09,The Great Gatsby,7.366,12103
"[18, 36]",it,Caligola,36.7,1979-08-14,Caligula,6.002,826
"[28, 80, 9648]",cn,無雙,50.848,2018-09-30,Project Gutenberg,6.995,103
"[12, 28, 878]",en,Star Wars: Episode III - Revenge of the Sith,31.814,2005-05-17,Star Wars: Episode III - Revenge of the Sith,7.4,13570
"[18, 53]",en,The Wasp,50.837,2024-08-29,The Wasp,6.0,11
"[12, 28, 37]",en,The Magnificent Seven,38.201,2016-09-14,The Magnificent Seven,6.447,5838
"[10770, 10749]",en,The Real West,22.189,2024-09-28,The Real West,8.5,2
"[35, 878, 18]",en,Don't Look Up,27.961,2021-12-08,Don't Look Up,7.092,8104
"[18, 35]",zh,爆款好人,35.899,2024-10-01,The Hutong Cowboy,0.0,0
"[18, 28]",en,Only the Brave,32.448,2017-09-22,Only the Brave,7.417,1558
"[53, 9648, 18]",it,Svaniti nella notte,50.774,2024-07-10,Vanished into the Night,5.46,124
"[10749, 18]",en,Waves,50.753,2019-11-15,Waves,7.4,667
"[12, 35, 10751]",en,Major Payne,24.437,1995-03-24,Major Payne,6.368,774
"[10752, 28, 18]",en,Greyhound,36.197,2020-07-09,Greyhound,7.413,2846
"[28, 53]",en,The Gray Man,36.952,2022-07-13,The Gray Man,6.963,3558
"[35, 12, 10751, 80, 18]",en,Baby's Day Out,36.928,1994-07-01,Baby's Day Out,6.358,1307
"[10749, 18, 35]",en,Beautiful Disaster,39.461,2023-04-04,Beautiful Disaster,6.693,743
"[16, 878, 28, 18]",ja,機動戦士ガンダムSEED FREEDOM,39.913,2024-01-26,Mobile Suit Gundam SEED FREEDOM,6.8,47
"[878, 28, 27]",en,Species II,32.675,1998-04-10,Species II,5.149,693
"[9648, 53, 80]",en,A Haunting in Venice,30.723,2023-09-13,A Haunting in Venice,6.655,2197
"[28, 12, 53]",en,The Expendables 2,33.175,2012-08-08,The Expendables 2,6.346,6644
"[16, 12, 10751, 14, 35, 28]",en,The Croods,36.675,2013-03-15,The Croods,6.92,6986
"[18, 36]",en,Rob Peace,33.825,2024-08-02,Rob Peace,5.3,11
"[28, 53, 27]",en,Hunt Club,40.282,2023-04-06,Hunt Club,4.639,36
"[12, 14]",en,The Golden Compass,32.668,2007-12-04,The Golden Compass,6.069,4461
"[18, 878, 12]",en,A.I. Artificial Intelligence,29.166,2001-06-29,A.I. Artificial Intelligence,7.044,6065
"[28, 53, 878]",en,Death Race,32.667,2008-08-22,Death Race,6.27,3699
"[28, 878, 18]",ko,Snowpiercer,40.667,2013-08-01,Snowpiercer,6.906,9415
"[10749, 35]",en,What Happens Later,30.452,2023-11-02,What Happens Later,5.0,41
"[53, 27, 80]",en,Strange Darling,50.519,2024-08-22,Strange Darling,7.115,39
"[28, 9648, 878, 53]",en,Knowing,48.914,2009-03-19,Knowing,6.216,5242
"[27, 53]",en,Leatherface: The Texas Chainsaw Massacre III,23.911,1990-01-12,Leatherface: The Texas Chainsaw Massacre III,5.3,537
"[28, 35, 80]",en,Masterminds,21.637,2016-09-29,Masterminds,5.737,1709
"[10751, 16, 10749, 14]",en,Cinderella II: Dreams Come True,41.41,2002-02-23,Cinderella II: Dreams Come True,6.106,1422
"[27, 53]",en,Leatherface: The Texas Chainsaw Massacre III,23.911,1990-01-12,Leatherface: The Texas Chainsaw Massacre III,5.3,537
"[28, 35, 80]",en,Masterminds,21.637,2016-09-29,Masterminds,5.737,1709
"[10751, 16, 10749, 14]",en,Cinderella II: Dreams Come True,41.41,2002-02-23,Cinderella II: Dreams Come True,6.106,1422
"[12, 16, 35, 10751]",en,Puss in Boots: The Three Diablos,36.911,2012-02-07,Puss in Boots: The Three Diablos,6.532,469
[18],en,One Flew Over the Cuckoo's Nest,37.658,1975-11-19,One Flew Over the Cuckoo's Nest,8.416,10331
"[18, 35, 10749]",en,Sometimes I Think About Dying,23.211,2024-01-10,Sometimes I Think About Dying,6.523,66
"[27, 53]",en,Clown,25.91,2014-11-13,Clown,5.769,1336
[16],ja,劇場版総集編 呪術廻戦 懐玉・玉折,35.655,,Jujutsu Kaisen Hidden Inventory / Premature Death Arc Compilation Movie,0.0,0
"[9648, 53, 80, 27]",da,Englemageren,26.462,2023-06-08,The Angel Maker,5.412,34
[18],es,La invención de la carne,50.396,2009-01-01,The Invention of Flesh,4.2,4
"[18, 10752]",es,Voces inocentes,21.595,2005-01-28,Innocent Voices,8.152,474
[27],zh,咒,33.917,2022-03-18,Incantation,6.822,633
"[10751, 12, 9648]",en,Thabo - Das Nashornabenteuer,35.556,2023-11-09,Thabo and the Rhino Case,6.2,20
"[14, 28, 27]",en,Underworld: Awakening,27.964,2012-01-19,Underworld: Awakening,6.318,4011
[18],en,Adore,30.649,2013-04-03,Adore,6.117,951
[27],en,Oculus,34.398,2013-09-08,Oculus,6.459,2894
"[27, 878, 53, 9648]",en,Brightburn,50.323,2019-05-09,Brightburn,6.134,3096
"[18, 10749]",it,Nuovo Cinema Paradiso,27.891,1988-11-17,Cinema Paradiso,8.449,4323
"[12, 35, 878]",en,Back to the Future Part II,28.23,1989-11-22,Back to the Future Part II,7.764,12620
"[35, 10749]",en,Mamma Mia!,33.142,2008-07-03,Mamma Mia!,6.979,6429
"[27, 9648, 53]",th,ชัตเตอร์ กดติดวิญญาณ,44.887,2004-09-09,Shutter,7.293,1198
[35],en,The Dictator,28.632,2012-05-15,The Dictator,6.193,5785
"[14, 28, 53]",en,Underworld,34.11,2003-09-19,Underworld,6.829,6038
"[35, 18, 10749]",en,The Lobster,30.882,2015-10-15,The Lobster,7.051,6125
"[12, 14]",no,Askeladden - I Dovregubbens hall,38.627,2017-09-29,The Ash Lad: In the Hall of the Mountain King,6.813,352
"[12, 878, 28, 9648]",en,Allegiant,29.373,2016-03-09,Allegiant,6.101,6545
"[16, 28, 878, 12]",en,Justice League: Warworld,45.66,2023-07-25,Justice League: Warworld,7.027,244
"[28, 16, 878]",ja,ドラゴンボールZ 激突!!100億パワーの戦士たち,29.865,1992-03-07,Dragon Ball Z: The Return of Cooler,6.438,971
"[28, 80, 27]",en,Army of the Dead,33.125,2021-05-14,Army of the Dead,6.239,3950
"[18, 9648, 37]",en,The Hateful Eight,26.115,2015-12-25,The Hateful Eight,7.8,14045
"[35, 10751, 10749]",en,A Cinderella Story,32.108,2004-07-16,A Cinderella Story,6.559,3168
[35],en,Celebrity Sex Tape,37.119,2012-02-02,Celebrity Sex Tape,4.4,67
"[12, 18, 36]",en,The Count of Monte Cristo,38.606,2002-01-23,The Count of Monte Cristo,7.666,1746
"[28, 80]",en,The Italian Job,34.104,2003-05-30,The Italian Job,6.773,5447
"[12, 16, 35, 10751]",en,Fantastic Mr. Fox,35.104,2009-10-23,Fantastic Mr. Fox,7.807,5346
"[12, 10751, 878]",en,Space Pups,32.817,2023-07-27,Space Pups,7.679,14
[35],fr,3 jours max,33.909,2023-10-25,3 Days Max,5.348,162
"[35, 18]",en,Big Daddy,29.347,1999-06-25,Big Daddy,6.476,3206
"[28, 35, 80, 14]",cn,功夫,34.593,2004-02-10,Kung Fu Hustle,7.449,2747
"[80, 18, 53]",zh,周處除三害,49.854,2023-10-06,"The Pig, the Snake and the Pigeon",7.251,185
"[80, 18, 53]",en,Cop Land,34.342,1997-08-15,Cop Land,6.778,1551
"[28, 878, 12, 9648]",en,Oblivion,31.843,2013-04-10,Oblivion,6.6,10550
"[28, 14, 878]",en,Fantastic Four,35.34,2005-06-29,Fantastic Four,5.786,9203
"[18, 35]",en,This Is Where I Leave You,35.592,2014-09-10,This Is Where I Leave You,6.593,1308
"[28, 10749, 80]",cn,墮落天使,27.086,1995-09-06,Fallen Angels,7.7,1017
[18],en,Facing the Giants,29.088,2006-09-29,Facing the Giants,7.534,431
"[18, 80, 9648]",en,Woman of the Hour,49.797,2024-10-03,Woman of the Hour,0.0,0
"[27, 35]",ja,レイプゾンビ2 LUST OF THE DEAD アキバ帝国の逆襲,32.697,2013-03-23,Rape Zombie: Lust of the Dead 2,6.489,87
"[35, 18, 10751, 14, 10770]",en,Twitches,21.331,2005-10-14,Twitches,6.734,497
"[9648, 18, 80]",en,Murder on the Orient Express,39.088,2017-11-03,Murder on the Orient Express,6.709,9820
[27],en,The Texas Chainsaw Massacre: The Beginning,36.084,2006-10-05,The Texas Chainsaw Massacre: The Beginning,6.128,1740
"[10752, 53]",en,Mine,25.587,2016-10-06,Mine,6.593,1280
"[28, 35]",es,Jaque Mate,35.048,2024-01-25,Jaque Mate,5.0,13
"[35, 27, 53]",en,The Menu,30.854,2022-11-17,The Menu,7.184,4768
"[27, 9648]",en,Final Destination 3,34.077,2006-02-09,Final Destination 3,6.106,3800
"[28, 12, 35, 10751, 14]",en,Night at the Museum,30.576,2006-12-20,Night at the Museum,6.582,10092
"[18, 35]",en,The Longest Yard,30.324,2005-05-27,The Longest Yard,6.651,3318
"[10751, 14, 10770, 12]",en,Descendants 2,38.578,2017-07-21,Descendants 2,7.363,1636
"[12, 35, 878]",en,Paul,32.075,2011-02-14,Paul,6.724,5668
"[27, 9648]",en,Final Destination 5,38.073,2011-08-12,Final Destination 5,6.099,3352
"[27, 9648]",en,Final Destination 5,38.073,2011-08-12,Final Destination 5,6.099,3352
"[35, 10749]",en,Wedding Daze,21.32,2006-09-09,Wedding Daze,5.542,345
"[28, 12]",en,The Mask of Zorro,25.819,1998-07-16,The Mask of Zorro,6.573,3943
"[35, 18]",en,My Old Ass,32.855,2024-09-13,My Old Ass,6.75,8
"[53, 10749]",en,Never Talk to Strangers,26.314,1995-10-20,Never Talk to Strangers,5.216,168
"[18, 36]",en,Coach Carter,36.564,2005-01-14,Coach Carter,7.587,2907
"[9648, 53]",en,Force of Nature: The Dry 2,27.396,2024-02-08,Force of Nature: The Dry 2,6.644,108
"[28, 80, 27]",it,Blade Violent - I violenti,29.517,1983-05-06,Women's Prison Massacre,4.57,57
"[10751, 35, 16]",en,Over the Hedge,34.058,2006-05-17,Over the Hedge,6.561,4400
"[16, 14, 28]",ja,ROAD TO NINJA -NARUTO THE MOVIE-,38.059,2012-07-28,Road to Ninja: Naruto the Movie,7.568,995
"[53, 80, 9648, 18]",en,Kiss the Girls,32.806,1997-09-29,Kiss the Girls,6.529,1567
[35],en,Horrible Bosses 2,21.217,2014-11-12,Horrible Bosses 2,6.2,4078
"[14, 35, 12, 18]",en,The School for Good and Evil,49.498,2022-10-19,The School for Good and Evil,7.06,1208
"[18, 10749]",ja,揺れる電車の中で　女教師の淫らなアルバイト,49.482,2009-09-25,Tokyo Train Girls: Private Lessons,5.0,5
"[53, 27]",en,Don't Breathe 2,33.067,2021-08-12,Don't Breathe 2,7.072,2518
[18],ru,Непослушная,35.823,2023-02-14,Naughty,5.258,33
"[37, 28]",en,Tombstone,31.799,1993-12-25,Tombstone,7.6,2075
"[18, 10749]",en,The Longest Ride,26.303,2015-04-09,The Longest Ride,7.615,3092
"[27, 53]",en,I Spit on Your Grave III: Vengeance Is Mine,34.052,2015-10-01,I Spit on Your Grave III: Vengeance Is Mine,5.748,925
"[27, 14, 18, 9648, 53]",en,Wild Eyed and Wicked,36.452,2024-06-11,Wild Eyed and Wicked,5.063,16
"[27, 53]",en,Us,35.3,2019-03-14,Us,6.971,7239
[35],de,Hammerharte Jungs,35.298,2023-05-24,Hard Feelings,5.799,142
"[16, 10751]",en,Home on the Range,35.243,2004-04-02,Home on the Range,6.056,2007
"[28, 35, 80, 53]",en,Hitman's Wife's Bodyguard,35.218,2021-06-14,Hitman's Wife's Bodyguard,6.686,2234
"[12, 16, 10751, 35]",en,Ice Age: Collision Course,35.214,2016-06-23,Ice Age: Collision Course,6.098,4483
"[35, 80, 18]",en,War Dogs,35.204,2016-08-18,War Dogs,6.921,4833
"[28, 14, 27]",en,Abraham Lincoln: Vampire Hunter,35.196,2012-06-20,Abraham Lincoln: Vampire Hunter,5.734,3287
[18],en,Breakthrough,35.192,2019-04-10,Breakthrough,7.63,1051
"[28, 878, 12]",en,G.I. Joe: Retaliation,35.173,2013-03-27,G.I. Joe: Retaliation,5.624,5411
"[35, 10749]",en,Space Cadet,35.161,2024-07-04,Space Cadet,5.413,200
"[28, 9648, 53, 27]",en,The Flood,35.158,2023-07-14,The Flood,6.429,252
"[27, 53]",en,Halloween H20: 20 Years Later,35.111,1998-08-05,Halloween H20: 20 Years Later,6.033,1600
"[27, 9648]",en,Scream 2,35.109,1997-12-12,Scream 2,6.494,4078
"[35, 10749]",en,Wedding Crashers,35.08,2005-07-13,Wedding Crashers,6.485,4286
"[28, 12, 878]",en,Independence Day: Resurgence,35.066,2016-06-22,Independence Day: Resurgence,5.326,5978
"[16, 878, 80, 9648, 10752]",ja,コードギアス 復活のルルーシュ,35.06,2019-02-09,Code Geass: Lelouch of the Re;Surrection,7.4,95
"[10751, 14, 35, 12, 16]",en,Stuart Little,35.014,1999-12-17,Stuart Little,6.066,4314
"[18, 36]",en,The Apprentice,35.01,2024-10-09,The Apprentice,0.0,0
"[16, 10751, 12, 878]",en,Atlantis: The Lost Empire,34.964,2001-06-02,Atlantis: The Lost Empire,7.017,4674
"[27, 10749]",en,Crimson Peak,34.934,2015-10-13,Crimson Peak,6.652,4883
"[27, 10749]",en,Crimson Peak,21.995,2015-10-13,Crimson Peak,6.652,4883
[10749],ko,아들의 여친 아빠의 여친,35.282,2020-11-13,"Son's Girlfriend, Daddy's Girlfriend",5.5,1
"[27, 14]",en,Pet Sematary: Bloodlines,31.789,2023-09-23,Pet Sematary: Bloodlines,5.724,335
[35],fr,Un p'tit truc en plus,28.854,2024-04-18,A Little Something Extra,7.457,397
"[35, 10749]",en,My Big Fat Greek Wedding 3,40.036,2023-09-07,My Big Fat Greek Wedding 3,6.076,151
"[878, 28, 12]",en,Superman Returns,34.736,2006-06-28,Superman Returns,5.8,4128
"[18, 10749]",ko,친구엄마,22.729,2015-11-12,Buddy's Mom,5.0,8
"[12, 35, 18, 14]",en,The Secret Life of Walter Mitty,41.986,2013-12-18,The Secret Life of Walter Mitty,7.186,7489
"[28, 12, 14]",en,The Last Airbender,31.731,2010-06-30,The Last Airbender,4.654,3918
"[28, 80, 18, 9648, 878, 53]",id,24 Jam Bersama Gaspar,48.804,2023-10-06,24 Hours with Gaspar,6.75,72
"[35, 878, 12]",en,Idiocracy,33.23,2006-09-01,Idiocracy,6.343,2930
"[10749, 35]",ar,شهر زي العسل,47.113,2024-04-29,Honeymoonish,6.761,67
[35],en,The Animal,41.725,2001-06-01,The Animal,5.116,1223
"[28, 878]",en,Battle for the Planet of the Apes,38.472,1973-06-15,Battle for the Planet of the Apes,5.717,915
"[16, 12, 35, 10751]",en,Gracie & Pedro: Pets to the Rescue,48.726,2024-05-01,Gracie & Pedro: Pets to the Rescue,4.0,2
"[27, 53, 18]",en,Bird Box,26.978,2018-12-13,Bird Box,6.839,9818
"[28, 14, 53]",en,Sucker Punch,24.972,2011-03-24,Sucker Punch,6.201,4652
"[27, 18, 53, 9648]",en,The Gift,20.878,2000-03-16,The Gift,6.4,1170
"[53, 27]",en,Hidden,31.474,2015-09-15,Hidden,6.882,981
"[27, 53, 14]",en,Wish Upon,33.972,2017-07-07,Wish Upon,5.676,1344
"[35, 18]",en,The Professor,34.756,2018-05-17,The Professor,6.881,1123
"[878, 28]",en,Battle: Los Angeles,34.741,2011-03-08,Battle: Los Angeles,5.781,3368
"[18, 36, 10752]",en,Hotel Rwanda,34.731,2004-12-22,Hotel Rwanda,7.719,2807
"[878, 18]",en,Bicentennial Man,34.724,1999-12-17,Bicentennial Man,7.3,3573
"[28, 35, 878]",en,Men in Black II,34.724,2002-07-03,Men in Black II,6.371,9801
"[16, 18, 14]",ja,きみの声をとどけたい,34.699,2017-08-25,Your Voice -KIMIKOE-,6.3,24
[18],tl,Tahong,34.678,2024-10-04,Tahong,0.0,0
"[28, 80, 18]",te,సలార్: పార్ట్‌ 1 – సీజ్‌ఫైర్‌,34.672,2023-12-21,Salaar: Part 1 - Ceasefire,6.8,70
[18],zh,清宫性史1之无能皇帝,34.668,2002-01-01,清宫性史1之无能皇帝,6.0,1
"[28, 12, 14]",ja,るろうに剣心　伝説の最期編,34.647,2014-09-13,Rurouni Kenshin Part III: The Legend Ends,7.715,480
"[18, 10749]",en,Cruel Intentions,34.615,1999-03-05,Cruel Intentions,6.802,3214
"[35, 10749]",en,Addicted to Love,34.602,1997-05-23,Addicted to Love,6.1,408
"[28, 80, 53]",en,The Transporter,34.599,2002-10-02,The Transporter,6.711,5252
[27],en,Hostel,34.596,2005-09-17,Hostel,5.962,3551
"[28, 10752]",en,Boudica,34.587,2023-10-26,Boudica,5.8,136
"[12, 18, 28]",en,King Kong,34.568,2005-12-12,King Kong,6.889,7786
"[16, 10751, 14]",en,Casper's Haunted Christmas,34.56,2000-10-31,Casper's Haunted Christmas,5.374,182
"[27, 80]",en,Saw 3D,34.548,2010-10-22,Saw 3D,6.002,2967
"[53, 28, 12, 878]",en,Battleship,34.534,2012-04-11,Battleship,5.855,5439
"[28, 12, 878]",ko,감기,34.531,2013-08-14,The Flu,7.531,1160
"[28, 12, 878]",ko,감기,30.183,2013-08-14,The Flu,7.531,1160
"[28, 35]",en,This Is the End,26.682,2013-06-12,This Is the End,6.224,6270
"[16, 10751, 10749]",en,Barbie and the Magic of Pegasus,30.929,2005-10-04,Barbie and the Magic of Pegasus,7.2,701
"[80, 18, 53]",en,El Camino: A Breaking Bad Movie,29.936,2019-10-11,El Camino: A Breaking Bad Movie,6.959,4827
"[28, 53]",en,In the Land of Saints and Sinners,48.308,2023-10-06,In the Land of Saints and Sinners,6.586,339
"[28, 53, 35]",hi,Bhaiaji Superhitt,48.306,2018-11-23,Bhaiaji Superhitt,4.0,4
"[28, 878, 53]",en,Geostorm,33.928,2017-10-12,Geostorm,6.122,4732
[27],en,The Curse of La Llorona,35.93,2019-04-17,The Curse of La Llorona,5.684,2392
"[35, 18]",en,That's My Boy,35.422,2012-06-14,That's My Boy,5.81,1921
"[35, 18, 14]",en,Click,29.17,2006-06-23,Click,6.286,6950
"[28, 14, 12]",en,Monster Hunter,31.931,2020-12-03,Monster Hunter,6.591,3252
"[10751, 18]",en,Miracles from Heaven,29.921,2016-03-17,Miracles from Heaven,7.441,1175
[35],en,Half Baked: Totally High,40.563,2024-07-03,Half Baked: Totally High,7.333,6
"[53, 9648, 27]",en,Old,32.43,2021-07-21,Old,6.34,4353
"[16, 14, 12, 28]",ja,七つの大罪 怨嗟のエジンバラ 前編,36.443,2022-12-20,The Seven Deadly Sins: Grudge of Edinburgh Part 1,7.79,248
"[53, 28, 12, 35, 80]",en,The A-Team,27.415,2010-06-09,The A-Team,6.398,4557
"[18, 10749]",it,Vizio e provocazione,23.39,1995-12-15,Provocation,6.0,16
"[12, 28, 16]",en,Beowulf,24.911,2007-11-05,Beowulf,5.897,2781
"[35, 18, 10751]",en,Annie,35.658,1982-05-21,Annie,6.52,688
[53],en,The Good Mother,25.964,2023-08-31,The Good Mother,4.6,42
"[27, 53]",en,Child's Play 3,34.36,1991-08-30,Child's Play 3,5.887,1558
"[27, 53]",en,Winnie the Pooh: Blood and Honey,34.326,2023-01-26,Winnie the Pooh: Blood and Honey,5.067,1319
"[14, 28]",en,Hancock,34.315,2008-07-01,Hancock,6.349,9463
"[80, 35, 12]",en,Ace Ventura: When Nature Calls,34.313,1995-11-10,Ace Ventura: When Nature Calls,6.318,4087
"[27, 53]",en,Natty Knocks,34.308,2023-07-21,Natty Knocks,5.19,21
"[12, 14, 35, 10751]",en,Hook,34.293,1991-04-10,Hook,6.837,5219
"[35, 18]",pt,Vidente Por Acidente,34.288,2024-04-18,The Job Whisperer,3.0,1
"[27, 53]",en,Friday the 13th Part VI: Jason Lives,34.273,1986-08-01,Friday the 13th Part VI: Jason Lives,6.206,1143
"[27, 53]",en,Pet Sematary,34.233,2019-04-04,Pet Sematary,5.738,3169
"[16, 12, 28, 10751, 14]",en,The Sea Beast,34.229,2022-06-24,The Sea Beast,7.359,1435
"[27, 53]",ja,堕靡泥の星　美少女狩り,34.208,1979-10-27,Star of David: Beauty Hunting,6.3,44
"[10751, 14, 16]",en,Monster High: 13 Wishes,34.196,2013-10-08,Monster High: 13 Wishes,7.574,156
"[28, 10752, 18]",ru,Время патриотов,34.178,2022-04-28,Patriots Time,7.812,117
[18],es,Radical,34.173,2023-10-19,Radical,8.4,406
"[35, 10751, 12, 14, 10749]",en,Herbie Fully Loaded,34.169,2005-06-22,Herbie Fully Loaded,5.777,2244
[18],es,La noche que luché contra Dios,34.158,2024-04-04,The Night I Fought Against God,6.889,9
"[28, 80, 53]",en,Raw Deal,34.157,1986-06-06,Raw Deal,5.812,769
"[28, 12, 14, 16]",ja,七つの大罪 怨嗟のエジンバラ 後編,34.141,2023-08-08,The Seven Deadly Sins: Grudge of Edinburgh Part 2,7.122,192
"[28, 12, 53]",en,Cliffhanger,34.132,1993-05-28,Cliffhanger,6.497,2336
"[28, 16, 14]",ja,聖闘士星矢 真紅の少年伝説,34.12,1988-07-23,Saint Seiya: Legend of Crimson Youth,7.6,195
[18],en,Seven Pounds,26.117,2008-12-18,Seven Pounds,7.611,6695
[27],en,The Front Room,45.83,2024-09-05,The Front Room,5.6,16
"[12, 16, 10751, 14, 878]",en,Treasure Planet,32.862,2002-11-26,Treasure Planet,7.55,4121
[18],tl,Suki,26.072,2023-02-24,Suki,3.3,6
"[12, 35, 18]",en,Last Holiday,27.359,2006-01-13,Last Holiday,7.179,726
"[878, 12, 14]",en,The Hunger Games,31.758,2012-03-12,The Hunger Games,7.21,21765
"[28, 35, 80, 9648]",en,Central Intelligence,31.107,2016-06-16,Central Intelligence,6.421,5840
"[27, 9648]",en,The Ring,34.102,2002-10-18,The Ring,6.67,6077
"[35, 10751]",en,Ri¢hie Ri¢h,40.85,1994-12-19,Ri¢hie Ri¢h,5.92,2228
"[80, 9648, 53]",en,Basic Instinct 2,30.601,2006-03-29,Basic Instinct 2,5.044,752
"[28, 12, 53, 10752]",en,Rambo III,35.599,1988-05-24,Rambo III,6.204,3119
"[16, 28, 878]",ja,ドラゴンボールＺ 超戦士撃破!!勝のはオレだ,27.098,1994-07-09,Dragon Ball Z: Bio-Broly,5.736,510
"[35, 80]",en,Logan Lucky,47.573,2017-08-17,Logan Lucky,6.725,3457
"[80, 35]",en,Snatch,33.097,2000-09-01,Snatch,7.811,8916
"[35, 12, 10751, 14]",en,The Cat in the Hat,29.596,2003-11-21,The Cat in the Hat,5.282,1624
"[10752, 28, 18]",en,Tears of the Sun,35.592,2003-03-07,Tears of the Sun,6.864,2271
"[28, 9648, 878]",ko,마녀,39.847,2018-06-27,The Witch: Part 1. The Subversion,7.821,540
"[12, 28, 18, 36]",fr,Les Trois Mousquetaires : D'Artagnan,30.366,2023-04-05,The Three Musketeers: D'Artagnan,6.996,1151
"[12, 36, 28]",en,The 13th Warrior,20.319,1999-08-13,The 13th Warrior,6.7,1813
"[80, 53, 18]",en,The Accountant,25.083,2016-10-13,The Accountant,7.078,6061
"[80, 53, 18]",en,The Accountant,25.083,2016-10-13,The Accountant,7.078,6061
[18],ja,団鬼六　縄責め,26.257,1984-09-01,Rope Torture,6.3,6
[18],en,The Banker,38.836,2020-03-06,The Banker,7.644,917
"[35, 27]",en,Bride of Chucky,43.577,1998-10-16,Bride of Chucky,6.056,1882
"[28, 80, 18]",en,Fast Charlie,29.387,2023-12-08,Fast Charlie,6.203,133
"[35, 18]",en,The Grand Budapest Hotel,34.576,2014-02-26,The Grand Budapest Hotel,8.049,14647
"[35, 80]",en,Big Stan,36.072,2007-11-03,Big Stan,6.56,886
"[80, 28, 35]",en,Hot Fuzz,30.571,2007-02-14,Hot Fuzz,7.56,7447
"[35, 18, 10749]",en,Katie's Mom,40.111,2023-07-02,Katie's Mom,0.0,0
"[18, 10749]",ko,젊은엄마 5,30.413,2020-04-03,Young Mother 5,5.75,12
"[28, 12, 35, 18, 14, 16]",ja,劇場版 NARUTO -ナルト- 疾風伝 火の意志を継ぐ者,32.068,2009-08-01,Naruto Shippuden the Movie: The Will of Fire,7.33,442
"[28, 16]",ja,コードギアス 亡国のアキト 第3章「輝くもの天より堕つ」,32.74,2015-05-02,Code Geass: Akito the Exiled 3: The Brightness Falls,6.179,39
[35],en,Vacation,27.319,2015-07-28,Vacation,6.311,3667
[],ru,Attraction 3,28.135,2024-01-01,Attraction 3,0.0,0
"[35, 10749]",en,The Kissing Booth 2,33.324,2020-07-24,The Kissing Booth 2,7.648,4958
"[12, 35, 10751]",en,Lemony Snicket's A Series of Unfortunate Events,35.061,2004-12-16,Lemony Snicket's A Series of Unfortunate Events,6.813,4930
"[80, 9648, 53, 28]",en,Along Came a Spider,22.558,2001-04-06,Along Came a Spider,6.341,1816
[18],ja,ベッドタイムアイズ,37.646,1987-04-25,Bedtime Eyes,3.3,3
"[878, 27]",en,Звёздный разум,35.573,2022-01-06,Project 'Gemini',5.773,422
"[28, 53]",en,The Painter,31.624,2024-01-05,The Painter,6.3,110
"[28, 12, 16, 878, 53]",en,9,33.661,2009-08-19,9,6.93,3485
"[28, 53]",fr,Nikita,33.656,1990-02-21,La Femme Nikita,7.101,1897
[18],tl,Cuatro,33.64,2023-03-31,Cuatro,3.7,3
"[28, 12, 14]",en,Pokémon Detective Pikachu,33.637,2019-05-03,Pokémon Detective Pikachu,6.932,6744
"[878, 28, 18]",zh,流浪地球,33.634,2019-02-05,The Wandering Earth,6.622,935
"[28, 878, 53]",en,Total Recall,33.626,2012-08-02,Total Recall,6.015,5394
"[35, 9648]",en,Ace Ventura: Pet Detective,33.616,1994-02-04,Ace Ventura: Pet Detective,6.565,5721
"[80, 35, 28]",en,Ocean's Eight,33.615,2018-06-07,Ocean's Eight,6.985,8199
"[35, 27]",th,หอแต๋วแตก แหกสัปะหยด,33.613,2024-03-14,Oh My Ghost : The Finale,4.0,1
"[16, 14, 28, 878]",en,Yu-Gi-Oh! The Movie,33.61,2004-08-13,Yu-Gi-Oh! The Movie,6.1,338
"[18, 10749]",ko,젊은 엄마 2,33.601,2014-05-29,Young Mother 2,5.9,14
"[16, 18, 10749, 14]",ja,アリスとテレスのまぼろし工場,33.59,2023-09-15,maboroshi,7.3,91
"[12, 16, 35, 10751]",en,Flushed Away,33.588,2006-10-22,Flushed Away,6.297,3739
"[10751, 18]",en,A Street Cat Named Bob,33.577,2016-11-04,A Street Cat Named Bob,7.92,1412
[10749],ko,엄마친구 4,33.576,2018-01-08,Mom's Friend 4,5.3,3
"[27, 53]",en,Friday the 13th Part 2,33.571,1981-05-01,Friday the 13th Part 2,6.174,1622
"[27, 18, 53]",es,El orfanato,33.571,2007-05-20,The Orphanage,7.232,2825
"[16, 35, 10751, 14, 10770, 878]",en,Jimmy Timmy Power Hour,33.568,2004-05-07,Jimmy Timmy Power Hour,6.8,64
"[10751, 12, 14, 18]",en,The Spiderwick Chronicles,33.537,2008-02-14,The Spiderwick Chronicles,6.635,2573
"[35, 80, 18]",en,The Sting,33.519,1973-12-25,The Sting,8.03,2565
"[53, 80]",fr,Un Coup de dés,30.143,2024-01-24,Breaking Point,5.849,43
"[35, 18, 10749]",hi,दिलवाले दुल्हनिया ले जायेंगे,34.775,1995-10-20,Dilwale Dulhania Le Jayenge,8.529,4428
"[35, 27]",en,Ready or Not,35.783,2019-08-21,Ready or Not,7.06,4331
[27],en,A Nightmare on Elm Street Part 2: Freddy's Revenge,34.273,1985-11-01,A Nightmare on Elm Street Part 2: Freddy's Revenge,5.794,1826
"[18, 10749, 36, 9648]",en,Downton Abbey: A New Era,32.294,2022-04-27,Downton Abbey: A New Era,7.203,464
"[27, 9648]",en,Scream 4,36.274,2011-04-13,Scream 4,6.46,3632
"[35, 10402, 10749, 18]",en,Begin Again,26.023,2013-09-07,Begin Again,7.2,3723
"[27, 9648, 53]",ko,잠,31.569,2023-09-06,Sleep,6.788,120
"[27, 14, 53]",id,Malam Pencabut Nyawa,46.596,2024-05-22,Respati,6.75,6
"[18, 10749]",es,Diario de una ninfómana,37.518,2008-10-17,Diary of a Nymphomaniac,5.6,307
[99],en,Secret Lives of Orangutans,33.257,2024-08-21,Secret Lives of Orangutans,7.5,9
"[53, 9648]",en,Basic Instinct,30.261,1992-03-20,Basic Instinct,6.918,3798
[99],en,Food and Country,46.766,2024-10-02,Food and Country,0.0,0
"[35, 14, 10751]",en,Nanny McPhee and the Big Bang,32.763,2010-03-26,Nanny McPhee and the Big Bang,6.294,1797
"[28, 80, 35]",en,Pain & Gain,30.762,2013-04-18,Pain & Gain,6.274,4401
"[16, 28, 14, 12, 35]",en,The Angry Birds Movie 2,32.018,2019-08-02,The Angry Birds Movie 2,7.078,1670
"[16, 10751, 35]",en,Hawaiian Vacation,23.261,2011-06-16,Hawaiian Vacation,6.97,654
"[14, 27, 28, 53]",en,Blade II,34.759,2002-03-22,Blade II,6.55,4646
"[18, 10752, 36, 10749]",en,Enemy at the Gates,30.757,2001-02-28,Enemy at the Gates,7.4,3546
"[10752, 28, 18]",en,Dunkirk,28.759,2017-07-19,Dunkirk,7.456,16326
"[10752, 28, 18]",en,Dunkirk,28.759,2017-07-19,Dunkirk,7.456,16326
"[878, 12, 10751, 14]",en,E.T. the Extra-Terrestrial,35.499,1982-06-11,E.T. the Extra-Terrestrial,7.519,11066
"[80, 53, 37]",en,The Thicket,30.534,2024-09-05,The Thicket,5.8,10
"[10752, 36, 10749, 18, 28]",en,Pearl Harbor,43.496,2001-05-21,Pearl Harbor,6.939,6403
[18],en,7th & Union,34.157,2021-06-02,7th & Union,7.433,30
"[18, 53, 80]",en,Bound,27.739,1996-09-13,Bound,7.2,912
"[10749, 35, 18]",en,Which Brings Me to You,28.803,2023-12-08,Which Brings Me to You,6.328,102
"[35, 10749]",en,What Women Want,46.54,2000-12-15,What Women Want,6.449,3887
"[28, 27, 53]",en,The Wrath of Becky,36.024,2023-05-26,The Wrath of Becky,6.327,312
"[16, 10751, 14, 12]",en,Anastasia,28.736,1997-11-20,Anastasia,7.618,5217
[99],en,Hot Girls Wanted,36.989,2015-05-29,Hot Girls Wanted,6.042,643
"[18, 28, 80]",pt,Tropa de Elite 2,46.522,2010-10-08,Elite Squad: The Enemy Within,7.811,1825
"[18, 28, 53, 80]",es,Sin nombre,21.486,2009-03-20,Sin Nombre,7.629,669
"[12, 878, 28, 27]",en,AVP: Alien vs. Predator,34.639,2004-08-12,AVP: Alien vs. Predator,5.917,4348
"[27, 9648, 28]",en,The Haunted Sea,30.912,1997-01-01,The Haunted Sea,2.5,6
"[28, 10752]",ru,Гранит,33.889,2021-12-29,Granit,7.2,38
"[18, 36]",en,Sully,28.484,2016-09-07,Sully,7.19,7081
"[35, 27, 878]",en,Killer Klowns from Outer Space,43.729,1988-05-27,Killer Klowns from Outer Space,6.56,983
"[28, 12, 878]",zh,749局,46.467,2024-10-01,Bureau 749,2.0,1
[99],en,The Walking Dead: The Return,28.784,2024-02-15,The Walking Dead: The Return,7.351,74
"[18, 10749]",ko,동창회의 목적 3,35.103,2018-02-20,Purpose of Reunion 3,5.3,9
"[10749, 12]",en,The Blue Lagoon,46.452,1980-07-05,The Blue Lagoon,6.165,1790
"[16, 35, 10751, 28]",en,Mulan II,35.977,2004-11-03,Mulan II,6.489,2316
"[99, 18]",en,Emma és Eddie: A képen kívül,28.329,2024-04-25,Emma and Eddie: A Working Couple,5.5,16
"[28, 14, 10752, 12]",zh,封神第二部：魔道争锋,31.225,,Creation of the Gods II: Demonic Confrontation,0.0,0
[18],en,The Perks of Being a Wallflower,33.476,2012-09-20,The Perks of Being a Wallflower,7.793,10356
[10749],ko,스와핑 하던 날,46.414,2017-07-10,The Day of Swapping,4.8,10
"[16, 878, 28, 18]",ja,新世紀エヴァンゲリオン劇場版 Air／まごころを、君に,32.723,1997-07-19,Neon Genesis Evangelion: The End of Evangelion,8.307,1568
"[16, 18, 35, 27, 14]",en,The House,23.99,2022-01-14,The House,7.019,1004
"[12, 878]",en,Jurassic Park,36.235,1993-06-11,Jurassic Park,7.951,16137
"[53, 27]",en,Bad Fish,22.495,2024-09-30,Bad Fish,3.0,1
"[28, 12, 878]",en,Power Rangers,32.976,2017-03-23,Power Rangers,6.26,4364
"[9648, 53, 27]",en,Greta,19.877,2019-02-28,Greta,6.578,1312
"[14, 53, 28, 80]",en,Drive Angry,32.965,2011-02-24,Drive Angry,5.52,1830
[18],no,Frysninger,24.494,2016-01-01,Cold Shivers,2.0,1
"[80, 53, 28]",en,The Driver,19.833,1978-06-08,The Driver,7.153,428
"[16, 12, 10751, 28, 35, 878]",en,Kim Possible Movie: So the Drama,19.828,2005-04-08,Kim Possible Movie: So the Drama,6.8,174
"[53, 80]",en,8 Million Ways to Die,19.828,1986-04-25,8 Million Ways to Die,5.483,118
[18],en,Mask,26.457,1985-03-08,Mask,7.211,438
"[53, 27, 9648]",es,El secreto de Marrowbone,46.25,2017-10-27,Marrowbone,7.265,1542
[35],it,Miracolo italiano,33.013,1994-12-21,Miracolo italiano,4.107,28
"[12, 14, 16, 28, 10751]",ja,天空の城ラピュタ,33.012,1986-08-02,Castle in the Sky,7.979,4134
"[35, 10751]",en,Diary of a Wimpy Kid,33.005,2010-03-19,Diary of a Wimpy Kid,6.228,1568
"[878, 28, 12]",en,Transformers: Revenge of the Fallen,33.005,2009-06-19,Transformers: Revenge of the Fallen,6.192,8378
"[35, 27, 10402]",en,Destroy All Neighbors,32.979,2024-04-26,Destroy All Neighbors,6.389,9
"[35, 18]",fr,Combien tu m'aimes ?,32.972,2005-10-26,How Much Do You Love Me?,5.906,171
[28],en,The Weapon,32.968,2023-02-17,The Weapon,5.516,31
"[18, 10402, 10751]",en,Unsung Hero,32.958,2024-04-26,Unsung Hero,6.667,33
"[12, 10749, 18]",en,Samson and Delilah,32.958,1949-12-21,Samson and Delilah,6.526,209
"[35, 14, 878]",en,Emmanuelle Through Time: Emmanuelle's Supernatural Sexual Activity,32.951,2012-06-02,Emmanuelle Through Time: Emmanuelle's Supernatural Sexual Activity,5.2,9
[27],en,The Lodge,32.942,2020-01-16,The Lodge,6.123,1226
"[80, 9648, 53, 37]",en,Wind River,32.906,2017-08-03,Wind River,7.441,5124
"[27, 53, 9648]",en,Sinister,32.888,2012-03-29,Sinister,6.866,5370
"[28, 53, 10752]",en,Tom Clancy's Without Remorse,32.884,2021-04-29,Tom Clancy's Without Remorse,6.978,2409
[18],ja,悪は存在しない,32.883,2023-12-06,Evil Does Not Exist,6.716,155
"[10751, 16, 14, 27]",es,La Leyenda de la Llorona,32.881,2011-10-21,The Legend of La Llorona,7.78,254
"[28, 53, 878]",en,RoboCop,32.867,1987-07-17,RoboCop,7.327,5043
[18],tl,Pamangkin,32.866,2024-03-20,Pamangkin,0.0,0
"[28, 80, 35, 53]",ko,범죄도시 2,32.857,2022-05-18,The Roundup,7.235,283
"[28, 53, 9648]",en,The Commuter,32.841,2018-01-11,The Commuter,6.362,4324
"[28, 80, 35, 53]",ko,범죄도시 2,36.951,2022-05-18,The Roundup,7.235,283
"[28, 53, 9648]",en,The Commuter,45.977,2018-01-11,The Commuter,6.362,4325
"[53, 9648]",en,The Da Vinci Code,32.177,2006-05-17,The Da Vinci Code,6.726,9200
"[80, 18, 53]",en,Lord of War,22.923,2005-09-16,Lord of War,7.322,4706
"[28, 53, 80]",en,Crank,30.421,2006-08-31,Crank,6.648,3717
"[9648, 16, 14]",ja,劇場版 魔法少女まどか☆マギカ[新編]叛逆の物語,19.677,2013-10-26,Puella Magi Madoka Magica the Movie Part III: Rebellion,7.7,181
"[12, 16, 14]",en,The Lord of the Rings,36.419,1978-11-15,The Lord of the Rings,6.592,879
[18],en,Remember the Titans,31.419,2000-09-29,Remember the Titans,7.632,2619
[14],en,Galaxy Games,28.239,2022-07-04,Galaxy Games,5.1,10
"[12, 28, 53, 878]",en,The Matrix Revolutions,31.167,2003-11-05,The Matrix Revolutions,6.728,9774
"[35, 18, 10749]",en,Enough Said,19.663,2013-09-18,Enough Said,6.721,825
[],en,XXXXXXX,45.871,2016-09-01,XXXXXXX,6.9,8
[27],ja,まいちゃんの日常,32.763,2016-02-25,Mai-chan's Daily Life: The Movie,5.2,12
[27],cn,勾魂惡夢,25.459,1999-05-20,Erotic Nightmare,4.9,10
"[12, 18]",en,Life of Pi,36.409,2012-11-20,Life of Pi,7.4,12938
[35],it,Malizia,26.405,1973-03-29,Malicious,7.3,303
[53],en,Fractured,25.413,2019-09-22,Fractured,6.733,2484
"[16, 35, 28, 10751]",en,Tangled Ever After,34.906,2012-01-13,Tangled Ever After,7.138,1031
"[27, 53]",en,Down Below,31.057,2024-10-01,Down Below,0.0,0
"[28, 18, 53]",en,3 Days to Kill,25.655,2014-02-14,3 Days to Kill,6.088,2130
"[12, 28, 53, 878]",en,Green Lantern,31.652,2011-06-14,Green Lantern,5.168,7144
"[35, 80]",en,The Big Lebowski,28.15,1998-03-06,The Big Lebowski,7.844,11052
"[27, 878, 9648]",en,The Faculty,24.649,1998-12-25,The Faculty,6.541,1935
"[18, 28, 10752]",ru,Балканский рубеж,25.405,2019-03-21,Balkan Line,7.519,507
"[16, 10751, 35]",en,Chicken Little,33.646,2005-11-04,Chicken Little,5.892,3853
"[16, 14, 18]",en,Guillermo del Toro's Pinocchio,30.671,2022-11-09,Guillermo del Toro's Pinocchio,8.096,2858
"[53, 12, 9648, 14, 27, 878]",ru,Вий,19.567,2014-01-30,Forbidden Empire,5.893,305
"[36, 18]",en,The Hill,21.187,2023-08-18,The Hill,7.718,213
"[27, 53]",en,V/H/S/85,27.192,2023-09-22,V/H/S/85,6.0,153
"[18, 53]",en,Nocturnal Animals,28.644,2016-11-04,Nocturnal Animals,7.429,7649
"[16, 35, 9648, 10751, 14]",en,Scooby-Doo! and the Witch's Ghost,29.639,1999-10-05,Scooby-Doo! and the Witch's Ghost,7.374,423
"[35, 80]",en,The Kill Room,25.688,2023-09-14,The Kill Room,6.0,196
"[14, 35, 10751, 12]",en,Son of the Mask,31.888,2005-02-11,Son of the Mask,4.21,1809
"[878, 12, 28]",en,Solo: A Star Wars Story,26.392,2018-05-15,Solo: A Star Wars Story,6.56,8420
"[878, 18, 12]",en,Finch,25.901,2021-11-04,Finch,7.883,3430
[53],es,La llamada del sexo,30.893,1977-06-25,The Call of Sex,4.971,17
"[10751, 12, 14]",no,Teddybjørnens Jul,37.419,2022-11-05,Teddy's Christmas,7.1,42
"[16, 878, 10751, 12]",en,Lightyear,31.154,2022-06-15,Lightyear,6.971,3395
"[35, 10749]",th,พร้อมรุก ยัยตุ๊กตาซ้อมรัก,32.42,2020-10-30,My Sex Doll Bodyguard,7.8,13
"[35, 10749]",en,Crazy Rich Asians,29.387,2018-08-15,Crazy Rich Asians,7.066,3589
"[28, 12]",en,Outcast,19.516,2014-09-26,Outcast,5.086,460
"[27, 878, 14]",en,The Quantum Devil,22.511,2023-02-26,The Quantum Devil,4.25,20
[35],es,Padre no hay más que uno,29.886,2019-08-02,Father There Is Only One,7.688,719
"[35, 18]",en,Funny Birds,32.914,2024-02-21,Funny Birds,6.1,15
"[28, 80, 878]",en,Face/Off,30.122,1997-06-27,Face/Off,7.038,5231
"[28, 53]",en,The Collective,30.416,2023-08-04,The Collective,5.685,119
"[27, 35, 12, 10749, 28]",en,Cannibal Women in the Avocado Jungle of Death,28.889,1989-03-15,Cannibal Women in the Avocado Jungle of Death,4.593,59
"[35, 18, 10751, 10749]",en,The Princess Diaries 2: Royal Engagement,32.62,2004-08-06,The Princess Diaries 2: Royal Engagement,6.684,3173
"[16, 10751, 12, 14]",en,"The Boy, the Mole, the Fox and the Horse",35.396,2022-12-25,"The Boy, the Mole, the Fox and the Horse",8.261,530
"[28, 14, 35]",en,Ghostbusters,30.371,2016-07-14,Ghostbusters,5.356,6359
"[16, 878, 28, 12]",ja,GODZILLA 星を喰う者,45.385,2018-11-09,Godzilla: The Planet Eater,6.454,338
"[27, 53]",en,Friday the 13th Part VIII: Jason Takes Manhattan,26.862,1989-07-28,Friday the 13th Part VIII: Jason Takes Manhattan,4.9,1024
[10749],ko,관계 : 특별한 형수 무삭제,33.149,2019-11-07,Intercourse: Special Sister-In-Law,1.0,1
"[10770, 53, 18, 80]",en,Mommy's Stolen Memories,30.494,2023-08-07,Mommy's Stolen Memories,4.7,3
[18],en,American Beauty,39.105,1999-09-15,American Beauty,8.019,11912
[35],fr,Cocorico,27.435,2024-02-07,Cocorico,5.645,155
"[18, 10749]",en,The Art of Racing in the Rain,30.861,2019-08-08,The Art of Racing in the Rain,8.198,1458
"[10749, 16, 18, 35]",ja,きまぐれオレンジ★ロード　あの日にかえりたい,30.691,1988-10-08,Kimagure Orange Road: I Want to Return to That Day,7.491,53
"[27, 9648]",ja,ミンナのウタ,30.327,2023-08-11,Sana,7.161,31
[27],en,The Howling,23.596,1981-01-21,The Howling,6.562,746
[27],en,The Howling,23.596,1981-01-21,The Howling,6.562,746
[18],en,Belle,19.384,2013-05-01,Belle,7.155,670
[18],fr,Histoire d'O,28.345,1975-08-27,The Story of O,5.6,150
[99],en,Swingers,35.915,2020-08-24,Swingers,4.5,2
"[27, 9648, 53]",en,Save Me from Everything,30.728,2021-08-16,Save Me from Everything,6.172,29
"[878, 18]",en,Foe,19.895,2023-10-06,Foe,5.723,224
"[18, 53, 9648, 28]",ko,올드보이,36.092,2003-11-21,Oldboy,8.254,8553
"[18, 36]",en,The Elephant Man,38.34,1980-10-09,The Elephant Man,8.035,3432
"[18, 878]",en,Ex Machina,28.092,2015-01-21,Ex Machina,7.572,13136
"[18, 53]",en,Sexual Predator,19.351,2001-12-04,Sexual Predator,4.8,32
"[12, 18, 10770]",en,Joseph,26.588,1995-04-10,Joseph,8.179,195
"[28, 80, 53]",en,S.W.A.T.: Firefight,45.133,2011-03-01,S.W.A.T.: Firefight,5.681,359
"[28, 12, 14]",hi,आदिपुरुष,24.865,2023-06-16,Adipurush,5.108,83
"[35, 10402]",en,The Porns,24.834,,The Porns,0.0,0
"[878, 12, 18]",en,Spaceman,28.672,2024-02-23,Spaceman,6.754,753
"[28, 35]",cn,A計劃續集,19.583,1987-07-25,Project A: Part II,7.1,266
"[16, 10751, 14]",en,The Sword in the Stone,33.832,1963-12-25,The Sword in the Stone,7.248,3762
"[27, 53, 878]",en,Halloween III: Season of the Witch,32.581,1982-10-22,Halloween III: Season of the Witch,5.213,1340
"[18, 36]",en,Lamborghini: The Man Behind the Legend,33.857,2022-11-17,Lamborghini: The Man Behind the Legend,6.462,574
[99],en,Stopping the Steal,34.835,2024-09-17,Stopping the Steal,7.333,6
"[35, 80]",en,Life of Crime,23.558,2013-09-14,Life of Crime,5.733,382
"[878, 12, 28]",en,Hulk,37.324,2003-06-19,Hulk,5.551,5703
"[35, 80]",en,The Naked Gun: From the Files of Police Squad!,32.573,1988-12-02,The Naked Gun: From the Files of Police Squad!,7.252,3619
"[53, 80]",en,Ocean's Twelve,34.822,2004-12-09,Ocean's Twelve,6.568,7163
"[16, 10751]",en,Barbie as the Island Princess,30.322,2007-09-17,Barbie as the Island Princess,7.2,717
"[18, 14, 10749]",en,Three Thousand Years of Longing,31.342,2022-08-24,Three Thousand Years of Longing,6.88,1309
"[35, 80, 9648]",en,Glass Onion: A Knives Out Mystery,30.095,2022-11-12,Glass Onion: A Knives Out Mystery,7.059,5411
[18],zh,非分熟女,25.214,2019-04-04,The Lady Improper,4.8,13
"[35, 27]",en,Porno,26.825,2019-06-28,Porno,6.069,361
"[28, 12, 80, 53]",kn,ಕೆ.ಜಿ.ಎಫ್: Chapter 2,43.586,2022-04-14,K.G.F: Chapter 2,7.4,143
[10749],ja,社長秘書のお仕事 Vol.3,30.345,2010-12-31,社長秘書のお仕事 Vol.3,9.5,1
"[27, 53]",en,Nefarious,30.848,2023-04-14,Nefarious,6.825,271
"[53, 80, 18]",tl,Virgin Forest,29.281,2022-06-24,Virgin Forest,5.2,15
"[18, 10752]",en,Jarhead,21.809,2005-11-04,Jarhead,6.665,2833
[35],en,Bottoms,26.854,2023-08-25,Bottoms,6.7,584
"[16, 35, 10751]",en,Frankenweenie,35.059,2012-10-04,Frankenweenie,6.97,3272
"[9648, 10749, 53]",en,Vertigo,25.056,1958-05-28,Vertigo,8.167,5657
[35],en,Deuce Bigalow: European Gigolo,28.055,2005-08-12,Deuce Bigalow: European Gigolo,5.263,906
[10749],ko,젊은엄마 4,30.517,2016-04-28,Young Mother 4,3.5,7
"[14, 28, 53]",en,Underworld: Rise of the Lycans,26.608,2009-01-22,Underworld: Rise of the Lycans,6.5,3573
"[27, 53]",no,Leave,28.469,2022-10-28,Leave,5.976,63
"[9648, 53, 28, 18]",en,The Ritual Killer,29.083,2023-03-09,The Ritual Killer,5.923,281
"[16, 10751, 14]",en,Barbie Mariposa & the Fairy Princess,23.05,2013-08-25,Barbie Mariposa & the Fairy Princess,6.898,308
"[27, 53]",en,Sinners,44.751,2025-03-05,Sinners,0.0,0
"[16, 35, 10402]",ja,劇場総集編ぼっち・ざ・ろっく！Re:,44.738,2024-06-07,BOCCHI THE ROCK! Recap Part 1,6.563,8
[18],en,"Girl, Interrupted",22.794,1999-12-21,"Girl, Interrupted",7.561,3747
[18],ja,団鬼六　美女縄化粧,31.131,1983-12-02,Beauty Rope Cosmetology,5.0,3
"[16, 10751]",en,Barbie and the Diamond Castle,30.543,2008-09-03,Barbie and the Diamond Castle,7.4,820
"[53, 12]",en,The Ledge,29.559,2022-02-18,The Ledge,6.477,323
"[28, 14, 53]",en,The Crow: City of Angels,26.537,1996-08-29,The Crow: City of Angels,5.5,521
[18],es,Las edades de Lulú,44.668,1990-12-03,The Ages of Lulu,6.379,260
"[27, 9648]",en,Spiral: From the Book of Saw,36.049,2021-05-12,Spiral: From the Book of Saw,5.976,1962
"[18, 10749]",fr,Emmanuelle: L'antivierge,29.534,1975-12-15,Emmanuelle: The Joys of a Woman,5.665,139
"[53, 9648, 18]",en,Don't Worry Darling,34.559,2022-09-21,Don't Worry Darling,6.806,2388
"[28, 53, 80]",en,Man on a Ledge,27.036,2012-01-13,Man on a Ledge,6.4,2563
"[28, 12, 878, 53]",en,The Day After Tomorrow,31.524,2004-05-26,The Day After Tomorrow,6.537,8002
"[28, 16]",ja,コードギアス 亡国のアキト 第2章「引き裂かれし翼竜」,21.752,2013-09-14,Code Geass: Akito the Exiled 2: The Wyvern Divided,6.347,49
"[27, 18]",en,Fear,33.148,2023-01-27,Fear,5.263,78
"[99, 80]",pt,A Vítima Invisível: O Caso Eliza Samudio,28.096,2024-09-26,An Invisible Victim: The Eliza Samudio Case,8.5,9
"[27, 18, 14]",cn,聊齋三集之燈草和尚,38.975,1992-03-05,Erotic Ghost Story III,5.5,15
"[27, 18]",en,Fear,33.148,2023-01-27,Fear,5.263,78
"[99, 80]",pt,A Vítima Invisível: O Caso Eliza Samudio,28.096,2024-09-26,An Invisible Victim: The Eliza Samudio Case,8.5,9
"[27, 18, 14]",cn,聊齋三集之燈草和尚,38.975,1992-03-05,Erotic Ghost Story III,5.5,15
"[28, 16, 12, 35, 14]",ja,ワンピース,26.026,2000-03-04,One Piece: The Movie,7.1,329
"[28, 35, 80, 12]",fr,Taxi,22.523,1998-04-08,Taxi,6.702,2439
"[27, 53]",en,Scary Stories to Tell in the Dark,33.53,2019-08-08,Scary Stories to Tell in the Dark,6.5,2613
"[18, 10749]",fr,L'Amant,31.77,1992-01-22,The Lover,7.0,658
"[16, 14, 12, 10751]",ja,好きでも嫌いなあまのじゃく,39.19,2024-05-24,My Oni Girl,7.398,59
[18],it,Melissa P.,28.02,2005-11-18,Melissa P.,4.6,553
"[28, 80, 53]",ko,범죄도시,35.022,2017-10-03,The Outlaws,7.734,410
"[27, 53]",en,You Should Have Left,28.777,2020-06-18,You Should Have Left,6.01,762
[35],it,Amici miei,19.063,1975-10-24,My Friends,8.132,691
"[18, 10749]",tl,Eva,35.204,2021-12-24,Eva,5.357,14
"[18, 53, 27]",en,Black Swan,32.517,2010-12-03,Black Swan,7.688,14300
[18],en,Aftersun,35.791,2022-10-21,Aftersun,7.679,1334
"[28, 878, 53, 18, 80]",en,Wedlock,19.056,1991-05-10,Wedlock,5.693,153
"[16, 35, 878, 10751, 12]",zh,熊出没·伴我“熊芯”,26.815,2023-01-22,Boonie Bears: Guardian Code,6.667,9
"[12, 16, 10751]",en,Brother Bear 2,37.015,2006-08-17,Brother Bear 2,6.655,1459
"[27, 28, 53]",en,Planet Terror,26.015,2007-04-06,Planet Terror,6.676,3448
"[37, 28]",en,Gunfight at Rio Bravo,29.273,2023-01-13,Gunfight at Rio Bravo,6.561,66
"[10749, 35]",en,Notting Hill,31.727,1999-05-21,Notting Hill,7.3,5969
"[16, 10751, 12, 14]",en,Tinker Bell and the Lost Treasure,31.722,2009-09-03,Tinker Bell and the Lost Treasure,6.782,979
[10402],en,TAYLOR SWIFT | THE ERAS TOUR,31.721,2023-10-13,TAYLOR SWIFT | THE ERAS TOUR,8.4,383
[35],en,The Underdoggs,31.715,2024-01-25,The Underdoggs,6.991,159
"[16, 10751, 12, 14]",en,Tinker Bell,31.707,2008-09-11,Tinker Bell,6.869,1387
"[27, 28, 53]",ko,#살아있다,31.702,2020-06-24,#Alive,7.238,1791
"[16, 10751, 878, 14, 12]",ja,STAND BY ME ドラえもん,31.694,2014-08-08,Stand by Me Doraemon,7.317,521
"[28, 12, 53]",en,Weekend in Taipei,31.689,2024-09-19,Weekend in Taipei,4.6,5
[27],en,Ouija,31.686,2014-10-24,Ouija,5.145,2622
"[14, 28, 12, 53]",en,Underworld: Blood Wars,31.682,2016-11-24,Underworld: Blood Wars,5.9,3614
"[16, 14, 28, 9648]",en,Batman: The Doom That Came to Gotham,31.68,2023-03-10,Batman: The Doom That Came to Gotham,6.579,197
"[28, 16, 878]",ja,GHOST IN THE SHELL,31.68,1995-11-18,Ghost in the Shell,7.925,3338
"[10751, 28, 14, 35]",en,We Can Be Heroes,31.679,2020-12-25,We Can Be Heroes,6.034,760
"[18, 14, 27, 53]",en,Before I Wake,31.665,2016-04-07,Before I Wake,6.497,1819
"[18, 10752]",en,Unbroken,31.642,2014-12-25,Unbroken,7.437,4050
"[27, 53]",en,Orphan: First Kill,31.619,2022-07-27,Orphan: First Kill,6.644,2068
"[27, 53]",en,Cult of Chucky,31.616,2017-10-12,Cult of Chucky,5.8,1261
"[10402, 18, 10749]",en,Step Up 2: The Streets,31.6,2008-02-14,Step Up 2: The Streets,6.693,2259
"[16, 12, 10751, 14]",en,The Polar Express,31.599,2004-11-10,The Polar Express,6.719,6184
"[53, 18, 9648]",en,Unbreakable,31.598,2000-11-22,Unbreakable,7.14,9152
"[53, 18, 9648]",en,Unbreakable,30.991,2000-11-22,Unbreakable,7.14,9152
"[16, 10751]",en,Barbie of Swan Lake,33.991,2003-09-27,Barbie of Swan Lake,7.0,1070
[18],id,Ipar Adalah Maut,28.068,2024-06-13,Ipar Adalah Maut,6.8,5
"[10751, 16, 14]",en,Joseph: King of Dreams,29.488,2000-11-07,Joseph: King of Dreams,6.841,993
[18],ru,Верность,31.244,2019-10-31,Fidelity,6.776,277
"[53, 28]",en,Rumble Through the Dark,23.391,2023-11-03,Rumble Through the Dark,6.186,70
[18],en,"Paris, Texas",25.481,1984-07-16,"Paris, Texas",8.1,1795
"[14, 18]",en,The Lovely Bones,44.152,2009-12-26,The Lovely Bones,7.076,4540
[18],en,Lie with Me,28.729,2006-02-14,Lie with Me,5.172,264
"[16, 35, 10751, 28]",en,The Bad Guys: A Very Bad Holiday,31.041,2023-11-29,The Bad Guys: A Very Bad Holiday,6.6,106
[18],fr,Àma Gloria,24.957,2023-08-30,Ama Gloria,6.823,31
"[18, 9648, 10749]",pt,O Lado Bom de Ser Traída,34.285,2023-10-25,Burning Betrayal,6.204,157
"[27, 9648]",en,Scream 3,44.115,2000-02-04,Scream 3,5.989,3502
"[18, 28]",zh,千里不留行,23.421,2022-01-10,Rusty Blade,5.083,6
"[18, 53, 80]",en,The Captive,20.964,2014-09-05,The Captive,5.831,1080
"[878, 28, 12, 53]",en,Star Trek: First Contact,18.878,1996-11-22,Star Trek: First Contact,7.294,1732
[9648],en,Malevolent,28.789,2024-10-01,Malevolent,0.0,0
"[18, 53, 10752]",en,Valkyrie,21.217,2008-12-25,Valkyrie,6.933,3645
"[35, 27]",en,Piranha 3D,30.717,2010-08-20,Piranha 3D,5.407,2166
"[14, 28, 9648]",en,The Mortal Instruments: City of Bones,31.217,2013-08-21,The Mortal Instruments: City of Bones,6.443,4418
"[18, 53, 10752]",en,Valkyrie,21.217,2008-12-25,Valkyrie,6.933,3645
"[35, 27]",en,Piranha 3D,30.717,2010-08-20,Piranha 3D,5.407,2166
"[14, 28, 9648]",en,The Mortal Instruments: City of Bones,31.217,2013-08-21,The Mortal Instruments: City of Bones,6.443,4418
"[53, 80, 18, 9648]",en,Mystic River,23.965,2003-10-07,Mystic River,7.741,6553
[18],en,Memory,20.532,2023-12-22,Memory,7.231,108
[27],en,Creep,22.216,2014-06-23,Creep,6.371,1389
"[53, 27]",en,Cold Meat,37.941,2024-02-23,Cold Meat,6.807,88
"[35, 18]",en,Uptown Girls,29.711,2003-08-15,Uptown Girls,6.814,857
[18],ar,The Cuckold,29.642,2009-08-11,The Cuckold,2.8,6
"[12, 10751, 14]",en,The BFG,36.963,2016-06-01,The BFG,6.274,3323
"[878, 28, 53]",en,Riddick,28.46,2013-09-02,Riddick,6.309,4006
"[18, 10749]",id,Kelas Bintang - Sugar Daddy,29.276,2023-05-29,Kelas Bintang - Sugar Daddy,2.0,1
"[36, 18, 10752]",en,The Great Escaper,27.829,2023-10-06,The Great Escaper,6.754,69
"[16, 12, 10751, 14]",en,Tinker Bell and the Great Fairy Rescue,25.457,2010-07-29,Tinker Bell and the Great Fairy Rescue,6.7,913
"[53, 18]",en,Eden,18.817,2024-09-07,Eden,3.0,1
"[878, 18, 28]",en,Ghost in the Shell,26.709,2017-03-29,Ghost in the Shell,6.1,7919
"[16, 10751]",en,Tom and Jerry Blast Off to Mars!,18.814,2005-01-18,Tom and Jerry Blast Off to Mars!,6.5,133
"[14, 10751, 35]",en,Mary Poppins Returns,43.875,2018-12-13,Mary Poppins Returns,6.514,3272
"[16, 28, 35, 10751]",en,The Lego Batman Movie,34.706,2017-02-08,The Lego Batman Movie,7.226,4928
"[9648, 35, 80]",en,Murder Mystery 2,32.984,2023-03-28,Murder Mystery 2,6.435,1663
"[14, 28, 35]",en,R.I.P.D. 2: Rise of the Damned,29.977,2022-11-15,R.I.P.D. 2: Rise of the Damned,6.4,578
"[18, 53]",en,Acrimony,18.793,2018-03-30,Acrimony,6.75,375
[18],en,Mutt,28.843,2023-08-09,Mutt,6.05,20
"[18, 37, 10749, 10752, 28]",en,Legends of the Fall,22.947,1994-12-23,Legends of the Fall,7.385,2531
"[35, 27]",en,Zombieland: Double Tap,28.204,2019-10-09,Zombieland: Double Tap,6.938,5599
"[18, 36]",en,The Burial,25.498,2023-10-06,The Burial,7.2,460
"[18, 10749, 53]",ja,彼女,18.767,2021-04-15,Ride or Die,6.787,157
"[18, 27, 9648, 53]",en,After.Life,24.193,2009-11-07,After.Life,6.301,1102
[28],en,Sniper: Assassin's End,26.701,2020-06-15,Sniper: Assassin's End,6.188,202
"[35, 10749]",en,Meet the Fockers,22.44,2004-12-22,Meet the Fockers,6.248,4703
"[80, 18]",en,Freedom Writers,29.191,2007-01-05,Freedom Writers,7.917,2156
"[16, 10751]",en,Barbie and Stacie to the Rescue,43.761,2024-03-03,Barbie and Stacie to the Rescue,6.7,6
"[28, 878, 12]",en,Dune,28.688,1984-12-14,Dune,6.198,2987
"[18, 35, 10749]",en,What If,18.752,2013-09-07,What If,6.735,1931
"[28, 18, 36]",en,The Woman King,42.212,2022-09-16,The Woman King,7.674,2015
"[9648, 53, 80, 27]",en,Cult Killer,30.949,2024-01-19,Cult Killer,6.546,98
[35],es,Canta y no llores,36.281,2024-03-21,Sing and Don't Cry,6.76,50
"[28, 80, 53]",en,Machete Kills,32.933,2013-09-12,Machete Kills,5.61,1873
"[36, 18, 28]",da,Bastarden,29.484,2023-10-05,The Promised Land,7.786,280
"[99, 36]",es,El Apocalipsis de san Juan,30.517,2024-10-17,El Apocalipsis de san Juan,0.0,0
"[12, 878, 9648]",en,Beneath the Planet of the Apes,31.424,1970-04-23,Beneath the Planet of the Apes,6.167,1298
"[28, 12, 53]",en,Commando,28.423,1985-10-03,Commando,6.681,2759
"[18, 10770]",en,Menendez: A Killing in Beverly Hills,31.146,1994-05-22,Menendez: A Killing in Beverly Hills,5.4,5
"[10749, 18]",fr,La Vie d'Adèle - Chapitres 1 et 2,31.14,2013-10-09,Blue Is the Warmest Color,7.091,4516
"[53, 80, 9648]",en,Eastern Promises,21.172,2007-09-14,Eastern Promises,7.4,3274
"[80, 18]",en,The Hate U Give,31.123,2018-10-19,The Hate U Give,8.131,2096
"[14, 12]",en,Fantastic Beasts: The Crimes of Grindelwald,31.122,2018-11-14,Fantastic Beasts: The Crimes of Grindelwald,6.856,10714
"[28, 18, 9648, 53]",en,Eraser,18.918,1996-06-21,Eraser,6.063,1779
"[12, 14, 10751, 18]",en,Die unendliche Geschichte,31.093,1984-04-06,The NeverEnding Story,7.198,3950
"[28, 12, 10752]",en,The Last Kingdom: Seven Kings Must Die,31.087,2023-04-14,The Last Kingdom: Seven Kings Must Die,7.234,665
"[80, 18, 10749, 53]",fr,Baise-moi,29.164,2000-06-28,Baise-moi,4.814,430
"[18, 10751]",fa,بچه‌های آسمان,31.079,1997-08-01,Children of Heaven,7.918,609
"[35, 10749, 14]",en,Mannequin,35.412,1987-02-13,Mannequin,6.842,716
"[16, 18, 53, 14]",ja,Re:ゼロから始める異世界生活 氷結の絆,18.919,2019-11-08,Re:ZERO -Starting Life in Another World- The Frozen Bond,7.4,182
[18],fr,Belle épine,31.043,2010-11-10,Belle épine,5.56,50
"[35, 10749, 18]",en,The Love Punch,31.038,2014-01-13,The Love Punch,5.998,423
"[18, 10749]",en,Before Sunrise,25.154,1995-01-27,Before Sunrise,7.971,4070
"[10751, 14, 35, 12]",fr,Astérix & Obélix Mission Cléopâtre,25.654,2002-01-30,Asterix & Obelix: Mission Cleopatra,7.4,3456
"[10751, 14, 878, 12, 35]",en,Time Bandits,31.017,1981-07-13,Time Bandits,6.585,979
"[80, 18, 9648, 53]",en,A Walk Among the Tombstones,30.992,2014-09-18,A Walk Among the Tombstones,6.33,2775
"[18, 10749]",en,Before Sunrise,25.154,1995-01-27,Before Sunrise,7.971,4070
"[10751, 14, 35, 12]",fr,Astérix & Obélix Mission Cléopâtre,25.654,2002-01-30,Asterix & Obelix: Mission Cleopatra,7.4,3456
"[10751, 14, 878, 12, 35]",en,Time Bandits,25.903,1981-07-13,Time Bandits,6.585,979
"[80, 18, 9648, 53]",en,A Walk Among the Tombstones,22.264,2014-09-18,A Walk Among the Tombstones,6.33,2775
"[878, 12, 28, 35]",en,Rim of the World,43.366,2019-05-24,Rim of the World,5.958,939
"[35, 10751]",en,Jack and Jill,32.399,2011-11-11,Jack and Jill,4.368,2061
"[18, 10751]",en,Wonder,29.901,2017-11-13,Wonder,8.134,7799
"[878, 28, 53]",en,Minority Report,25.896,2002-06-20,Minority Report,7.351,8591
"[53, 18, 10749]",it,Spiando Marina,26.444,1992-05-22,The Smile of the Fox,5.4,35
[10749],ko,옆집 소녀 2,22.111,2018-12-14,The Girl Next Door 2,6.9,7
"[28, 18, 53]",en,The Marksman,35.155,2021-01-15,The Marksman,6.84,1557
[27],en,Lord of Misrule,21.677,2023-10-26,Lord of Misrule,6.176,91
"[27, 53]",en,Friday the 13th Part III,29.138,1982-08-13,Friday the 13th Part III,5.854,1361
[35],en,Ferris Bueller's Day Off,24.388,1986-06-11,Ferris Bueller's Day Off,7.584,4829
"[35, 10749, 80]",en,Some Like It Hot,23.638,1959-03-19,Some Like It Hot,8.099,3415
"[18, 35, 80]",en,Hustlers,43.275,2019-09-12,Hustlers,6.479,2895
"[27, 9648]",es,[REC],33.389,2007-11-23,[REC],7.207,4320
"[18, 27, 9648, 53]",es,La piel que habito,34.139,2011-08-17,The Skin I Live In,7.516,4141
"[37, 18]",en,Horizon: An American Saga - Chapter 2,27.443,2024-11-07,Horizon: An American Saga - Chapter 2,0.0,0
"[18, 36]",en,The Founder,28.39,2016-11-24,The Founder,7.13,4855
"[10751, 16, 14, 12, 35]",en,The Swan Princess,20.633,1994-11-18,The Swan Princess,6.572,948
[18],en,Philomena,18.532,2013-11-01,Philomena,7.359,1583
"[14, 10749, 35]",en,Cinderella,33.397,2021-09-03,Cinderella,6.387,1371
"[18, 27]",en,Sweeney Todd: The Demon Barber of Fleet Street,28.632,2007-12-20,Sweeney Todd: The Demon Barber of Fleet Street,7.182,5786
"[53, 18, 10749, 9648, 27]",ja,甘い鞭,28.573,2013-09-21,Sweet Whip,6.1,23
[10749],ko,배달노출2 : 초대남과 좋아죽는 와이프,43.204,2020-05-22,Pizza Dare 2,5.3,3
"[28, 878]",en,Conquest of the Planet of the Apes,37.379,1972-06-29,Conquest of the Planet of the Apes,6.174,934
"[28, 16, 14]",ja,聖闘士星矢 LEGEND of SANCTUARY,23.631,2014-06-21,Saint Seiya: Legend of Sanctuary,6.566,670
"[18, 10749]",tl,May-December-January,32.681,2022-10-12,May-December-January,2.0,1
"[12, 28, 53]",en,Mission: Impossible III,35.126,2006-04-25,Mission: Impossible III,6.739,6694
"[35, 10751, 14, 10402]",en,A Cinderella Story: If the Shoe Fits,28.878,2016-08-02,A Cinderella Story: If the Shoe Fits,7.191,829
"[53, 878, 18]",ko,콘크리트 유토피아,31.418,2023-08-09,Concrete Utopia,7.058,189
[35],ru,Операция «Ы» и другие приключения Шурика,18.488,1965-07-24,Operation Y and Other Shurik's Adventures,7.636,424
"[9648, 16, 10751, 12, 35, 14]",en,Scooby-Doo! in Where's My Mummy?,18.488,2005-05-13,Scooby-Doo! in Where's My Mummy?,7.4,390
"[12, 18, 28, 10749]",zh,卧虎藏龍,39.373,2000-07-06,"Crouching Tiger, Hidden Dragon",7.426,3154
"[28, 12, 53]",en,The Protégé,21.887,2021-08-19,The Protégé,6.574,959
"[18, 53, 28, 12]",en,The Grey,27.624,2012-01-26,The Grey,6.565,3780
"[28, 35, 53]",cn,殺手之王,30.122,1998-04-03,Contract Killer,7.025,219
[35],it,Pensati sexy,31.451,2024-02-12,Still Fabulous,5.672,122
"[27, 10749]",en,A Girl Walks Home Alone at Night,18.466,2014-11-21,A Girl Walks Home Alone at Night,6.845,844
"[18, 10749]",en,Romeo + Juliet,26.615,1996-11-01,Romeo + Juliet,6.795,4934
"[28, 35, 80]",en,The Retirement Plan,30.747,2023-08-24,The Retirement Plan,6.3,188
"[16, 878, 12, 18]",ja,サカサマのパテマ,30.743,2013-11-09,Patema Inverted,7.336,400
[18],ko,마누라 바꿔먹기,31.634,2022-08-14,Wife Swap,0.0,0
"[16, 35, 12]",en,SpongeBob SquarePants Presents The Tidal Zone,29.47,2023-01-13,SpongeBob SquarePants Presents The Tidal Zone,7.0,36
"[12, 28, 14]",en,Highlander,34.608,1986-03-07,Highlander,6.889,2561
"[12, 18, 28, 53]",en,Walking Tall,32.358,2004-04-02,Walking Tall,6.308,1469
"[12, 36, 10752]",en,Lawrence of Arabia,26.857,1962-12-11,Lawrence of Arabia,8.004,2958
[99],es,El eco,26.062,2024-02-20,The Echo,7.0,4
"[80, 18, 9648, 53]",en,Chinatown,24.102,1974-06-20,Chinatown,7.916,3762
"[28, 53, 80]",en,Transporter 3,31.354,2008-11-26,Transporter 3,6.15,3308
"[18, 36]",en,Steve Jobs,18.602,2015-10-09,Steve Jobs,6.778,4070
"[12, 18]",en,Cast Away,31.597,2000-12-22,Cast Away,7.7,11242
"[12, 27, 35]",en,Goosebumps,30.098,2015-08-05,Goosebumps,6.317,3713
"[35, 18]",en,Class,18.376,1983-07-22,Class,5.9,171
"[27, 35, 14]",en,Evil Dead II,29.094,1987-03-13,Evil Dead II,7.6,3066
"[35, 14, 10751]",en,Family Switch,21.657,2023-11-30,Family Switch,6.402,599
"[16, 10751, 12, 35, 14]",en,The Lego Movie,30.612,2014-02-06,The Lego Movie,7.419,7740
"[35, 10751, 14]",en,Elf,29.84,2003-10-09,Elf,6.649,3969
[35],en,Babes,30.566,2024-05-17,Babes,6.0,27
"[12, 28, 878]",en,Waterworld,23.335,1995-07-28,Waterworld,6.219,3638
"[35, 10749]",en,What Men Want,30.093,2019-02-08,What Men Want,6.178,1428
[],es,Mi Gallo,34.962,2024-08-01,Mi Gallo,7.0,2
"[53, 35, 80]",en,Cocaine Bear,40.111,2023-02-22,Cocaine Bear,6.066,1955
"[28, 53]",en,Sniper: G.R.I.T. - Global Response & Intelligence Team,30.518,2023-09-26,Sniper: G.R.I.T. - Global Response & Intelligence Team,6.613,137
"[27, 53]",en,V/H/S/94,35.345,2021-09-26,V/H/S/94,6.142,438
"[12, 9648, 35, 16, 10751]",en,Trick or Treat Scooby-Doo!,30.511,2022-10-04,Trick or Treat Scooby-Doo!,7.06,182
"[18, 10749]",hi,लैला मजनू,30.503,2018-09-07,Laila Majnu,6.8,13
"[10749, 35]",en,Friends with Benefits,30.328,2011-07-21,Friends with Benefits,6.659,7834
"[27, 9648, 53]",en,Haunting on Fraternity Row,30.49,2018-11-02,Haunting on Fraternity Row,5.644,45
"[18, 10749]",en,The Dreamers,32.571,2003-09-01,The Dreamers,7.2,2814
[28],en,Sniper: Ultimate Kill,37.074,2017-10-03,Sniper: Ultimate Kill,6.424,329
"[18, 14, 10752]",ja,八犬伝,27.777,2024-10-01,Hakkenden,0.0,0
"[28, 12, 878]",en,Rogue One: A Star Wars Story,28.256,2016-12-14,Rogue One: A Star Wars Story,7.494,15098
"[27, 28, 878]",en,Island Escape,25.529,2023-08-08,Island Escape,4.9,14
"[53, 878, 9648]",en,Source Code,33.566,2011-03-30,Source Code,7.3,8202
"[18, 35]",en,Scent of a Woman,28.81,1992-12-23,Scent of a Woman,7.793,3329
"[16, 10751, 14]",en,The Velveteen Rabbit,30.388,2023-11-21,The Velveteen Rabbit,7.0,56
"[28, 80, 18, 53]",th,ต้มยำกุ้ง,30.307,2005-08-11,The Protector,7.115,846
"[80, 18]",en,Monster,21.831,2021-07-15,Monster,6.364,92
"[18, 35]",en,Scent of a Woman,28.81,1992-12-23,Scent of a Woman,7.793,3329
"[16, 10751, 14]",en,The Velveteen Rabbit,41.55,2023-11-21,The Velveteen Rabbit,7.0,56
"[28, 80, 18, 53]",th,ต้มยำกุ้ง,30.307,2005-08-11,The Protector,7.115,846
"[80, 18]",en,Monster,21.831,2021-07-15,Monster,6.364,92
"[53, 9648]",en,Enemy,18.215,2014-03-14,Enemy,6.873,5747
"[28, 18, 53]",te,పుష్పా - The Rise,35.82,2021-12-16,Pushpa: The Rise,7.046,120
"[28, 35, 80]",en,The Killer's Game,21.877,2024-09-12,The Killer's Game,6.3,11
"[10402, 35]",en,Sister Act,23.301,1992-05-28,Sister Act,6.828,3132
"[12, 35, 10751, 16]",en,Moana,29.311,2016-10-13,Moana,7.57,12242
"[16, 10751]",en,Barbie and the Three Musketeers,18.3,2009-09-15,Barbie and the Three Musketeers,7.294,668
"[35, 18, 10751]",en,Mrs. Doubtfire,27.047,1993-11-24,Mrs. Doubtfire,7.195,6024
"[18, 27]",ja,女囚アヤカ いたぶり牝調教,42.438,2008-09-19,Female Prisoner Ayaka: Bitch-Training Torment,5.0,1
[35],it,Asso,32.796,1981-04-09,Ace,6.116,207
"[53, 9648]",en,Rear Window,23.546,1954-08-01,Rear Window,8.353,6405
[18],ko,뫼비우스,18.177,2013-09-05,Moebius,6.689,228
"[80, 53, 9648]",pl,Kolory zła: Czerwień,42.396,2024-05-29,Colors of Evil: Red,6.795,171
[9648],en,Death on the Nile,27.042,1978-09-29,Death on the Nile,7.157,778
"[18, 80]",en,"Extremely Wicked, Shockingly Evil and Vile",20.301,2019-05-02,"Extremely Wicked, Shockingly Evil and Vile",7.011,3300
"[18, 10749]",ko,사촌여동생,30.507,2017-02-28,To Her,6.8,7
"[35, 10751, 14, 10749]",en,Enchanted,28.793,2007-11-20,Enchanted,6.822,5345
"[18, 35, 10402]",en,One Chance,30.22,2013-09-09,One Chance,6.661,273
"[10751, 35]",en,101 Dalmatians,30.207,1996-11-27,101 Dalmatians,5.925,3341
"[16, 35, 10751]",en,Happy Feet,30.205,2006-11-16,Happy Feet,6.191,5019
[18],en,Erin Brockovich,30.198,2000-03-17,Erin Brockovich,7.439,3126
"[28, 12, 14]",en,The Great Wall,30.192,2016-12-16,The Great Wall,6.025,5064
"[10749, 35]",en,There's Something About Mary,30.188,1998-07-15,There's Something About Mary,6.6,4867
"[10749, 27]",cn,愛的精靈,30.185,1993-04-17,The Spirit of Love,4.0,4
[37],it,Per qualche dollaro in più,30.176,1965-12-18,For a Few Dollars More,8.018,3897
"[27, 9648]",en,Barbarian,30.168,2022-09-08,Barbarian,6.839,2385
"[28, 80, 9648, 53]",en,The Getaway,30.158,1994-02-11,The Getaway,5.7,328
"[35, 10751]",es,Padre no hay más que uno 2: la llegada de la suegra,30.154,2020-07-29,Father There Is Only One 2,7.536,535
"[16, 28, 12, 18, 14]",ja,ベルセルク 黄金時代篇II ドルドレイ攻略,30.141,2012-06-23,Berserk: The Golden Age Arc II - The Battle for Doldrey,7.291,404
"[27, 28, 53, 80]",en,From Dusk Till Dawn,30.135,1996-01-19,From Dusk Till Dawn,7.03,5825
"[16, 18, 9648, 14]",ja,かがみの孤城,30.13,2022-12-23,Lonely Castle in the Mirror,7.1,59
[18],ko,후궁: 제왕의 첩,30.124,2012-06-06,The Concubine,6.011,87
"[28, 12, 18]",en,The Huntsman: Winter's War,30.102,2016-04-06,The Huntsman: Winter's War,6.288,4753
"[16, 35, 10751, 12, 14]",en,Horton Hears a Who!,30.093,2008-03-03,Horton Hears a Who!,6.488,3219
"[16, 10751, 35, 878]",en,Groot's First Steps,30.08,2022-08-10,Groot's First Steps,7.028,334
[35],en,Welcome to the Jungle,30.074,2013-04-27,Welcome to the Jungle,5.028,417
[18],en,There Will Be Blood,30.066,2007-12-26,There Will Be Blood,8.1,6512
"[28, 35, 18, 53]",en,Mr. & Mrs. Smith,30.066,2005-06-07,Mr. & Mrs. Smith,6.688,10237
"[16, 10751]",en,Tarzan & Jane,30.055,2002-06-24,Tarzan & Jane,6.0,607
"[16, 18, 10749, 14]",ja,泣きたい私は猫をかぶる,30.047,2020-06-18,A Whisker Away,7.883,1364
"[18, 10749]",en,Priscilla,30.035,2023-10-27,Priscilla,6.844,717
"[18, 10749]",ko,용주골,30.03,2015-11-19,Yongju Valley,1.0,1
"[35, 27]",it,DellaMorte DellAmore,30.026,1994-03-25,Cemetery Man,6.918,484
"[27, 12]",es,El hombre del saco,30.021,2023-08-11,The Boogeyman: The Origin of the Myth,6.2,99
"[28, 12, 16, 10751]",en,Ratchet & Clank,30.015,2016-04-13,Ratchet & Clank,5.761,609
"[18, 10749]",fr,Emmanuelle,30.015,1974-06-25,Emmanuelle,5.973,752
"[16, 10751, 14]",en,A Christmas Carol,30.013,2009-11-04,A Christmas Carol,6.88,4490
"[18, 10749]",en,The Vow,30.011,2012-02-05,The Vow,7.247,4004
"[35, 10749, 18]",en,Clueless,29.986,1995-07-19,Clueless,7.272,4325
[27],ja,ギニーピッグ2 血肉の華,29.985,1985-10-07,Guinea Pig Part 2: Flower of Flesh and Blood,4.7,116
"[35, 12, 10749]",en,Sex Drive,29.967,2008-10-16,Sex Drive,6.363,1320
"[27, 53, 80]",en,Saw V,29.967,2008-10-23,Saw V,6.17,3437
"[35, 14, 27]",en,Death Becomes Her,29.964,1992-07-30,Death Becomes Her,6.761,2561
"[18, 80]",zh,浴火之路,29.963,2024-10-01,Tiger Wolf Rabbit,0.0,0
[99],en,Fly,29.952,2024-09-02,Fly,0.0,0
"[35, 14, 10749]",en,13 Going on 30,29.949,2004-04-13,13 Going on 30,6.749,5063
"[16, 10751, 12, 35]",en,Planes,29.948,2013-08-09,Planes,5.898,1659
[99],en,Fly,23.657,2024-09-02,Fly,0.0,0
"[35, 14, 10749]",en,13 Going on 30,28.993,2004-04-13,13 Going on 30,6.749,5064
"[16, 10751, 12, 35]",en,Planes,41.495,2013-08-09,Planes,5.898,1659
"[12, 14, 27, 9648]",en,Fantasy Island,41.926,2020-02-12,Fantasy Island,5.803,2418
"[28, 18, 10752, 10749, 53]",en,Allied,18.497,2016-02-12,Allied,6.792,4482
"[35, 10752]",en,The Great Dictator,26.992,1940-10-15,The Great Dictator,8.306,3323
"[18, 80, 10402]",en,Get Rich or Die Tryin',31.492,2005-11-09,Get Rich or Die Tryin',6.782,889
"[35, 10749]",en,Yes Man,30.49,2008-12-09,Yes Man,6.678,6700
"[16, 35, 10749]",ja,かぐや様は告らせたい-ファーストキッスは終わらない-,18.527,2022-12-17,Kaguya-sama: Love Is War -The First Kiss That Never Ends-,7.948,67
"[28, 80, 18]",en,The Punisher,26.739,2004-04-15,The Punisher,6.35,2780
"[16, 35, 10749]",ja,映画 五等分の花嫁,31.259,2022-05-20,The Quintessential Quintuplets Movie,8.324,378
"[12, 28, 53]",en,Die Another Day,27.738,2002-11-17,Die Another Day,5.987,3452
"[10752, 18, 28, 36]",en,12 Strong,31.494,2018-01-18,12 Strong,6.319,2922
"[16, 27, 12, 28, 878]",ja,バイオハザード ヴェンデッタ,41.864,2017-05-27,Resident Evil: Vendetta,6.9,963
"[28, 80, 18, 53]",en,Need for Speed,28.234,2014-03-12,Need for Speed,6.42,4304
"[10749, 35]",es,Pared con pared,18.844,2024-04-12,"Love, Divided",6.656,196
[27],de,"Nosferatu, eine Symphonie des Grauens",41.808,1922-02-16,Nosferatu,7.69,1959
"[878, 18]",ko,원더랜드,21.535,2024-06-05,Wonderland,7.238,63
"[18, 10749, 53]",es,Salvaje despertar,26.243,2016-10-23,Wild Awakening,5.5,17
"[27, 28, 14]",en,Dracula Untold,24.487,2014-10-01,Dracula Untold,6.418,6000
"[27, 28, 14]",en,Dracula Untold,24.487,2014-10-01,Dracula Untold,6.418,6000
"[27, 9648, 53]",en,The Taking of Deborah Logan,37.229,2014-10-21,The Taking of Deborah Logan,6.489,1193
"[28, 12, 53]",en,Gold,22.244,2022-01-13,Gold,6.197,568
"[27, 18, 53]",it,La tua presenza nuda!,31.923,1972-10-14,What the Peeper Saw,5.9,40
"[878, 80, 28]",en,Samaritan,40.747,2022-08-25,Samaritan,6.725,1958
"[80, 35, 28]",en,"Big Mommas: Like Father, Like Son",25.475,2011-02-16,"Big Mommas: Like Father, Like Son",5.538,1215
"[14, 18, 27]",cn,聊齋艷譚,40.176,1990-05-19,Erotic Ghost Story,6.3,71
"[53, 9648, 27]",it,Perché quelle strane gocce di sangue sul corpo di Jennifer?,30.781,1972-08-04,The Case of the Bloody Iris,6.4,77
"[16, 10751, 35, 878]",en,Groot Takes a Bath,24.242,2022-08-10,Groot Takes a Bath,7.164,338
"[18, 10402, 36]",cn,梅艷芳,22.245,2021-11-12,Anita,7.9,17
"[35, 14]",en,The Hot Chick,37.969,2002-12-13,The Hot Chick,6.349,1974
"[27, 53]",en,The Hills Run Red,30.969,2009-09-29,The Hills Run Red,5.789,299
"[18, 878, 9648]",en,Solaris,17.869,2002-11-27,Solaris,5.909,1282
"[14, 12, 28, 9648]",fr,Les Aventures extraordinaires d'Adèle Blanc-Sec,29.719,2010-04-09,The Extraordinary Adventures of Adèle Blanc-Sec,6.21,1288
"[10402, 35, 14]",en,Forbidden Zone,24.154,1980-03-15,Forbidden Zone,6.245,98
"[14, 10751, 27]",en,The Witches,34.964,1990-05-25,The Witches,6.924,1225
"[18, 10749]",en,Closing the Ring,30.564,2007-09-14,Closing the Ring,6.1,95
"[28, 35, 80]",en,The Unbearable Weight of Massive Talent,28.983,2022-04-20,The Unbearable Weight of Massive Talent,6.782,1950
"[12, 28, 53]",en,Dr. No,28.208,1962-10-07,Dr. No,7.0,3520
"[18, 10749]",it,L'eclisse,17.825,1962-04-13,L'Eclisse,7.746,465
"[878, 28, 53]",en,Surrogates,21.702,2009-09-24,Surrogates,6.123,3111
"[28, 80, 14]",en,Batman Forever,26.199,1995-06-16,Batman Forever,5.432,5086
"[27, 35, 14]",en,Krampus,29.658,2015-11-26,Krampus,6.196,2124
"[10749, 878, 18]",en,The In Between,29.654,2022-02-11,The In Between,7.366,699
"[10749, 35, 14]",en,Irish Wish,29.652,2024-03-14,Irish Wish,6.214,372
"[878, 27, 28, 12]",en,The New Mutants,29.648,2020-04-02,The New Mutants,6.108,3366
"[28, 80, 53]",en,Detective Knight: Rogue,29.646,2022-10-21,Detective Knight: Rogue,6.207,150
"[28, 12, 18, 53]",en,Executive Decision,23.446,1996-03-15,Executive Decision,6.278,904
"[12, 28, 53]",en,The Man with the Golden Gun,30.945,1974-12-04,The Man with the Golden Gun,6.438,1998
"[9648, 80, 53]",en,Death on the Nile,29.631,2022-02-09,Death on the Nile,6.431,3598
"[27, 53]",en,Curse of Chucky,29.631,2013-10-08,Curse of Chucky,5.9,1529
"[9648, 14, 12, 35]",en,Scooby-Doo 2: Monsters Unleashed,32.066,2004-03-24,Scooby-Doo 2: Monsters Unleashed,6.078,2679
"[35, 10749, 18]",en,Breakfast at Tiffany's,22.193,1961-10-06,Breakfast at Tiffany's,7.669,4116
"[18, 27]",en,Starve Acre,29.612,2024-07-26,Starve Acre,5.988,43
"[18, 80]",en,Trainspotting,27.942,1996-02-23,Trainspotting,8.0,9532
"[35, 10749]",en,"Legally Blonde 2: Red, White & Blonde",25.943,2003-07-02,"Legally Blonde 2: Red, White & Blonde",5.657,1542
"[27, 53]",en,Friday the 13th: The Final Chapter,23.191,1984-04-13,Friday the 13th: The Final Chapter,6.095,1281
"[80, 53, 28, 9648]",en,Now You See Me 2,29.598,2016-06-02,Now You See Me 2,6.828,10615
"[53, 35, 14, 27]",en,Tales from the Darkside: The Movie,17.758,1990-05-03,Tales from the Darkside: The Movie,6.2,364
"[12, 14, 9648, 53]",en,Monster Summer,29.588,2024-10-04,Monster Summer,6.0,1
[27],es,Juego de brujas,29.579,2023-04-18,The Witch Game,3.2,5
"[18, 10752]",it,Salò o le 120 giornate di Sodoma,29.572,1976-01-10,"Salò, or the 120 Days of Sodom",6.386,2017
"[28, 53, 878]",en,Death Race 2,29.57,2010-11-12,Death Race 2,5.825,1077
"[18, 10402, 10749]",en,Dirty Dancing,30.435,1987-08-21,Dirty Dancing,7.338,6045
"[878, 35, 80]",en,Austin Powers: International Man of Mystery,25.434,1997-05-02,Austin Powers: International Man of Mystery,6.564,3337
"[28, 53, 12]",en,Skyscraper,29.56,2018-07-11,Skyscraper,6.317,4915
"[18, 37]",en,The Assassination of Jesse James by the Coward Robert Ford,29.545,2007-09-20,The Assassination of Jesse James by the Coward Robert Ford,7.04,2449
"[16, 10751, 28, 878]",en,Batman Beyond: Return of the Joker,29.544,2000-12-12,Batman Beyond: Return of the Joker,7.3,1093
"[35, 10751, 28]",en,The Pacifier,29.541,2005-03-04,The Pacifier,6.056,3004
"[28, 53, 878]",en,Death Race: Beyond Anarchy,29.54,2018-10-02,Death Race: Beyond Anarchy,6.207,326
"[35, 10749]",en,The Other Woman,29.538,2014-04-16,The Other Woman,6.423,3500
"[27, 53]",en,Wolf Creek 2,29.527,2013-08-30,Wolf Creek 2,6.4,631
"[10749, 35]",en,Career Opportunities,29.515,1991-03-29,Career Opportunities,6.911,640
"[12, 14, 28]",en,The Hunt for Gollum,29.511,2009-05-03,The Hunt for Gollum,6.323,31
"[10751, 35, 16, 12]",ja,紅の豚,29.511,1992-07-18,Porco Rosso,7.796,3238
"[14, 16, 27, 28]",en,Constantine: City of Demons - The Movie,29.508,2018-10-04,Constantine: City of Demons - The Movie,7.699,577
"[28, 12, 53]",en,Anna,29.508,2019-06-19,Anna,6.716,2659
"[35, 9648]",pl,Spadek,29.503,2024-06-19,Inheritance,5.312,130
"[12, 18, 10752]",en,The Great Escape,29.498,1963-07-03,The Great Escape,7.951,2502
"[28, 53, 18]",en,The Fugitive,29.494,1993-08-06,The Fugitive,7.467,4170
"[12, 18, 10752]",en,The Great Escape,28.926,1963-07-03,The Great Escape,7.951,2502
"[28, 53, 18]",en,The Fugitive,23.924,1993-08-06,The Fugitive,7.467,4170
[],es,Entre primas se arrima,28.457,2023-03-02,Entre primas se arrima,0.0,0
"[12, 14, 28]",en,Conan the Barbarian,35.176,2011-08-17,Conan the Barbarian,5.301,1835
"[18, 36]",en,The King's Speech,23.175,2010-11-26,The King's Speech,7.742,8601
"[28, 53]",en,Speed,32.172,1994-06-09,Speed,7.141,6078
"[27, 9648]",en,Hell House LLC II: The Abaddon Hotel,41.257,2018-09-14,Hell House LLC II: The Abaddon Hotel,5.582,146
"[35, 12]",en,Please Don't Destroy: The Treasure of Foggy Mountain,18.59,2023-11-17,Please Don't Destroy: The Treasure of Foggy Mountain,6.098,87
[18],de,Drifter,34.437,2023-11-02,Drifter,5.714,7
[],zh,七仙女思春,32.448,1992-01-29,七仙女思春,4.0,1
"[18, 53]",en,Misery,24.167,1990-11-30,Misery,7.764,4580
"[12, 35, 18]",en,The Book of Clarence,20.07,2024-01-11,The Book of Clarence,5.826,86
"[10749, 35, 14]",en,Kate & Leopold,24.416,2001-12-25,Kate & Leopold,6.333,1327
"[35, 18]",en,Champions,17.654,2023-03-09,Champions,6.786,350
"[80, 18]",fr,Un prophète,17.627,2009-08-26,A Prophet,7.595,1491
"[35, 27, 878]",en,Totally Killer,32.459,2023-09-28,Totally Killer,6.901,806
"[53, 27]",es,Sonríe,31.101,2021-09-07,Smile,5.5,6
"[10751, 12, 16, 35, 14, 9648]",en,Scooby-Doo! and the Loch Ness Monster,34.156,2004-05-20,Scooby-Doo! and the Loch Ness Monster,7.368,409
[27],en,Halloween II,28.155,2009-08-28,Halloween II,5.347,1369
"[16, 10751, 14, 35]",en,Once Upon a Studio,36.455,2023-09-24,Once Upon a Studio,8.3,346
"[16, 10751, 14, 35]",en,Once Upon a Studio,36.455,2023-09-24,Once Upon a Studio,8.3,346
"[16, 14, 28, 12]",ja,ワンピース フィルム ゼット,26.405,2012-12-15,One Piece Film: Z,7.499,506
"[28, 80, 53]",en,Kill Bill: Vol. 2,33.151,2004-04-16,Kill Bill: Vol. 2,7.879,13730
"[28, 16, 14]",ja,聖闘士星矢,25.149,1987-07-18,Saint Seiya: Evil Goddess Eris,7.0,212
[18],en,Starred Up,17.591,2014-03-21,Starred Up,7.095,921
"[27, 9648]",en,Jigsaw,24.403,2017-10-25,Jigsaw,6.227,3614
"[35, 878, 12, 10751]",en,Meet Dave,19.898,2008-07-08,Meet Dave,5.269,1397
"[10749, 18]",ko,애인,28.736,2005-12-08,The Intimate,6.232,28
"[10770, 53]",en,Don't Sell My Baby,27.671,2023-04-11,Don't Sell My Baby,6.375,8
[35],es,Los de la culpa,31.596,2024-03-21,Los de la culpa,7.0,20
"[35, 18]",fr,Les Exploits d'un jeune Don Juan,29.079,1986-11-04,Exploits of a Young Don Juan,5.713,203
"[10751, 14, 35, 12]",en,Monster High: The Movie,25.918,2022-10-06,Monster High: The Movie,6.887,259
"[28, 53, 80]",en,Con Air,26.642,1997-06-05,Con Air,6.746,4116
"[28, 10752]",en,Hell Hath No Fury,25.007,2021-11-05,Hell Hath No Fury,6.484,95
"[28, 53]",en,Bloodsport,27.14,1988-02-26,Bloodsport,7.026,1829
[35],en,EuroTrip,25.139,2004-02-20,EuroTrip,6.595,2521
"[28, 80, 18, 53]",en,Takers,17.543,2010-08-26,Takers,6.214,1251
[35],en,Jay and Silent Bob Strike Back,17.537,2001-08-22,Jay and Silent Bob Strike Back,6.426,1519
"[53, 28, 80]",en,Sin City,29.134,2005-04-01,Sin City,7.459,8020
[18],ko,새폴더 2,40.897,2015-10-23,New Folder 2,4.4,4
"[18, 28]",en,Rush,22.634,2013-09-02,Rush,7.721,7034
"[18, 27]",en,The Babadook,24.385,2014-05-22,The Babadook,6.522,5884
"[10751, 12, 14]",en,The Water Horse,40.886,2007-12-25,The Water Horse,6.465,1006
[35],en,The Intern,40.873,2015-09-23,The Intern,7.214,6610
"[35, 18]",ru,Китайская бабушка,23.489,2010-08-26,Chinese Grandma,5.3,12
"[28, 12, 878]",en,Stargate,24.377,1994-10-28,Stargate,7.004,3367
"[10749, 35]",ko,연애 빠진 로맨스,26.575,2021-11-24,Nothing Serious,6.7,31
[53],ko,스마트폰을 떨어뜨렸을 뿐인데,34.658,2023-02-17,Unlocked,7.3,304
"[18, 10749]",fr,Emmanuelle,28.983,2024-09-25,Emmanuelle,5.556,9
"[28, 53, 80]",en,Point Break,27.875,1991-07-12,Point Break,7.159,3494
"[12, 16, 14, 10751, 28, 878]",en,Nimona,24.665,2023-06-23,Nimona,7.904,1045
"[12, 14, 28]",en,Prince of Persia: The Sands of Time,31.375,2010-05-19,Prince of Persia: The Sands of Time,6.281,6646
"[18, 80, 53]",en,The Usual Suspects,26.873,1995-07-19,The Usual Suspects,8.184,10260
"[12, 10751, 878]",hr,Moj dida je pao s Marsa,30.461,2019-03-21,My Grandpa is an Alien,6.8,36
"[10752, 12, 53, 28]",en,The Guns of Navarone,32.373,1961-04-27,The Guns of Navarone,7.307,774
"[12, 14, 16, 18, 10751]",ja,猫の恩返し,33.873,2002-07-19,The Cat Returns,7.114,2162
"[53, 28, 878, 80]",en,Universal Soldier,19.872,1992-07-10,Universal Soldier,6.297,1662
[53],en,Malice,17.479,1993-09-29,Malice,6.265,447
"[9648, 878, 53]",en,The Fourth Kind,24.621,2009-11-05,The Fourth Kind,6.329,1682
"[28, 35, 878]",en,Men in Black 3,20.371,2012-05-23,Men in Black 3,6.523,10198
"[35, 10749]",es,No puedo vivir sin ti,29.102,2024-08-15,I Can't Live Without You,6.628,43
"[18, 14, 53]",en,The Lighthouse,29.092,2019-10-18,The Lighthouse,7.5,4771
"[80, 18]",en,"Three Billboards Outside Ebbing, Missouri",29.091,2017-12-01,"Three Billboards Outside Ebbing, Missouri",8.07,9991
"[28, 12, 14]",en,The Scorpion King: Book of Souls,29.089,2018-10-23,The Scorpion King: Book of Souls,5.918,279
"[16, 35, 10751, 10402]",en,Tom and Jerry: The Movie,29.08,1992-10-01,Tom and Jerry: The Movie,6.329,573
"[80, 18, 53]",es,El lugar de la otra,29.076,2024-09-30,In Her Place,0.0,0
"[27, 14, 28, 9648]",es,Vampiras: The Brides,29.073,2024-02-07,Vampiras: The Brides,5.811,37
"[28, 878, 12, 53]",en,Shockwave: Countdown to Disaster,29.072,2017-09-02,Shockwave: Countdown to Disaster,5.554,102
"[35, 18]",it,The Palace,29.068,2023-09-28,The Palace,5.3,152
"[18, 27, 53]",it,La via della prostituzione,29.064,1978-04-20,Emanuelle and the White Slave Trade,4.9,41
"[18, 10749]",hi,आशिकी २,29.059,2013-04-26,Aashiqui 2,6.844,147
"[80, 53]",en,The Call,29.059,2013-03-14,The Call,6.799,2847
"[28, 878, 16]",ja,コードギアス 亡国のアキト 第1章「翼竜は舞い降りた」,29.052,2012-08-04,Code Geass: Akito the Exiled 1: The Wyvern Arrives,6.08,56
"[18, 10749]",en,Lost in Translation,29.048,2003-09-18,Lost in Translation,7.393,7230
"[28, 53]",hi,कोड नेम: तिरंगा,29.046,2022-10-14,Code Name: Tiranga,4.4,7
"[16, 14, 10749]",ja,綿の国星,29.039,1984-02-11,The Star of Cottonland,5.75,8
[27],en,House on Haunted Hill,29.038,1999-10-29,House on Haunted Hill,5.581,855
"[35, 18]",ca,Mamífera,29.033,2024-04-26,Mamífera,7.278,9
"[35, 10749]",en,Trainwreck,29.028,2015-07-17,Trainwreck,5.8,2547
"[37, 28, 18, 878]",en,Young Ones,29.026,2014-06-28,Young Ones,5.709,294
"[18, 10752]",en,The Deer Hunter,27.103,1978-12-08,The Deer Hunter,8.006,3752
[18],en,The Beguiled,40.615,2017-06-23,The Beguiled,5.916,2121
[10749],ko,구멍동서,26.382,2020-07-06,Hole-in-law,6.4,9
"[27, 9648]",en,The Visit,27.855,2015-09-10,The Visit,6.328,4669
"[10751, 14]",en,Disney's Snow White,24.22,2025-03-19,Disney's Snow White,0.0,0
"[14, 28, 53]",en,Bright,40.59,2017-12-22,Bright,6.156,5584
"[28, 53, 12]",en,From Russia with Love,27.849,1963-10-10,From Russia with Love,7.1,2922
"[28, 53]",en,The Mother,27.634,2023-05-04,The Mother,6.66,1227
"[27, 53]",en,Child's Play 2,30.846,1990-11-09,Child's Play 2,6.305,1799
"[18, 10749]",en,Flashdance,40.552,1983-04-14,Flashdance,6.488,1439
"[12, 28, 53, 878]",en,Mad Max,34.094,1979-04-12,Mad Max,6.692,4378
"[9648, 53, 18]",es,El secreto de sus ojos,22.096,2009-08-13,The Secret in Their Eyes,8.0,2493
"[35, 878, 28]",en,Men in Black: International,24.601,2019-06-12,Men in Black: International,5.916,4832
"[12, 878, 37]",en,Westworld,17.837,1973-08-15,Westworld,6.776,1270
"[35, 10751]",en,The Game Plan,26.589,2007-09-28,The Game Plan,6.487,2008
"[16, 12, 35, 10751]",de,Robinson Crusoe,20.84,2016-02-04,Robinson Crusoe,5.795,325
"[28, 12, 14]",en,Tomb Raider,24.842,2018-03-05,Tomb Raider,6.362,7695
"[28, 80, 53]",en,Mechanic: Resurrection,30.589,2016-08-25,Mechanic: Resurrection,6.012,3327
[35],is,Northern Comfort,19.74,2023-08-09,Northern Comfort,5.5,37
"[12, 10751]",de,Lassie - Ein neues Abenteuer,40.446,2023-07-27,Lassie: A New Adventure,6.4,10
[35],is,Northern Comfort,19.74,2023-08-09,Northern Comfort,5.5,37
"[12, 10751]",de,Lassie - Ein neues Abenteuer,40.446,2023-07-27,Lassie: A New Adventure,6.4,10
"[28, 12, 878]",en,Total Recall,27.083,1990-06-01,Total Recall,7.305,5700
[27],en,The Occult,26.244,2024-10-01,The Occult,0.0,0
"[10749, 35, 10751]",en,The Little Rascals,33.33,1994-08-05,The Little Rascals,6.775,1187
"[27, 14, 28]",en,Nightbreed,17.58,1990-02-16,Nightbreed,6.4,459
[18],fr,Mademoiselle,24.601,1966-06-01,Mademoiselle,7.2,34
"[18, 36]",en,Reagan,19.765,2024-08-29,Reagan,6.525,20
"[10749, 18]",ko,가족의 재구성,32.045,2017-02-14,Family Reconstruction,5.9,7
"[28, 18, 53]",en,White House Down,31.082,2013-06-27,White House Down,6.466,4671
"[12, 35, 10751, 14]",en,Dora and the Lost City of Gold,29.337,2019-08-08,Dora and the Lost City of Gold,6.647,1687
"[35, 18]",en,Triangle of Sadness,30.103,2022-09-18,Triangle of Sadness,7.1,2096
"[878, 53, 27]",en,Arcadian,35.192,2024-04-12,Arcadian,6.022,347
"[10751, 14, 28, 12]",en,Peter Pan & Wendy,27.113,2023-04-20,Peter Pan & Wendy,5.515,658
"[16, 10751, 35]",fr,Le Tour du monde en 80 jours,28.052,2021-08-04,Around the World in 80 Days,5.741,82
"[16, 18, 10751, 36]",en,The Inventor,17.305,2023-09-15,The Inventor,6.1,16
"[14, 28, 53]",en,Underworld: Evolution,21.315,2006-01-12,Underworld: Evolution,6.586,3951
"[16, 12, 35, 14]",ja,映画 この素晴らしい世界に祝福を！紅伝説,40.356,2019-08-30,KONOSUBA – God's blessing on this wonderful world! Legend of Crimson,8.094,538
"[16, 12, 35, 10751]",en,Richard the Stork and the Mystery of the Great Jewel,27.847,2023-03-23,Richard the Stork and the Mystery of the Great Jewel,6.8,8
"[16, 18, 10749]",ja,君の膵臓をたべたい,32.078,2018-09-01,I Want to Eat Your Pancreas,8.227,1523
[53],en,Zebra Lounge,24.838,2001-10-04,Zebra Lounge,4.4,34
"[35, 10749, 18]",en,Sex and Death 101,28.067,2007-06-15,Sex and Death 101,6.159,273
"[27, 53]",en,Crawl,26.074,2019-07-11,Crawl,6.315,3060
"[35, 28, 53]",en,Die Hart,28.597,2023-02-22,Die Hart,5.969,440
"[16, 35, 10751]",en,Chicken Run,30.564,2000-06-23,Chicken Run,6.82,4959
"[18, 53]",en,Addicted,20.317,2014-10-10,Addicted,5.89,400
"[10749, 35, 18]",en,Don Jon,26.315,2013-09-12,Don Jon,6.011,4234
"[18, 35, 10749]",cn,重慶森林,34.308,1994-07-14,Chungking Express,8.0,1761
[18],ja,マダム・スキャンダル 10秒死なせて,40.19,1982-04-23,Madam Scandal: Let Me Die for 10 Seconds,5.1,11
"[12, 18, 10752]",en,Master and Commander: The Far Side of the World,25.557,2003-11-14,Master and Commander: The Far Side of the World,7.154,3107
"[16, 10751, 14, 27]",es,La Leyenda de la Nahuala,23.807,2007-10-31,The Legend of the Nahuala,7.804,196
"[16, 10751, 9648, 35, 37]",en,Scooby-Doo! Shaggy's Showdown,20.811,2017-02-14,Scooby-Doo! Shaggy's Showdown,7.874,175
[35],en,Ricky Stanicky,40.17,2024-02-21,Ricky Stanicky,6.5,548
[18],sr,Mačji krik,28.034,2024-10-01,Cat's Cry,0.0,0
"[27, 28, 35]",en,"2025: Blood, White & Blue",33.196,2022-07-01,"2025: Blood, White & Blue",4.2,4
"[27, 28, 878]",ja,進撃の巨人 ATTACK ON TITAN,30.556,2015-08-01,Attack on Titan,6.079,739
"[28, 53, 80]",en,The Transporter Refueled,34.555,2015-09-02,The Transporter Refueled,5.527,1456
"[27, 9648, 53]",en,Ghost Ship,31.299,2002-10-25,Ghost Ship,5.957,2348
"[35, 10751]",es,Padre no hay mas que uno 3,27.571,2022-07-15,Padre no hay mas que uno 3,7.593,237
"[14, 28, 12]",no,Troll,30.324,2022-12-01,Troll,6.629,1658
"[12, 878, 28]",en,Transformers,28.631,2007-06-27,Transformers,6.806,11110
"[27, 53]",en,Halloween Kills,28.621,2021-10-14,Halloween Kills,6.444,2617
"[10749, 35, 18]",fi,Kuolleet lehdet,28.614,2023-09-14,Fallen Leaves,7.277,497
"[18, 35]",en,Inserts,28.597,1975-02-20,Inserts,6.0,40
"[18, 36, 10752]",de,Der Untergang,28.593,2004-09-16,Downfall,7.9,3783
"[12, 18, 37]",en,The Treasure of the Sierra Madre,28.587,1948-01-15,The Treasure of the Sierra Madre,7.971,1174
"[12, 28, 53]",en,A View to a Kill,28.584,1985-05-24,A View to a Kill,6.225,1933
"[18, 53, 80, 9648]",en,Revolver,28.573,2005-09-11,Revolver,6.35,1355
"[53, 28]",en,No Escape,28.557,2015-08-26,No Escape,6.92,2483
"[18, 28]",zh,惊天救援,28.553,2023-04-28,Flashover,7.48,25
"[18, 10749]",en,Atonement,28.553,2007-02-27,Atonement,7.648,4133
"[14, 28, 35]",en,R.I.P.D.,28.552,2013-07-18,R.I.P.D.,5.834,3940
"[10752, 18, 36]",en,Patton,28.549,1970-01-25,Patton,7.507,1073
"[12, 16, 14]",ja,風の谷のナウシカ,28.549,1984-03-11,Nausicaä of the Valley of the Wind,7.939,3521
"[27, 53, 80]",en,Saw IV,28.547,2007-10-25,Saw IV,6.167,3705
"[28, 53, 18]",en,Shrapnel,28.545,2023-07-28,Shrapnel,5.884,43
"[12, 80, 18, 53]",en,Trash,28.536,2014-10-09,Trash,7.094,602
[35],en,Trading Places,28.536,1983-06-07,Trading Places,7.221,3215
"[28, 53, 878, 12]",en,I Am Number Four,28.533,2011-02-18,I Am Number Four,6.18,4603
"[878, 27]",en,The Mill,28.526,2023-10-09,The Mill,5.897,68
"[28, 53, 878, 12]",en,I Am Number Four,29.283,2011-02-18,I Am Number Four,6.18,4603
"[878, 27]",en,The Mill,38.623,2023-10-09,The Mill,5.897,68
"[28, 80]",ja,BAD LANDS バッド・ランズ,38.182,2023-09-29,Bad Lands,6.65,20
"[35, 10751, 12, 10749]",en,Beverly Hills Chihuahua,33.28,2008-10-03,Beverly Hills Chihuahua,5.373,1039
"[16, 18, 28, 878]",ja,甲鉄城のカバネリ 総集編｛後編｝燃える命,25.163,2017-01-07,Kabaneri of the Iron Fortress: Life That Burns,7.5,21
"[18, 9648]",en,An Interview with God,39.911,2018-08-20,An Interview with God,7.042,249
"[18, 37, 10749]",en,The Big Country,17.527,1958-09-30,The Big Country,7.608,344
[18],en,Rocky II,29.025,1979-06-15,Rocky II,7.278,4309
"[28, 18]",hi,State of Siege: Temple Attack,28.72,2021-07-09,State of Siege: Temple Attack,6.194,31
"[28, 16, 14, 27]",ja,ドラゴンボール 魔神城のねむり姫,25.771,1987-07-18,Dragon Ball: Sleeping Princess in Devil's Castle,6.596,266
"[28, 80, 53]",en,Blood and Bone,28.522,2009-02-07,Blood and Bone,7.35,761
"[10749, 18]",en,Grace of Monaco,17.273,2014-04-22,Grace of Monaco,5.998,581
"[28, 12, 53]",en,The Rock,26.268,1996-06-07,The Rock,7.13,4611
"[28, 53, 9648]",en,Non-Stop,17.073,2014-02-26,Non-Stop,6.812,5273
"[18, 27]",en,Blackest Darkness,28.713,2024-03-29,Blackest Darkness,5.5,3
"[80, 18]",en,Boyz n the Hood,30.265,1991-07-12,Boyz n the Hood,7.609,1946
"[80, 18]",el,Ερωτικό Πάθος,25.035,1981-03-26,Erotic Passion,5.389,9
"[28, 12, 53]",en,Daylight,21.764,1996-12-06,Daylight,6.1,1503
"[36, 35, 18]",en,Dumb Money,21.565,2023-09-15,Dumb Money,6.7,481
"[27, 53]",en,Insidious: Chapter 2,29.517,2013-09-12,Insidious: Chapter 2,6.675,4185
"[37, 28, 12]",en,The Magnificent Seven,28.015,1960-10-12,The Magnificent Seven,7.517,1751
"[27, 878, 53]",en,Friday the 13th Part VII: The New Blood,26.763,1988-05-13,Friday the 13th Part VII: The New Blood,5.448,1020
"[28, 53]",en,The Bourne Legacy,31.765,2012-08-08,The Bourne Legacy,6.224,5604
"[27, 53]",en,All Fun and Games,20.06,2023-08-30,All Fun and Games,5.658,117
"[12, 35, 10751]",en,Paddington 2,24.767,2017-11-09,Paddington 2,7.459,2313
"[10749, 18]",pl,365 dni,30.054,2020-02-07,365 Days,7.047,8898
"[16, 12, 10751, 35, 14]",es,Tadeo Jones 3: La Tabla Esmeralda,26.782,2022-08-24,"Tad, the Lost Explorer and the Emerald Tablet",7.513,297
"[18, 28, 53, 878]",en,Children of Men,20.26,2006-09-22,Children of Men,7.612,6996
"[53, 28, 80, 18]",en,Dead Man Down,27.51,2013-03-08,Dead Man Down,6.157,1427
"[18, 10749]",en,The Lucky One,24.01,2012-04-19,The Lucky One,7.161,3616
[35],en,BlackBerry,27.037,2023-02-13,BlackBerry,7.2,535
"[80, 18, 53]",en,King Ivory,18.027,2024-09-30,King Ivory,0.0,0
[28],en,The Serpent,28.997,2021-01-28,The Serpent,6.159,41
"[27, 53]",en,The Prodigy,39.7,2019-02-06,The Prodigy,6.2,955
"[53, 878, 9648, 10749]",en,Gattaca,20.004,1997-09-07,Gattaca,7.559,6231
"[35, 18]",en,Barbershop 2: Back in Business,17.013,2004-01-20,Barbershop 2: Back in Business,5.959,269
"[18, 10749, 36]",en,Memoirs of a Geisha,20.254,2005-12-06,Memoirs of a Geisha,7.664,3024
"[878, 27, 28]",zh,重启地球,23.019,2021-09-03,Restart the Earth,6.844,135
"[28, 16, 878]",ja,コードギアス　亡国のアキト 第5章 最終章「愛シキモノタチへ」,25.366,2016-02-06,Code Geass: Akito the Exiled 5: To Beloved Ones,6.1,37
"[18, 10751]",zh,出入平安,16.991,2024-09-30,Give You A Candy,0.0,0
"[10751, 16, 12, 35]",en,Abominable,25.003,2019-09-19,Abominable,7.466,2011
[18],en,Men of Honor,23.493,2000-09-13,Men of Honor,7.479,2245
"[16, 10751, 35, 14]",en,Wish Dragon,29.754,2021-01-15,Wish Dragon,7.902,1320
"[80, 18, 53, 27]",de,Der Ruf der blonden Göttin,25.859,1977-12-09,Call of the Blonde Goddess,5.741,54
"[18, 36]",en,Invictus,19.741,2009-12-11,Invictus,7.19,4044
"[35, 10751]",en,Home Alone 3,22.24,1997-12-12,Home Alone 3,5.3,2972
"[28, 16, 878]",ja,ドラゴンボールＺ 極限バトル！三大超サイヤ人,23.239,1992-07-11,Dragon Ball Z: Super Android 13!,6.852,540
"[16, 18, 10751]",ja,耳をすませば,25.986,1995-07-15,Whisper of the Heart,7.9,1948
"[10752, 12, 36, 37]",en,The Alamo,20.736,1960-10-23,The Alamo,7.167,338
"[27, 878]",en,Alien Invasion,27.633,2023-05-11,Alien Invasion,5.552,87
"[28, 35, 53]",en,6 Underground,29.244,2019-12-10,6 Underground,6.341,4669
"[27, 18, 878]",ko,괴물,27.236,2006-07-27,The Host,6.982,2724
"[53, 9648, 27]",en,Knock at the Cabin,29.015,2023-02-01,Knock at the Cabin,6.291,2551
"[878, 28]",en,Escape from New York,31.234,1981-05-23,Escape from New York,7.071,3095
"[10749, 35]",en,Players,19.818,2024-02-13,Players,6.078,256
"[28, 80]",ko,더 와일드: 야수들의 전쟁,24.053,2023-11-15,The Wild,5.265,17
"[18, 14]",en,Field of Dreams,18.982,1989-04-21,Field of Dreams,7.108,1454
"[18, 10749]",en,The Best of Me,24.235,2014-10-15,The Best of Me,7.475,2549
[18],en,Widow Clicquot,23.182,2024-07-18,Widow Clicquot,6.8,23
[35],en,American Pie Presents: Band Camp,32.731,2005-10-31,American Pie Presents: Band Camp,5.468,2045
[18],en,Widow Clicquot,23.182,2024-07-18,Widow Clicquot,6.8,23
[35],en,American Pie Presents: Band Camp,32.731,2005-10-31,American Pie Presents: Band Camp,5.468,2045
"[18, 9648, 53]",en,Missing,20.511,2023-01-19,Missing,7.451,980
"[80, 53, 27, 18]",en,The Last House on the Left,27.481,2009-03-13,The Last House on the Left,6.484,1725
"[80, 53]",de,Der Goldene Handschuh,21.985,2019-02-21,The Golden Glove,6.938,498
[27],en,Hostel: Part II,27.978,2007-06-07,Hostel: Part II,5.836,1981
"[16, 10749, 878]",ja,僕が愛したすべての君へ,22.55,2022-10-07,To Every You I've Loved Before,6.671,35
"[14, 35, 10751, 10749]",en,Bedtime Stories,26.476,2008-12-24,Bedtime Stories,6.146,2769
"[27, 35]",en,The Human Centipede 3 (Final Sequence),31.728,2015-05-22,The Human Centipede 3 (Final Sequence),3.749,755
"[12, 14]",en,Seventh Son,27.966,2014-12-12,Seventh Son,5.515,2466
[18],tl,Fall Guy,20.378,2023-05-12,Fall Guy,4.2,4
[18],en,The Goldfinch,16.875,2019-09-12,The Goldfinch,7.169,856
"[878, 18]",ru,Сталкер,33.718,1979-05-25,Stalker,8.155,2121
[18],en,The Wanderers,19.215,1979-07-13,The Wanderers,7.0,191
"[878, 9648, 53, 28]",en,Self/less,19.206,2015-07-10,Self/less,6.418,3057
"[27, 9648, 53]",ja,ノロイ,16.857,2005-08-20,Noroi: The Curse,6.865,314
"[28, 878]",en,Escape from the Planet of the Apes,35.964,1971-05-20,Escape from the Planet of the Apes,6.371,1054
"[80, 28, 18]",en,21 Bridges,39.312,2019-10-24,21 Bridges,6.778,1917
"[10751, 16, 10402, 14, 12, 35, 18]",ja,映画ドラえもん のび太の地球交響楽,26.233,2024-03-01,Doraemon the Movie: Nobita's Earth Symphony,7.5,6
[28],en,The Hard Way,31.97,2019-03-05,The Hard Way,5.459,147
"[10749, 35]",en,How to Date Billy Walsh,28.053,2024-04-04,How to Date Billy Walsh,6.426,141
[99],en,Countdown to Eternity,28.05,1999-01-01,Countdown to Eternity,10.0,1
"[18, 878, 53]",en,Victor Frankenstein,28.046,2015-11-10,Victor Frankenstein,5.95,2093
"[16, 10751, 18]",en,Kitbull,28.04,2019-01-18,Kitbull,7.959,364
"[18, 9648, 27]",en,Jacob's Ladder,28.038,1990-11-02,Jacob's Ladder,7.354,1611
"[80, 18]",en,Bonnie and Clyde,28.037,1967-08-14,Bonnie and Clyde,7.5,1585
"[16, 878, 28, 12]",en,Babylon 5: The Road Home,28.032,2023-08-14,Babylon 5: The Road Home,6.767,75
[28],en,The Mercenary,28.03,2020-01-07,The Mercenary,6.1,26
"[18, 10751, 14]",en,The Secret Garden,28.028,1993-08-13,The Secret Garden,7.404,876
"[16, 10751, 12, 35, 14]",en,The Smurfs,28.023,2011-07-29,The Smurfs,5.768,3700
"[12, 28, 14, 878, 53, 10749, 16]",en,Final Fantasy: The Spirits Within,28.018,2001-07-02,Final Fantasy: The Spirits Within,6.194,1446
"[18, 878]",en,The Giver,28.016,2014-08-13,The Giver,6.555,4376
"[35, 10751, 14]",en,Disenchanted,28.015,2022-11-18,Disenchanted,6.725,1066
"[14, 16, 878]",ja,MEMORIES,28.007,1995-12-23,Memories,7.4,436
"[28, 80]",en,Unleashed,28.003,2005-02-02,Unleashed,6.921,1954
[18],en,Pretty Baby,27.998,1978-04-05,Pretty Baby,7.024,354
"[28, 35]",en,Knight and Day,27.989,2010-06-15,Knight and Day,6.215,4394
"[27, 9648, 53]",en,The Strangers,27.984,2008-05-29,The Strangers,6.113,2371
"[80, 28, 53]",en,Blitz,27.976,2011-05-20,Blitz,6.167,1623
"[18, 28, 14]",en,47 Ronin,27.971,2013-12-06,47 Ronin,6.178,3777
"[18, 36]",en,The Boys in the Boat,27.969,2023-12-25,The Boys in the Boat,7.345,222
"[16, 12, 10749]",es,Metegol,27.962,2013-07-18,Underdogs,6.9,480
"[27, 18]",ja,オーディション,30.944,2000-03-03,Audition,7.1,1499
"[878, 18, 12, 10751]",ru,Мира,27.953,2022-12-22,Mira,7.675,280
"[10749, 28, 35]",en,Vibes,16.771,1988-08-05,Vibes,5.7,71
"[53, 18]",en,Heatwave,19.462,2022-01-17,Heatwave,6.426,142
"[35, 14, 18, 10749]",en,17 Again,28.194,2009-03-11,17 Again,6.307,5059
"[80, 14, 18]",en,Perfume: The Story of a Murderer,31.194,2006-09-13,Perfume: The Story of a Murderer,7.358,4476
[18],es,Historias de sexo,24.933,1999-01-01,Sex Stories,7.25,8
"[12, 35, 18]",hi,डंकी,27.928,2023-12-21,Dunki,6.3,68
"[10751, 14, 35]",it,La befana vien di notte 2 - Le origini,27.922,2021-12-30,The Legend of the Christmas Witch: The Origins,6.099,71
"[27, 878]",en,Bride of Frankenstein,17.937,1935-04-20,Bride of Frankenstein,7.5,936
"[10751, 35]",en,Cheaper by the Dozen,27.905,2022-03-18,Cheaper by the Dozen,6.411,246
"[53, 28, 80]",en,Reindeer Games,16.739,2000-02-25,Reindeer Games,5.687,641
"[10751, 14, 12]",en,Dumbo,27.897,2019-03-27,Dumbo,6.619,4275
"[80, 53]",en,The Killer,27.896,2023-10-25,The Killer,6.571,2049
"[35, 14]",en,Dark Shadows,31.437,2012-05-09,Dark Shadows,6.075,7094
"[27, 53]",en,Halloween: The Curse of Michael Myers,29.182,1995-09-29,Halloween: The Curse of Michael Myers,5.2,1079
[27],it,Cannibal Holocaust,31.432,1980-02-07,Cannibal Holocaust,6.308,1608
"[9648, 53]",en,Memento,27.432,2000-10-11,Memento,8.181,14707
"[9648, 53]",en,Memento,27.432,2000-10-11,Memento,8.181,14707
"[16, 12, 10751, 35]",en,Toy Story 5,25.715,2026-06-17,Toy Story 5,0.0,0
"[18, 10749]",pl,Heaven in Hell,22.122,2023-02-10,Heaven in Hell,6.7,72
[35],en,A Cheesy Christmas,24.851,2024-10-01,A Cheesy Christmas,0.0,0
"[18, 36]",cn,慈禧秘密生活,25.937,1995-03-17,Lover of the Last Empress,5.824,17
"[16, 18, 14]",ja,青春ブタ野郎はおでかけシスターの夢を見ない,25.028,2023-06-23,Rascal Does Not Dream of a Sister Venturing Out,7.778,27
"[18, 10749]",tl,Pantasya ni Tami,30.564,2024-01-26,Pantasya ni Tami,1.0,2
"[99, 10402]",ko,정국: 아이 엠 스틸,20.657,2024-09-18,JUNG KOOK: I AM STILL,9.8,2
"[28, 53]",en,London Has Fallen,38.947,2016-03-02,London Has Fallen,6.204,4634
"[80, 53, 28]",en,The Taking of Pelham 1 2 3,18.174,2009-06-10,The Taking of Pelham 1 2 3,6.352,3058
"[27, 9648, 18]",en,Suspiria,21.429,2018-10-26,Suspiria,6.9,2471
[878],en,Doors,27.185,2021-03-23,Doors,4.9,163
"[18, 35]",ja,ちょっとかわいいアイアンメイデン,22.005,2014-07-19,The Torture Club,5.306,36
[18],fr,À la belle étoile,22.413,2023-02-22,Under The Stars,6.684,57
"[27, 53]",en,"I, Frankenstein",38.422,2014-01-22,"I, Frankenstein",5.363,1896
"[28, 12, 35]",en,Charlie's Angels: Full Throttle,33.168,2003-06-25,Charlie's Angels: Full Throttle,5.5,2987
"[878, 28]",en,Attack on Titan,29.443,2022-09-30,Attack on Titan,6.006,172
"[80, 18]",en,Monster,22.917,2003-12-24,Monster,7.22,2269
"[18, 35]",en,Dog,25.935,2022-02-17,Dog,7.315,1517
"[12, 16, 10751]",en,Aladdin and the King of Thieves,30.166,1996-05-20,Aladdin and the King of Thieves,6.3,1825
"[12, 16, 10751]",en,Aladdin and the King of Thieves,30.166,1996-05-20,Aladdin and the King of Thieves,6.3,1825
"[18, 53, 9648]",en,Murder on the Orient Express,26.165,1974-11-22,Murder on the Orient Express,7.145,1383
"[18, 16, 10749, 10752, 36]",ja,風立ちぬ,28.668,2013-07-20,The Wind Rises,7.79,2963
"[53, 28]",da,Underverden 2,27.199,2023-04-13,Darkland: The Return,6.42,464
"[53, 18]",en,Flight Risk,16.651,2025-01-23,Flight Risk,0.0,0
"[16, 878, 10751, 35]",en,Ron's Gone Wrong,24.679,2021-10-14,Ron's Gone Wrong,7.906,1828
"[16, 28, 14, 27]",ja,幼獣都市,16.643,1987-04-19,Wicked City,6.774,228
"[12, 18]",en,Into the Wild,24.413,2007-09-21,Into the Wild,7.804,9428
"[18, 53, 28]",en,Blood Diamond,26.412,2006-12-08,Blood Diamond,7.546,7488
"[27, 53]",en,Timber Falls,25.41,2007-12-07,Timber Falls,5.204,142
"[28, 53, 80, 35]",en,Army of Thieves,28.674,2021-10-29,Army of Thieves,6.839,1996
"[28, 12, 14]",zh,The Forbidden Kingdom,24.659,2008-04-17,The Forbidden Kingdom,6.622,1667
"[35, 80, 18]",en,Striptease,28.906,1996-06-28,Striptease,5.547,1055
"[12, 28, 53, 878]",en,The Abyss,23.656,1989-08-09,The Abyss,7.347,2923
"[35, 14, 10751, 10402, 16]",en,Alvin and the Chipmunks: Chipwrecked,33.659,2011-12-14,Alvin and the Chipmunks: Chipwrecked,5.704,2149
"[53, 80, 28]",en,Hard Rain,26.405,1998-01-16,Hard Rain,5.812,697
"[18, 10402]",es,Segundo premio,27.204,2024-05-24,Saturn Return,5.683,30
"[53, 80, 9648]",en,The Girl with the Dragon Tattoo,23.406,2011-12-14,The Girl with the Dragon Tattoo,7.373,6893
"[10749, 35, 80]",en,Focus,24.654,2015-02-25,Focus,6.878,7710
"[28, 14, 53]",en,Ghost Rider: Spirit of Vengeance,32.901,2011-12-10,Ghost Rider: Spirit of Vengeance,5.012,3734
"[10749, 35, 14]",en,Practical Magic,32.647,1998-10-16,Practical Magic,6.768,1475
"[10751, 16, 12, 35]",en,101 Dalmatians II: Patch's London Adventure,30.396,2002-11-06,101 Dalmatians II: Patch's London Adventure,6.0,1151
"[35, 80]",en,Arsenic and Old Lace,17.645,1944-09-01,Arsenic and Old Lace,7.637,914
"[12, 18]",en,Alpha,38.669,2018-08-17,Alpha,6.518,2523
"[35, 28]",en,Blindsided,31.547,2016-03-01,Blindsided,6.8,5
[53],pl,Dzień Matki,31.93,2023-05-24,Mother's Day,5.828,212
"[12, 28, 53, 878]",en,Mad Max 2,29.602,1981-12-24,Mad Max 2,7.393,3679
"[28, 53, 80, 12]",th,องค์บาก,28.641,2003-01-21,Ong-Bak,7.123,1658
"[18, 36, 10752]",en,The Last Rifleman,23.054,2023-12-07,The Last Rifleman,6.744,45
"[27, 878, 9648]",en,The Thing,25.392,2011-10-12,The Thing,6.218,2861
"[27, 9648]",ko,곡성,27.393,2016-05-12,The Wailing,7.3,1692
"[878, 12]",en,Time Trap,32.394,2018-06-22,Time Trap,6.224,1089
"[28, 12, 878]",en,Mad Max Beyond Thunderdome,26.137,1985-06-29,Mad Max Beyond Thunderdome,6.219,2871
"[53, 878]",en,The Box,18.637,2009-10-29,The Box,5.63,1738
"[9648, 14, 27]",ja,うずまき,30.135,2000-02-11,Uzumaki,5.852,216
"[80, 18, 53]",en,A Time to Kill,38.569,1996-07-24,A Time to Kill,7.379,2474
[18],en,Wild,17.386,2014-12-05,Wild,7.022,2441
"[14, 16, 35, 80]",en,Who Framed Roger Rabbit,25.881,1988-06-21,Who Framed Roger Rabbit,7.526,5606
"[28, 35, 80]",en,Beverly Hills Cop III,27.381,1994-05-24,Beverly Hills Cop III,5.872,1858
"[28, 12, 53]",hi,Tiger 3,17.2,2023-11-12,Tiger 3,5.8,42
"[28, 12, 53]",hi,Tiger 3,17.2,2023-11-12,Tiger 3,5.8,42
"[53, 18, 27]",en,Come Home,26.809,2024-10-01,Come Home,0.0,0
"[18, 10749]",en,Perfect Addiction,23.66,2023-02-16,Perfect Addiction,6.744,275
"[14, 28, 18]",en,Immortals,24.879,2011-11-10,Immortals,6.019,2547
"[53, 878, 28]",ru,Вычислитель,20.63,2014-12-18,Calculator,4.865,141
"[16, 35, 10751, 878]",en,Auntie Edna,38.496,2018-10-23,Auntie Edna,7.164,229
"[28, 878]",en,Bounty Killer,16.496,2013-09-05,Bounty Killer,5.703,200
"[28, 35, 10751]",en,The Cannonball Run,33.624,1981-06-19,The Cannonball Run,6.124,612
"[27, 18, 14]",en,The Craft,29.874,1996-05-03,The Craft,6.776,1836
"[18, 10752, 36, 12, 10749]",en,Cold Mountain,19.874,2003-12-24,Cold Mountain,6.923,1738
"[28, 53, 80]",en,Crank: High Voltage,30.374,2009-04-16,Crank: High Voltage,6.07,2784
"[16, 35, 18, 28]",ja,はじめの一歩 : 間柴vs木村 / はじめの一歩 THE FIGHTING! 木村達也vs間柴了,21.502,2003-09-05,Fighting Spirit - Mashiba vs. Kimura,6.772,46
"[27, 53]",en,The Omen,31.371,1976-06-25,The Omen,7.405,2081
"[80, 53]",en,No Good Deed,34.123,2014-09-10,No Good Deed,5.951,615
"[27, 80, 35]",cn,伊波拉病毒,19.869,1996-06-15,Ebola Syndrome,6.404,130
[27],en,Grimcutty,26.145,2022-10-10,Grimcutty,5.176,369
[35],en,Honor Society,17.389,2022-07-23,Honor Society,7.557,368
[99],en,Inside the Mind of a Dog,38.417,2024-08-09,Inside the Mind of a Dog,7.1,15
"[28, 80, 53]",en,Run All Night,27.468,2015-03-11,Run All Night,6.409,2760
"[18, 28, 53, 80, 9648]",cn,無間道,31.117,2002-12-12,Infernal Affairs,7.824,1610
"[27, 53]",en,Dead Bride,27.421,2022-10-03,Dead Bride,4.563,16
"[18, 12, 53]",en,Lord of the Flies,27.419,1963-08-13,Lord of the Flies,6.728,507
"[28, 53]",en,The Ice Road,27.415,2021-06-24,The Ice Road,6.825,1654
"[10402, 35, 80]",en,Weird: The Al Yankovic Story,27.412,2022-09-08,Weird: The Al Yankovic Story,6.681,415
"[14, 35, 10751]",en,The Flintstones,27.398,1994-05-26,The Flintstones,5.333,2422
"[28, 53, 18, 12]",en,Blacklight,27.396,2022-02-10,Blacklight,6.169,1084
"[80, 53, 18]",en,Natural Born Killers,27.395,1994-08-26,Natural Born Killers,7.061,3352
"[27, 53]",en,Other Side of the Box,27.394,2018-10-31,Other Side of the Box,6.7,70
[],tl,Sana Ol Pulubi,27.389,2023-11-01,Sana Ol Pulubi,0.0,0
"[878, 28, 12, 53]",en,Gemini Man,27.383,2019-10-02,Gemini Man,6.296,5054
"[28, 53]",en,Unstoppable,27.382,2010-11-04,Unstoppable,6.576,3469
"[28, 27, 35, 878, 53]",en,Tremors II: Aftershocks,27.382,1996-04-09,Tremors II: Aftershocks,6.241,927
"[35, 12, 10402, 10751]",en,The Muppet Movie,27.38,1979-06-22,The Muppet Movie,7.2,590
"[80, 28, 53]",en,Half Past Dead,27.379,2002-11-15,Half Past Dead,5.2,347
"[28, 16, 80, 9648, 18]",en,Batman: Mask of the Phantasm,27.378,1993-12-25,Batman: Mask of the Phantasm,7.468,1081
"[878, 28, 12, 53]",en,Star Trek: Insurrection,27.378,1998-12-11,Star Trek: Insurrection,6.435,1188
"[12, 14, 28, 18]",en,In the Name of the King: A Dungeon Siege Tale,27.377,2007-11-29,In the Name of the King: A Dungeon Siege Tale,4.728,823
"[80, 36, 18]",en,Public Enemies,27.366,2009-07-01,Public Enemies,6.688,4376
"[16, 878, 28, 18]",ja,ヱヴァンゲリヲン新劇場版：破,27.364,2009-06-26,Evangelion: 2.0 You Can (Not) Advance,7.799,850
[35],en,Sexo,27.356,2001-08-21,Sexo,5.28,25
"[16, 878, 28, 18]",ja,ヱヴァンゲリヲン新劇場版：破,20.607,2009-06-26,Evangelion: 2.0 You Can (Not) Advance,7.799,850
[35],en,Sexo,30.604,2001-08-21,Sexo,5.28,25
"[27, 878]",it,Virus,16.411,1980-11-17,Night of the Zombies,5.4,125
"[12, 28, 53]",en,The World Is Not Enough,23.853,1999-11-17,The World Is Not Enough,6.272,2866
"[35, 14]",en,Ghostbusters II,24.851,1989-06-16,Ghostbusters II,6.577,4359
"[28, 12, 878]",en,Assassin's Creed,20.885,2016-12-21,Assassin's Creed,5.426,7638
[99],en,After Porn Ends 2,21.949,2017-03-28,After Porn Ends 2,5.359,231
"[18, 9648, 53, 10770]",en,Flowers in the Attic,17.853,2014-01-18,Flowers in the Attic,6.709,358
"[18, 10749]",en,Up in the Air,16.394,2009-12-04,Up in the Air,6.87,3565
"[14, 28, 27]",en,Mandy,21.856,2018-09-13,Mandy,6.195,1874
"[27, 53]",en,Friday the 13th: A New Beginning,21.848,1985-03-22,Friday the 13th: A New Beginning,5.272,1109
"[878, 16, 18, 28]",ja,コードギアス 反逆のルルーシュⅠ 興道,26.253,2017-10-21,Code Geass: Lelouch of the Rebellion – Initiation,7.2,30
[18],id,Laura,22.653,2024-09-12,Laura,7.25,2
"[28, 16, 12, 35]",ja,ワンピース　フィルム GOLD,22.351,2016-07-23,One Piece Film: GOLD,7.2,477
"[12, 27]",it,Emanuelle e gli ultimi cannibali,24.534,1977-10-21,Emanuelle and the Last Cannibals,5.1,98
"[12, 18, 14]",en,The Green Knight,24.11,2021-07-29,The Green Knight,6.6,1841
"[12, 28, 53]",en,Tomorrow Never Dies,31.595,1997-12-11,Tomorrow Never Dies,6.36,3024
[99],en,Spider-Man: All Roads Lead to No Way Home,25.304,2022-05-03,Spider-Man: All Roads Lead to No Way Home,6.8,73
"[18, 10749]",id,Gelas Kaca,38.195,2024-08-01,Gelas Kaca,0.0,0
"[28, 53]",en,Into the Storm,20.846,2014-08-06,Into the Storm,6.06,2002
"[35, 14, 27]",en,The Witches of Eastwick,21.09,1987-06-12,The Witches of Eastwick,6.53,1366
"[53, 9648]",en,Three Days of the Condor,28.588,1975-09-24,Three Days of the Condor,7.296,1122
"[28, 18]",en,Empire State,27.247,2013-09-03,Empire State,5.389,673
"[12, 10752, 36, 28, 18]",en,King Arthur,21.838,2004-07-07,King Arthur,6.3,2659
"[10751, 16, 12, 35]",en,Bee Movie,28.839,2007-10-28,Bee Movie,6.028,4794
"[16, 14, 12, 10751, 35]",en,The Monkey King,27.223,2023-08-11,The Monkey King,6.652,276
"[35, 18, 878]",en,Omni Loop,27.212,2024-09-20,Omni Loop,4.853,17
"[18, 10751]",en,"McFarland, USA",27.202,2015-02-20,"McFarland, USA",7.444,808
"[80, 28, 53]",ko,성난황소,29.587,2018-11-22,Unstoppable,7.38,142
"[14, 53, 28, 12, 27]",en,The Mummy,27.184,2017-06-06,The Mummy,5.515,7129
"[16, 10749]",ja,映画 佐々木と宮野ー卒業編ー,27.167,2023-02-17,Sasaki and Miyano: Graduation,5.7,32
"[12, 18, 14, 10751, 53]",en,The Seeker: The Dark Is Rising,16.3,2007-10-05,The Seeker: The Dark Is Rising,5.447,406
"[28, 18]",en,Over the Top,28.074,1987-02-13,Over the Top,6.398,1650
"[27, 53]",en,Halloween 4: The Return of Michael Myers,29.323,1988-10-21,Halloween 4: The Return of Michael Myers,6.183,1863
"[35, 10752, 18]",en,Jojo Rabbit,27.154,2019-10-18,Jojo Rabbit,8.023,9414
"[27, 9648, 53]",en,The Grudge,19.573,2004-10-22,The Grudge,5.904,2892
"[27, 53]",en,The Hills Have Eyes 2,33.573,2007-03-22,The Hills Have Eyes 2,5.551,1412
"[28, 53]",sv,Svart krabba,27.135,2022-03-18,Black Crab,6.27,808
"[28, 12, 878]",ar,موسى,27.134,2021-08-11,Mousa,6.603,29
"[35, 10751, 14]",en,Mary Poppins,30.569,1964-12-17,Mary Poppins,7.578,4608
"[28, 53]",sv,Svart krabba,16.59,2022-03-18,Black Crab,6.27,808
"[28, 12, 878]",ar,موسى,21.706,2021-08-11,Mousa,6.603,29
"[35, 10751, 14]",en,Mary Poppins,30.569,1964-12-17,Mary Poppins,7.578,4608
"[28, 80]",en,A Hitman in London,16.262,2015-03-12,A Hitman in London,4.367,45
"[12, 18, 28, 36, 10752]",en,Joan of Arc,27.816,1999-10-27,The Messenger: The Story of Joan of Arc,6.391,1419
"[18, 53, 878, 9648]",en,Signs,25.316,2002-08-02,Signs,6.699,5539
"[10751, 12, 35, 10402, 16]",en,Alvin and the Chipmunks: The Road Chip,27.82,2015-12-17,Alvin and the Chipmunks: The Road Chip,6.03,1606
[27],en,Poltergeist,28.314,1982-06-04,Poltergeist,7.146,2945
"[28, 53, 18]",ko,보호자,27.729,2023-08-15,A Man of Reason,6.665,79
"[28, 35, 18]",en,Convoy,37.906,1978-06-27,Convoy,6.345,364
"[16, 14, 27, 28, 12, 878]",ja,吸血鬼ハンターD ブラッドラスト,27.562,2000-08-25,Vampire Hunter D: Bloodlust,7.606,635
[18],en,Moonlight,29.815,2016-10-21,Moonlight,7.382,6959
"[18, 10770, 80]",en,Believe Me: The Abduction of Lisa McVey,27.316,2018-09-30,Believe Me: The Abduction of Lisa McVey,8.077,610
"[18, 10402]",es,"Disco, Ibiza, Locomía",21.263,2024-03-08,"Disco, Ibiza, Locomía",6.973,37
[10749],ko,숙모,23.352,2021-07-28,Aunt,8.0,1
"[12, 16, 35, 10751, 14]",en,Happily N'Ever After,37.852,2007-01-05,Happily N'Ever After,5.043,415
"[18, 36]",en,The Boy Who Harnessed the Wind,33.563,2019-02-14,The Boy Who Harnessed the Wind,7.914,1640
"[27, 9648]",en,Umma,26.322,2022-03-18,Umma,5.394,287
"[12, 14, 10751]",en,Peter Pan,20.803,2003-12-18,Peter Pan,7.171,2575
"[53, 878]",en,The Happening,27.802,2008-06-11,The Happening,5.4,3544
[18],en,Son of God,26.971,2014-02-28,Son of God,6.866,295
[99],en,Money Shot: The Pornhub Story,26.97,2023-03-15,Money Shot: The Pornhub Story,5.652,293
"[18, 10749]",en,Endless Love,26.967,2014-02-12,Endless Love,6.904,1669
"[10402, 10749, 35]",en,Viva Las Vegas,26.966,1964-02-08,Viva Las Vegas,6.231,134
"[35, 10749]",pt,Morando com o Crush,26.965,2024-05-23,Morando com o Crush,6.0,4
[35],en,Borat Subsequent Moviefilm,26.959,2020-10-23,Borat Subsequent Moviefilm,6.456,2492
"[18, 9648, 10749]",en,The Lake House,26.957,2006-06-16,The Lake House,7.0,2680
"[27, 53]",en,30 Days of Night,26.951,2007-10-17,30 Days of Night,6.422,2729
"[16, 10751]",no,Folk og røvere i Kardemomme by,26.946,2022-12-25,Three Robbers and a Lion,6.538,13
"[16, 10751, 12, 35]",en,Smurfs: The Lost Village,26.939,2017-03-23,Smurfs: The Lost Village,6.312,1413
"[878, 18, 28]",ru,Вторжение,26.937,2020-02-27,Invasion,6.894,786
"[28, 14, 27]",en,Werewolf by Night,26.928,2022-09-25,Werewolf by Night,6.982,1243
"[27, 53]",en,Insidious: Chapter 3,26.921,2015-05-28,Insidious: Chapter 3,6.274,3312
"[27, 35]",en,Return of the Living Dead Part II,26.921,1988-01-15,Return of the Living Dead Part II,6.284,594
"[18, 36]",en,The Crucible,26.917,1996-11-27,The Crucible,6.574,485
[18],en,Smoking Tigers,26.916,2024-08-16,Smoking Tigers,5.0,2
"[36, 18]",en,Prizefighter: The Life of Jem Belcher,26.915,2022-06-30,Prizefighter: The Life of Jem Belcher,6.298,173
"[14, 10751, 35]",en,Dashing Through the Snow,26.91,2023-11-16,Dashing Through the Snow,6.329,105
"[28, 16, 14]",ja,聖闘士星矢 最終聖戦の戦士たち,26.902,1989-03-18,Saint Seiya: Warriors of the Final Holy Battle,7.3,219
"[878, 28, 16, 9648]",en,"Batman: The Dark Knight Returns, Part 1",26.884,2012-08-21,"Batman: The Dark Knight Returns, Part 1",7.729,1566
"[28, 18, 53]",no,Skjelvet,26.882,2018-08-31,The Quake,6.744,739
"[16, 14, 12]",ja,ワンピース フィルム ストロングワールド,26.877,2009-12-12,One Piece Film: Strong World,7.5,346
"[35, 53, 10749]",de,Spieleabend,26.871,2024-07-03,Blame the Game,5.68,136
"[28, 16, 12, 35, 14]",ja,ONE PIECE 〜アドベンチャー オブ ネブランディア〜,26.87,2015-12-20,One Piece: Adventure of Nebulandia,7.8,195
"[12, 28, 53, 14]",en,Robin Hood,26.869,2018-11-03,Robin Hood,5.9,2924
"[18, 10402, 10749]",en,9 Songs,26.867,2004-07-16,9 Songs,5.604,507
[35],en,Life of Brian,26.863,1979-08-17,Life of Brian,7.763,4328
"[16, 12, 14, 28, 10751]",ja,ミュウツーの逆襲 EVOLUTION,26.858,2019-07-12,Pokémon the Movie: Mewtwo Strikes Back - Evolution,6.74,524
"[18, 10749]",ko,젊은엄마 : 디 오리지널,26.852,2016-06-23,Young Mother: The Original,6.0,9
"[35, 53]",es,El jockey,26.851,2024-09-26,Kill the Jockey,5.0,2
"[12, 14, 18]",en,The Fall,26.849,2006-09-09,The Fall,7.6,1266
"[28, 80, 53]",ta,லியோ,26.848,2023-10-18,Leo,6.819,80
"[35, 18]",en,Entourage,26.839,2015-06-03,Entourage,6.2,989
"[10749, 18]",ko,사촌 누나,26.838,2019-06-03,My Cousin Sister,3.0,1
"[12, 16, 9648]",en,The Adventures of Tintin,26.837,2011-10-24,The Adventures of Tintin,6.898,5323
"[99, 16]",es,Quimera,26.834,2024-10-01,Chimera,0.0,0
"[53, 18]",hi,Pihu,26.813,2018-11-16,Pihu,7.5,82
"[878, 53]",en,Frequency,26.807,2000-04-28,Frequency,7.24,1748
"[28, 35, 80, 12]",en,Sheroes,26.799,2023-06-23,Sheroes,6.044,114
"[10751, 35, 12, 16]",en,Peter Rabbit 2: The Runaway,26.793,2021-03-25,Peter Rabbit 2: The Runaway,7.124,788
"[878, 53]",en,Frequency,28.272,2000-04-28,Frequency,7.24,1748
"[28, 35, 80, 12]",en,Sheroes,21.561,2023-06-23,Sheroes,6.044,114
"[10751, 35, 12, 16]",en,Peter Rabbit 2: The Runaway,24.783,2021-03-25,Peter Rabbit 2: The Runaway,7.124,788
[27],en,Lights Out,24.522,2016-07-21,Lights Out,6.357,3835
"[16, 28, 10751, 35]",en,Merry Little Batman,19.331,2023-12-08,Merry Little Batman,6.667,129
"[12, 878]",en,Mortal Engines,23.774,2018-11-27,Mortal Engines,6.21,4612
"[53, 18]",mk,Денот на жената,22.547,2024-09-19,The Business of Pleasure,0.0,0
"[10749, 35, 18]",en,Love in Taipei,23.261,2023-08-10,Love in Taipei,7.1,40
"[10749, 18, 80]",en,More,16.06,1969-08-04,More,6.5,69
"[18, 36]",en,Gandhi,21.264,1982-12-01,Gandhi,7.561,2260
"[18, 9648]",es,Cerrar los ojos,16.052,2023-08-16,Close Your Eyes,6.9,74
"[18, 35]",it,Il peccato di Lola,27.082,1984-05-04,Lola's Secret,7.602,44
"[12, 28, 53]",en,Licence to Kill,29.511,1989-06-13,Licence to Kill,6.395,1886
[27],en,Coffintooth,25.032,2024-10-01,Coffintooth,0.0,0
"[878, 18]",en,Close Encounters of the Third Kind,25.76,1977-12-14,Close Encounters of the Third Kind,7.354,4149
"[878, 53]",en,The Titan,16.025,2018-03-30,The Titan,5.322,1221
"[36, 10752, 18, 12]",en,Spartacus,27.757,1960-10-13,Spartacus,7.551,2104
"[28, 18, 36]",ko,검객,26.768,2020-09-23,The Swordsman,7.496,246
"[10749, 18, 35]",en,The Other Zoey,25.061,2023-10-19,The Other Zoey,7.041,358
[35],en,Bad Moms,22.76,2016-07-28,Bad Moms,6.501,4034
[35],en,Meatballs,37.366,1979-06-28,Meatballs,5.8,294
[27],it,Suspiria,34.503,1977-02-01,Suspiria,7.5,2865
[18],es,Un actor malo,26.674,2024-04-04,Bad Actor,7.457,46
"[28, 12, 35]",en,Around the World in 80 Days,22.001,2004-06-16,Around the World in 80 Days,5.934,2465
"[18, 14, 27]",en,Nosferatu,37.332,2024-12-24,Nosferatu,0.0,0
"[27, 53, 28]",de,Blood Red Sky,25.265,2021-07-23,Blood Red Sky,6.875,1509
"[27, 878]",en,Jason X,28.5,2001-11-09,Jason X,4.854,1329
"[18, 10749]",en,A Perfect Ending,27.001,2012-06-01,A Perfect Ending,6.157,118
"[18, 14, 10749]",cn,足本玉蒲團,26.077,1987-10-15,Yu Pui Tsuen II,6.2,11
"[35, 27, 14]",en,Gremlins 2: The New Batch,31.747,1990-06-15,Gremlins 2: The New Batch,6.456,2526
"[53, 16, 28, 35, 27, 9648]",ja,劇場版 NARUTO -ナルト- ブラッド・プリズン,28.75,2011-07-30,Naruto Shippuden the Movie: Blood Prison,7.357,575
[80],zh,黄金大逃狱,25.17,2022-08-05,Golden Escape,6.8,5
"[35, 18, 10749]",en,Palm Swings,17.382,2017-10-03,Palm Swings,6.435,46
"[18, 36, 10752]",zh,南京!南京!,15.986,2009-04-22,City of Life and Death,7.4,209
"[28, 53, 80]",en,Night Train,28.886,2023-01-13,Night Train,5.973,37
"[35, 18, 10749]",en,Wild Child,31.247,2008-08-15,Wild Child,6.711,1816
"[18, 35, 80]",en,Bad Santa,37.274,2003-11-26,Bad Santa,6.534,2098
"[80, 18, 53]",en,Jackie Brown,22.494,1997-12-25,Jackie Brown,7.356,6231
"[18, 53]",en,Escape from Alcatraz,28.992,1979-06-22,Escape from Alcatraz,7.526,2721
"[53, 28, 80]",en,God Is a Bullet,22.782,2023-06-22,God Is a Bullet,6.128,191
"[80, 53]",da,Den grænseløse,26.594,2024-02-01,Boundless,5.846,13
"[16, 35]",en,"South Park: Bigger, Longer & Uncut",26.593,1999-06-30,"South Park: Bigger, Longer & Uncut",7.267,2645
"[18, 53]",es,Amores perros,26.585,2000-06-16,Amores Perros,7.629,2561
"[14, 35]",en,Into the Woods,26.584,2014-12-24,Into the Woods,5.751,4203
"[28, 53]",en,Death Proof,26.584,2007-05-22,Death Proof,6.839,5064
"[27, 53, 9648]",en,Escape Room,26.583,2019-01-03,Escape Room,6.543,4606
"[28, 53, 27]",en,The Hunt,26.582,2020-03-11,The Hunt,6.648,3118
"[10749, 18]",en,Nine 1/2 Weeks,26.579,1986-02-09,Nine 1/2 Weeks,6.115,984
"[53, 18, 10749]",en,The Phantom of the Opera,26.578,2004-12-08,The Phantom of the Opera,7.254,1590
"[16, 10751]",en,Robin Hood,26.577,1973-11-08,Robin Hood,7.301,4289
"[16, 28, 10751]",en,LEGO Marvel Avengers: Code Red,26.576,2023-10-26,LEGO Marvel Avengers: Code Red,6.689,98
"[878, 53]",en,Contagion of Fear,26.575,2024-01-16,Contagion of Fear,6.444,27
"[12, 10751]",en,Togo,26.574,2019-12-20,Togo,8.153,1983
"[35, 14, 27]",en,Elvira: Mistress of the Dark,26.569,1988-09-30,Elvira: Mistress of the Dark,6.59,508
"[53, 9648]",fr,Seule : Les dossiers Silvercloud,26.568,2023-03-08,Let Her Kill You,6.147,143
"[80, 18, 53]",en,Hacker,26.568,2016-09-15,Hacker,6.264,296
"[28, 878, 53, 37]",en,Cowboys & Aliens,26.562,2011-07-29,Cowboys & Aliens,5.613,4978
"[53, 18, 10749]",en,Fatal Attraction,26.55,1987-09-18,Fatal Attraction,6.845,1458
[18],en,The Everlasting No,26.548,2024-10-01,The Everlasting No,0.0,0
[37],en,Open Range,26.545,2003-08-11,Open Range,7.217,1049
[18],en,The Book Thief,26.543,2013-11-08,The Book Thief,7.489,4263
"[28, 53, 9648, 80, 12]",en,Escape Plan 2: Hades,26.529,2018-06-05,Escape Plan 2: Hades,5.174,1421
"[28, 80, 53]",en,Stone Cold,26.525,1991-05-17,Stone Cold,6.086,174
"[28, 53]",en,The Contractor,26.521,2022-03-10,The Contractor,6.361,876
[35],en,Office Space,26.518,1999-02-19,Office Space,7.376,2928
"[12, 10751]",en,Treasure Trackers,26.517,2024-10-01,Treasure Trackers,0.0,0
"[27, 878, 35]",en,The Stuff,26.513,1985-06-14,The Stuff,5.94,449
"[28, 80, 53]",en,Gone in Sixty Seconds,26.511,2000-06-09,Gone in Sixty Seconds,6.432,4364
"[35, 18, 10751, 14, 878]",cn,長江七號,26.509,2008-01-30,CJ7,7.348,691
"[878, 28, 16, 9648]",en,"Batman: The Dark Knight Returns, Part 2",26.507,2013-01-03,"Batman: The Dark Knight Returns, Part 2",7.918,1454
[18],en,Rain Man,26.482,1988-12-12,Rain Man,7.762,6263
"[28, 12, 53]",en,American Assassin,26.479,2017-09-14,American Assassin,6.402,2949
"[28, 18, 12]",en,Samson,26.468,2018-02-16,Samson,5.754,228
"[18, 10770]",en,Top Girls,26.464,1991-11-02,Top Girls,0.0,0
"[878, 18]",en,The Man from Earth,26.462,2007-06-10,The Man from Earth,7.634,2445
[28],en,Streets of Fire,26.454,1984-06-01,Streets of Fire,6.897,484
"[18, 10749]",th,จันดารา ปฐมบท,26.452,2012-09-06,Jan Dara: The Beginning,5.9,34
"[35, 878, 12]",en,The Guardians of the Galaxy Holiday Special,26.435,2022-11-24,The Guardians of the Galaxy Holiday Special,7.157,1947
[35],en,Happy Gilmore,26.426,1996-02-16,Happy Gilmore,6.638,2601
[18],nl,De leerling,26.419,2015-09-27,The Student,4.2,6
[18],nl,De leerling,28.148,2015-09-27,The Student,4.2,6
[35],en,Tim Dillon: This Is Your Country,36.984,2024-09-30,Tim Dillon: This Is Your Country,8.0,1
[18],fr,Une vraie jeune fille,30.712,1976-01-01,A Real Young Girl,5.3,111
[27],en,The Amityville Horror,21.459,1979-07-27,The Amityville Horror,6.297,898
"[35, 18, 10749]",fr,Casse-Tête Chinois,15.83,2013-12-04,Chinese Puzzle,6.598,670
"[35, 80, 878]",en,Austin Powers in Goldmember,21.208,2002-07-26,Austin Powers in Goldmember,5.986,3071
"[18, 10749]",en,Turtles All the Way Down,26.331,2024-04-27,Turtles All the Way Down,7.6,116
[35],it,Il bisbetico domato,21.456,1980-12-20,The Taming of the Scoundrel,7.114,453
"[35, 28, 12]",cn,A計劃,18.955,1983-12-22,Project A,7.166,453
"[35, 10749]",en,Puppy Love,28.253,2023-08-22,Puppy Love,7.115,243
"[53, 28, 9648, 80]",en,Confidential Informant,26.996,2023-06-27,Confidential Informant,5.9,118
"[53, 10770]",en,Bad Sister,27.209,2015-08-24,Bad Sister,6.643,228
"[53, 18]",en,The Black Demon,23.741,2023-04-26,The Black Demon,5.992,627
"[28, 16, 80, 9648]",en,Batman: Hush,36.897,2019-07-19,Batman: Hush,7.179,857
"[18, 10752]",de,Eine Armee Gretchen,36.887,1973-08-23,She Devils of the SS,5.171,76
[18],tl,Sex Games,15.808,2023-04-28,Sex Games,4.8,6
"[16, 35, 10751, 12, 18, 14]",en,Garfield: A Tail of Two Kitties,25.953,2006-06-15,Garfield: A Tail of Two Kitties,5.6,2158
"[27, 35, 53]",zh,鬼才之道,27.236,2024-08-07,Dead Talents Society,7.333,6
[18],ko,쌍화점,22.202,2008-12-30,A Frozen Flower,6.883,137
"[37, 28]",en,Death Alley,23.454,2021-03-11,Death Alley,5.318,33
[18],ja,誰も知らない,17.449,2004-08-07,Nobody Knows,7.983,511
"[18, 10751, 12]",en,Andre,15.784,1994-08-17,Andre,5.3,113
"[35, 18]",en,The Party at Kitty and Stud's,18.015,1970-02-10,The Party at Kitty and Stud's,3.775,69
"[53, 18]",en,The Postcards,18.94,2024-09-30,The Postcards,0.0,0
"[28, 35]",en,Cassino in Ischia,36.812,2024-09-30,Cassino in Ischia,0.0,0
"[18, 35]",en,The Hundred-Foot Journey,15.772,2014-08-06,The Hundred-Foot Journey,7.308,1409
"[16, 10751, 35]",en,The Emoji Movie,24.949,2017-07-23,The Emoji Movie,5.435,3050
"[18, 36, 10749]",fr,Jeanne du Barry,21.23,2023-05-16,Jeanne du Barry,6.95,489
"[10751, 14, 35, 10749]",ru,Морозко,15.764,1965-03-24,Father Frost,6.335,112
"[27, 53]",ja,マイマザーズアイズ,23.871,2023-11-24,My Mother's Eyes,6.2,4
[18],de,Grand Jeté,17.344,2022-09-20,Grand Jete,5.0,21
"[35, 10749]",en,My Sassy Girl,28.69,2008-05-26,My Sassy Girl,6.675,355
[27],en,Lore,15.749,2024-09-27,Lore,0.0,0
[18],en,A Few Good Men,23.437,1992-12-11,A Few Good Men,7.54,3516
"[28, 35, 12, 10752]",en,Tropic Thunder,23.689,2008-08-09,Tropic Thunder,6.677,6094
[18],fr,Le Théorème de Marguerite,21.245,2023-11-01,Marguerite's Theorem,6.917,132
"[35, 12, 28]",ru,Бендер: Золото империи,18.243,2021-07-15,Ostap Bender. The Empire's Gold,6.9,68
"[28, 35, 80, 53]",en,RED 2,33.19,2013-07-18,RED 2,6.53,3972
"[27, 53, 9648]",en,Disquiet,31.718,2023-02-10,Disquiet,5.406,112
"[16, 35, 14]",en,Monster Pets: A Hotel Transylvania Short,24.2,2021-04-02,Monster Pets: A Hotel Transylvania Short,7.4,394
"[16, 35, 14]",en,Monster Pets: A Hotel Transylvania Short,24.2,2021-04-02,Monster Pets: A Hotel Transylvania Short,7.4,394
"[35, 18]",en,Ex-Husbands,36.729,2024-06-07,Ex-Husbands,6.2,2
"[12, 14, 18]",en,Snow White and the Huntsman,28.937,2012-05-30,Snow White and the Huntsman,5.986,7800
[35],fr,Les Choses simples,21.434,2023-02-22,A Great Friend,6.606,99
"[10749, 18, 36]",ko,순수의 시대,30.724,2015-03-05,Empire of Lust,6.895,43
"[35, 14, 27]",en,Goosebumps 2: Haunted Halloween,27.438,2018-10-11,Goosebumps 2: Haunted Halloween,6.126,1489
"[12, 18, 53]",en,127 Hours,22.429,2010-11-12,127 Hours,7.083,7418
"[35, 18]",en,The Terminal,25.178,2004-06-17,The Terminal,7.343,7785
"[27, 9648, 14]",en,Mirrors 2,19.179,2010-10-18,Mirrors 2,5.544,400
"[27, 878]",en,Monsternado,23.636,2023-11-14,Monsternado,5.3,30
"[35, 27]",ja,ゾン100～ゾンビになるまでにしたい100のこと～,20.719,2023-08-03,Zom 100: Bucket List of the Dead,6.627,540
"[28, 53, 18]",no,Bølgen,19.928,2015-08-28,The Wave,6.681,1265
"[28, 12, 35]",en,Johnny English Strikes Again,23.431,2018-09-13,Johnny English Strikes Again,6.272,2440
"[53, 9648]",en,Red Sparrow,29.43,2018-02-28,Red Sparrow,6.535,5865
"[18, 10749, 878, 14]",en,Phenomenon,20.422,1996-07-05,Phenomenon,6.413,1143
"[18, 10749]",en,Eat Pray Love,17.422,2010-08-12,Eat Pray Love,6.247,2401
"[28, 27, 53]",en,Into the Grizzly Maze,15.676,2015-02-27,Into the Grizzly Maze,5.357,286
"[10751, 16, 12, 35, 14]",en,Onward,31.679,2020-02-29,Onward,7.7,6068
"[28, 35, 80]",en,Accident Man: Hitman's Holiday,36.561,2022-10-14,Accident Man: Hitman's Holiday,6.563,158
"[16, 28, 14]",ja,劇場版 美少女戦士セーラームーンEternal 後編,16.43,2021-02-11,Pretty Guardian Sailor Moon Eternal the Movie Part 2,8.14,154
"[16, 28, 878]",en,Justice League Dark: Apokolips War,26.925,2020-05-05,Justice League Dark: Apokolips War,8.225,1444
"[36, 18]",en,First Man,22.922,2018-10-10,First Man,7.0,5183
"[28, 878, 16]",ja,劇場版 マジンガーZ ／ INFINITY,21.67,2017-10-27,Mazinger Z: Infinity,6.8,288
"[10749, 35]",en,To All the Boys: P.S. I Still Love You,28.422,2020-02-03,To All the Boys: P.S. I Still Love You,6.847,2510
"[18, 9648, 53]",en,The Village,23.163,2004-07-30,The Village,6.468,4111
"[16, 10751, 12, 35]",en,Open Season,20.414,2006-09-27,Open Season,6.154,2706
"[18, 10749]",en,Slumdog Millionaire,26.664,2008-11-12,Slumdog Millionaire,7.731,10446
"[28, 18, 10749]",en,The Bodyguard,25.911,1992-11-25,The Bodyguard,6.691,2899
"[36, 18]",en,Parkland,15.641,2013-10-02,Parkland,6.227,354
"[27, 35]",en,House Hunters,25.12,2024-10-01,House Hunters,0.0,0
"[28, 12, 53]",en,The Hunt for Red October,29.409,1990-03-02,The Hunt for Red October,7.384,3218
"[27, 10752, 878]",en,Overlord,22.917,2018-11-01,Overlord,6.712,2811
"[878, 27, 12]",en,Planet Dune,21.135,2021-10-29,Planet Dune,5.211,57
"[80, 18, 53]",en,Falling Down,20.908,1993-02-26,Falling Down,7.387,3596
"[37, 10752]",en,Shenandoah,15.63,1965-06-03,Shenandoah,6.828,134
[99],en,The Chef & The Daruma,15.665,2024-09-30,The Chef & The Daruma,10.0,1
"[35, 10402]",en,School of Rock,21.658,2003-10-03,School of Rock,7.084,5550
"[27, 9648]",en,Five Nights at Freddy's 2,23.453,2025-12-03,Five Nights at Freddy's 2,0.0,0
"[28, 80, 18]",ru,Брат 2,15.619,2000-05-11,Brother 2,7.263,266
"[28, 35, 80]",en,Spy,27.408,2015-05-06,Spy,6.834,5948
[27],en,The Jack in the Box,23.414,2019-11-09,The Jack in the Box,5.8,410
"[35, 18]",hi,Crew,36.269,2024-03-29,Crew,7.048,42
"[35, 18]",en,Asteroid City,26.192,2023-06-08,Asteroid City,6.5,1812
"[18, 9648, 10749]",en,Where the Crawdads Sing,23.424,2022-07-14,Where the Crawdads Sing,7.551,1730
"[28, 80, 18]",en,Polar,30.158,2019-01-25,Polar,6.293,2165
"[35, 10749]",en,The Wedding Planner,15.599,2001-01-26,The Wedding Planner,5.928,1649
"[18, 10752, 28]",en,Platoon,26.9,1986-12-19,Platoon,7.743,4471
"[53, 18, 10749]",ko,마담 뺑덕,19.332,2014-10-02,Scarlet Innocence,6.3,56
"[14, 12]",en,Empire Queen: The Golden Age of Magic,24.065,2024-01-25,Empire Queen: The Golden Age of Magic,8.0,3
"[10749, 18]",ko,엄마친구 3,26.773,2017-03-30,Mom's Friend 3,4.8,4
"[27, 53, 9648]",en,Escape Room: Tournament of Champions,22.912,2021-07-01,Escape Room: Tournament of Champions,6.556,1970
"[28, 9648, 53]",en,Salt,23.398,2010-07-21,Salt,6.417,5393
[99],en,After Porn Ends,25.648,2012-05-21,After Porn Ends,5.67,265
"[18, 10749]",es,Y tu mamá también,31.646,2001-06-08,Y Tu Mamá También,7.416,1475
"[27, 9648, 53]",en,The Boy,28.149,2016-01-22,The Boy,5.957,3699
"[16, 28, 10751, 878]",en,Astro Boy,24.393,2009-10-15,Astro Boy,6.31,1499
"[16, 27, 9648, 14]",ja,アラーニェの虫籠,36.315,2018-11-22,Aragne: Sign of Vermillion,4.2,5
[18],tl,Private Tutor,20.722,2024-08-27,Private Tutor,2.0,1
"[35, 10749]",en,Singin' in the Rain,23.889,1952-04-09,Singin' in the Rain,8.16,3092
"[80, 18, 9648, 53]",en,Primal Fear,21.637,1996-03-06,Primal Fear,7.659,3324
"[35, 10749]",en,Singin' in the Rain,23.889,1952-04-09,Singin' in the Rain,8.16,3092
"[80, 18, 9648, 53]",en,Primal Fear,21.637,1996-03-06,Primal Fear,7.659,3324
"[35, 80, 18]",en,Chicago,17.138,2002-12-10,Chicago,7.125,2567
"[878, 53, 9648]",en,Twelve Monkeys,31.136,1995-12-29,Twelve Monkeys,7.602,8238
[35],en,Step Brothers,22.888,2008-07-25,Step Brothers,6.561,3051
"[27, 10749]",ja,ザ・ギニーピッグ マンホールの中の人魚,17.625,1988-07-25,Guinea Pig: Mermaid in the Manhole,5.2,58
[18],de,3096 Tage,19.388,2013-02-21,3096 Days,7.4,877
"[10751, 16, 12, 35]",en,Antz,26.135,1998-10-02,Antz,6.166,4392
"[878, 12, 14]",en,Avatar: Fire and Ash,24.93,2025-12-17,Avatar: Fire and Ash,0.0,0
"[28, 18, 53]",en,Captain Phillips,29.636,2013-10-10,Captain Phillips,7.549,6829
"[28, 12, 14, 27, 878, 53]",en,Spawn,27.134,1997-07-31,Spawn,5.414,1324
"[18, 10749]",ko,불륜 동창회,22.189,2018-03-02,Adultery Alumni Association,6.8,10
[],ja,人妻セックス地獄,31.192,1974-03-16,人妻セックス地獄,5.5,2
[18],en,Shakespeare's Globe: Othello,16.372,2024-09-30,Shakespeare's Globe: Othello,0.0,0
"[12, 18, 10749, 28]",en,A Knight's Tale,23.632,2001-05-11,A Knight's Tale,6.867,2986
"[18, 10749, 878]",en,Passengers,25.821,2016-12-21,Passengers,6.948,13114
[18],en,The Virgin Suicides,20.132,2000-04-21,The Virgin Suicides,7.1,3187
"[28, 35, 80]",en,The Other Guys,21.882,2010-08-06,The Other Guys,6.31,4113
"[28, 53, 80]",en,S.W.A.T.,32.131,2003-08-08,S.W.A.T.,6.164,2461
"[35, 53, 9648]",en,Grinning is Winning,15.517,2024-09-30,Grinning is Winning,0.0,0
"[35, 27]",en,An American Werewolf in London,28.377,1981-08-21,An American Werewolf in London,7.408,2370
"[28, 12, 80, 53]",cn,飛鷹計劃,32.126,1991-02-07,Operation Condor,7.332,537
"[12, 18, 35]",en,Fear and Loathing in Las Vegas,19.876,1998-05-19,Fear and Loathing in Las Vegas,7.211,4537
"[27, 53, 9648]",en,Creep,33.376,2004-08-10,Creep,5.906,723
"[18, 80]",en,American Gangster,33.127,2007-11-02,American Gangster,7.585,5325
"[18, 27, 53]",en,Last Straw,26.084,2024-09-20,Last Straw,6.5,10
"[14, 12, 28]",en,The Sorcerer's Apprentice,26.127,2010-07-13,The Sorcerer's Apprentice,6.12,4877
"[28, 18]",ko,바람의 파이터,15.497,2004-08-12,Fighter in the Wind,7.155,165
"[28, 53, 878, 12]",en,The Island,29.625,2005-07-21,The Island,6.676,5305
"[16, 10751, 35]",en,Vivo,21.388,2021-07-30,Vivo,7.305,693
"[14, 27, 35]",en,Army of Darkness,23.622,1992-10-31,Army of Darkness,7.257,3095
"[10749, 35]",en,Gerontophilia,15.487,2013-08-28,Gerontophilia,6.0,83
"[16, 35, 10751]",en,Zootopia 2,24.67,2025-11-26,Zootopia 2,0.0,0
"[35, 18, 10749]",ko,젊은 형부,23.144,2016-10-11,Sister's Younger Husband,5.6,9
"[28, 80, 53]",id,The Raid 2: Berandal,26.123,2014-03-27,The Raid 2,7.605,2286
"[80, 18, 53]",en,Fargo,22.869,1996-03-08,Fargo,7.861,7962
"[12, 14, 16, 878, 10751]",ja,劇場版ポケットモンスター 幻のポケモン ルギア爆誕,29.868,1999-07-17,Pokémon the Movie 2000,6.681,829
"[35, 27]",en,Leprechaun 3,19.367,1995-06-27,Leprechaun 3,5.848,309
"[28, 53]",en,Agent Game,25.366,2022-04-08,Agent Game,5.1,91
"[53, 18, 10749]",es,Perras,24.118,2011-03-04,Perras,7.127,272
"[28, 35]",fr,Taxi 3,25.763,2003-01-29,Taxi 3,5.735,1480
"[10749, 18, 10402]",en,Step Up All In,25.762,2014-07-16,Step Up All In,6.837,1907
"[28, 27, 14]",en,The Crow: Wicked Prayer,25.762,2005-05-04,The Crow: Wicked Prayer,3.782,206
"[36, 18]",en,Big George Foreman,25.761,2023-04-27,Big George Foreman,7.537,258
[35],it,Avere vent'anni,25.757,1978-07-14,To Be Twenty,5.9,70
"[28, 53]",en,9 Bullets,25.754,2022-04-14,9 Bullets,5.379,128
"[12, 28]",en,The Flyboys,25.753,2008-08-15,The Flyboys,7.544,149
[99],fr,Rocco,25.75,2016-11-30,Rocco,5.6,168
"[35, 28, 16, 12]",ja,劇場版 NARUTO 大活劇! 雪姫忍法帖だってばよ!!,25.75,2004-08-21,Naruto the Movie: Ninja Clash in the Land of Snow,7.268,518
"[35, 18]",it,La dolce vita,25.747,1960-02-05,La Dolce Vita,8.1,1822
[28],cn,黃飛鴻'92之龍行天下,25.746,1992-05-28,The Master,6.4,115
"[18, 878]",en,The Handmaid's Tale,25.74,1990-02-15,The Handmaid's Tale,6.125,220
"[28, 53, 12, 878]",en,The Core,25.737,2003-03-28,The Core,5.804,1847
"[53, 27, 18]",en,Peeping Tom,25.734,1960-05-16,Peeping Tom,7.432,776
"[35, 16, 10751]",en,The Peanuts Movie,25.727,2015-11-05,The Peanuts Movie,6.905,1609
[10749],ko,이모의 유혹 3,25.719,2020-05-22,Aunt's Temptation 3,7.3,16
"[80, 18]",en,Casino,25.719,1995-11-22,Casino,8.004,5744
"[27, 53]",en,Halloween: Resurrection,25.703,2002-07-01,Halloween: Resurrection,4.608,1226
"[10749, 18]",ko,착한 형수,25.684,2016-10-27,Nice Sister-In-Law,1.0,1
[99],en,X-Rated 2: The Greatest Adult Stars of All-Time,25.683,2016-10-28,X-Rated 2: The Greatest Adult Stars of All-Time,6.8,100
"[10749, 18]",ko,착한 형수,26.888,2016-10-27,Nice Sister-In-Law,1.0,1
[99],en,X-Rated 2: The Greatest Adult Stars of All-Time,23.357,2016-10-28,X-Rated 2: The Greatest Adult Stars of All-Time,6.8,100
"[53, 80, 18]",en,Out of Time,15.409,2003-10-03,Out of Time,6.324,1134
"[18, 10749, 36]",en,Downton Abbey,35.951,2019-09-12,Downton Abbey,7.1,1108
"[18, 878]",en,Cloud Atlas,23.104,2012-10-26,Cloud Atlas,6.888,6986
"[18, 14]",en,Jesus,22.351,1979-10-19,Jesus,8.276,214
"[27, 35]",en,The Return of the Living Dead,30.35,1985-04-25,The Return of the Living Dead,7.154,2010
"[53, 18, 9648, 80]",en,Los iniciados,19.463,2023-07-06,The Initiated,7.148,44
"[18, 9648, 27]",en,Twin Peaks: Fire Walk with Me,23.6,1992-06-03,Twin Peaks: Fire Walk with Me,7.365,1872
"[28, 18, 53]",ta,த கிரேட்டஸ்ட் ஆஃப் ஆல் டைம்,34.797,2024-09-05,The Greatest of All Time,5.6,7
[18],fr,Holly,17.591,2023-11-22,Holly,5.8,6
[18],sv,Offret,15.395,1986-05-09,The Sacrifice,7.734,516
"[35, 10749]",en,No Strings Attached,35.601,2011-01-21,No Strings Attached,6.295,4635
[27],en,Darbie's Scream House,24.959,2024-10-01,Darbie's Scream House,0.0,0
"[27, 28]",en,Hellblazers,18.865,2022-01-21,Hellblazers,5.14,25
"[16, 28, 878, 18]",ja,シン・エヴァンゲリオン劇場版:||,24.86,2021-03-08,Evangelion: 3.0+1.0 Thrice Upon a Time,8.249,798
"[28, 12, 53, 878]",en,Moonraker,25.846,1979-06-26,Moonraker,6.156,1936
[18],en,How to Have Sex,33.653,2023-11-02,How to Have Sex,6.4,303
[18],en,To Kill a Mockingbird,25.346,1962-12-20,To Kill a Mockingbird,8.003,2562
"[10749, 35]",en,Fifty Shades of Black,18.85,2016-01-28,Fifty Shades of Black,4.883,1321
"[28, 12, 80, 27, 53]",en,Snakes on a Plane,23.845,2006-08-17,Snakes on a Plane,5.443,1738
"[53, 28, 12]",en,The Dogs of War,15.372,1980-12-17,The Dogs of War,5.7,135
"[27, 53]",en,Freddy's Dead: The Final Nightmare,28.593,1991-09-05,Freddy's Dead: The Final Nightmare,5.314,1293
[18],en,The Beautiful Game,15.368,2024-03-22,The Beautiful Game,6.391,137
"[80, 18, 53]",en,Panic Room,22.593,2002-03-29,Panic Room,6.777,4857
"[16, 35, 12, 10751]",en,Planes: Fire & Rescue,21.595,2014-07-17,Planes: Fire & Rescue,6.188,839
"[14, 16, 10751]",ja,借りぐらしのアリエッティ,26.843,2010-07-16,The Secret World of Arrietty,7.656,2786
[18],el,Miss Violence,15.362,2013-09-09,Miss Violence,6.996,480
"[53, 27, 9648]",en,Silent Hill: Revelation 3D,24.843,2012-10-10,Silent Hill: Revelation 3D,5.526,1606
"[9648, 35, 80]",en,Game Night,18.346,2018-02-15,Game Night,6.853,5705
"[28, 53, 12]",en,You Only Live Twice,29.589,1967-06-13,You Only Live Twice,6.565,2148
"[18, 80]",en,Kids,19.084,1995-07-28,Kids,6.871,1113
"[53, 80, 28]",en,Sudden Impact,28.334,1983-12-08,Sudden Impact,6.548,873
"[28, 14]",en,The Old Guard,18.594,2020-07-10,The Old Guard,7.145,4096
"[10749, 18]",ko,착한 여비서의 목적,27.268,2016-05-20,What a Good Secretary Wants,5.0,6
"[27, 53]",en,A Nightmare on Elm Street: The Dream Child,26.583,1989-08-11,A Nightmare on Elm Street: The Dream Child,5.413,1233
"[18, 35]",en,Hustle,25.854,2022-06-03,Hustle,7.761,2475
[27],de,Das Privileg - Die Auserwählten,20.35,2022-02-09,The Privilege,5.13,254
"[12, 18, 878]",en,Voyage to the Bottom of the Sea,15.322,1961-07-12,Voyage to the Bottom of the Sea,5.724,123
"[12, 18, 27]",it,Schiave bianche: violenza in Amazzonia,22.33,1985-08-09,Amazonia: The Catherine Miles Story,6.044,205
[18],hi,Agra,24.693,2023-09-29,Agra,5.0,2
"[12, 16, 35, 10751]",en,The Fox and the Hound 2,24.581,2006-11-09,The Fox and the Hound 2,6.01,645
"[28, 80]",en,Lock Up,34.328,1989-08-04,Lock Up,6.804,1188
"[18, 10749]",ja,余命10年,23.958,2022-03-04,The Last 10 Years,6.874,87
"[27, 878]",en,Demon Seed,26.328,1977-04-07,Demon Seed,5.878,226
"[16, 12, 14]",ja,Re:ゼロから始める異世界生活 Memory Snow,35.725,2018-10-06,Re:ZERO -Starting Life in Another World- Memory Snow,7.219,272
"[16, 10751, 14]",en,Fantasia,23.079,1940-11-13,Fantasia,7.356,3008
"[35, 14, 12]",en,The Wonderful Story of Henry Sugar,22.128,2023-09-20,The Wonderful Story of Henry Sugar,7.236,946
"[16, 878, 28]",ja,キングスグレイブ ファイナルファンタジーXV,15.832,2016-07-09,Kingsglaive: Final Fantasy XV,6.756,681
[18],en,Million Dollar Baby,23.827,2004-12-15,Million Dollar Baby,7.956,9429
"[18, 10749]",en,A Promise,15.299,2013-09-04,A Promise,5.6,131
"[35, 18, 10749]",en,The Apartment,25.325,1960-06-21,The Apartment,8.204,2252
"[53, 9648, 80]",en,The General's Daughter,18.325,1999-06-18,The General's Daughter,6.384,896
"[878, 27, 12]",en,The Last Boy on Earth,16.615,2024-08-01,The Last Boy on Earth,5.9,24
"[28, 14, 12]",zh,传说,20.686,2024-07-05,A Legend,5.3,13
"[10751, 12, 16, 35]",en,Stuart Little 2,32.574,2002-07-19,Stuart Little 2,5.768,2369
"[18, 53]",es,Heroico,23.375,2023-09-21,Heroic,7.239,182
"[27, 53]",en,Butchers Book Three: Bonesaw,26.743,2024-10-01,Butchers Book Three: Bonesaw,0.0,0
"[18, 10749]",cn,花樣年華,23.324,2000-09-29,In the Mood for Love,8.118,2670
[18],en,Lovelace,17.326,2013-08-08,Lovelace,6.016,679
"[18, 36, 53]",en,Firebrand,25.482,2024-03-27,Firebrand,6.4,60
"[28, 16, 878, 10751]",en,Superman: Doomsday,28.074,2007-09-18,Superman: Doomsday,6.713,601
[18],en,Gran Torino,18.321,2008-12-12,Gran Torino,7.992,10587
[35],es,El juego de las llaves,20.64,2022-04-13,The Key Game,5.892,60
[18],en,Crash,20.32,2005-05-06,Crash,7.218,3416
[18],en,Maid in Sweden,19.657,1971-11-03,Maid in Sweden,4.5,28
[18],en,Rocky V,27.316,1990-11-16,Rocky V,5.773,3139
[18],tl,Selina's Gold,25.435,2022-10-28,Selina's Gold,6.8,27
"[28, 12, 53]",en,Atomic Blonde,21.071,2017-07-26,Atomic Blonde,6.4,6133
"[35, 10749]",en,He's All That,22.831,2021-08-27,He's All That,6.524,1359
"[18, 12, 10751]",en,Fluke,15.258,1995-06-02,Fluke,7.122,255
"[10402, 35]",en,Sister Act 2: Back in the Habit,25.315,1993-12-09,Sister Act 2: Back in the Habit,6.371,1776
"[10751, 35]",en,"Alexander and the Terrible, Horrible, No Good, Very Bad Day",25.42,2014-10-08,"Alexander and the Terrible, Horrible, No Good, Very Bad Day",6.19,1313
"[878, 35, 12]",en,Hot Tub Time Machine,15.25,2010-03-26,Hot Tub Time Machine,6.037,2432
"[28, 12, 53]",en,The 355,25.416,2022-01-05,The 355,6.066,982
"[12, 10751, 878]",en,The Adventures of Sharkboy and Lavagirl,31.313,2005-06-10,The Adventures of Sharkboy and Lavagirl,5.176,1476
"[12, 35]",fr,Chien et Chat,15.487,2024-02-14,Cat and Dog,6.2,78
"[10749, 35, 28]",hi,Chennai Express,25.412,2013-08-08,Chennai Express,6.488,324
"[18, 36, 12, 28, 14, 9648]",ru,Чернобыль,33.574,2021-04-15,Chernobyl: Abyss,6.246,500
"[35, 10749]",en,Confessions of a Shopaholic,21.561,2009-02-05,Confessions of a Shopaholic,6.474,2574
"[35, 10749]",en,Confessions of a Shopaholic,21.561,2009-02-05,Confessions of a Shopaholic,6.474,2574
"[28, 80, 18, 53]",en,Son of a Gun,22.312,2014-10-16,Son of a Gun,6.383,749
"[53, 18, 27]",ja,性の劇薬,19.787,2020-02-14,Dangerous Drugs of Sex,6.4,24
[10751],en,Olympians at Heart,19.913,2021-07-17,Olympians at Heart,8.0,3
[18],en,The Nativity Story,15.227,2006-11-30,The Nativity Story,6.981,213
"[80, 35]",en,Big Momma's House,24.058,2000-05-31,Big Momma's House,5.818,2272
"[10749, 18]",en,My Mistress,26.36,2014-08-14,My Mistress,5.1,60
"[18, 35]",en,Naked,15.223,1993-09-14,Naked,7.3,537
"[16, 12, 10751]",en,Kubo and the Two Strings,28.06,2016-08-18,Kubo and the Two Strings,7.633,3528
[35],en,Neighbors,21.059,2014-05-08,Neighbors,6.188,6863
"[35, 18]",en,The Big Short,28.059,2015-12-11,The Big Short,7.352,8890
"[10749, 18]",en,Sensual Exposure,25.293,1993-01-01,Sensual Exposure,6.6,8
"[18, 9648, 35]",en,Inherent Vice,25.629,2014-12-12,Inherent Vice,6.6,2450
"[35, 10749]",en,It's Complicated,15.203,2009-12-23,It's Complicated,6.504,1374
"[10751, 878, 35, 12]",en,R.A.D.A.R.: The Adventures of the Bionic Dog,24.063,2023-06-27,R.A.D.A.R.: The Adventures of the Bionic Dog,7.2,24
"[12, 10751, 14]",en,City of Ember,29.802,2008-10-07,City of Ember,6.336,1706
"[16, 35, 12]",zh,新大头儿子和小头爸爸6：迷你大冒险,35.452,2024-10-01,New Happy Dad and Son 6 :Shrunk,0.0,0
[35],es,El Roomie,31.454,2024-01-18,The Roommate,7.733,86
"[53, 9648]",en,Across the Hall,15.192,2009-08-27,Across the Hall,5.9,106
[18],en,American History X,19.048,1998-07-01,American History X,8.3,11446
"[14, 35, 10749]",en,Midnight in Paris,21.298,2011-05-11,Midnight in Paris,7.532,7199
"[12, 28, 53]",th,องค์บาก 2,27.547,2008-12-04,Ong Bak 2,6.403,622
"[12, 28, 53]",en,Mission: Impossible II,33.796,2000-05-24,Mission: Impossible II,6.128,6640
"[28, 53, 10749]",en,The Tourist,20.545,2010-12-08,The Tourist,6.184,5345
"[27, 9648]",en,Paranormal Activity: Next of Kin,23.81,2021-10-29,Paranormal Activity: Next of Kin,6.1,648
"[10749, 18]",fr,La Passion de Dodin Bouffant,23.102,2023-11-08,The Taste of Things,7.035,228
"[16, 14]",ja,劇場版 七つの大罪 光に呪われし者たち,23.807,2021-07-02,The Seven Deadly Sins: Cursed by Light,7.732,473
"[28, 80]",pl,Plan lekcji,26.07,2022-11-23,Lesson Plan,6.156,163
"[16, 28]",ja,炎の中忍試験！ナルトvs木ノ葉丸！！,20.054,2011-07-30,Chunin Exam on Fire! and Naruto vs. Konohamaru!,7.4,67
"[35, 16, 12]",es,Mortadelo y Filemón contra Jimmy el Cachondo,15.159,2014-08-30,Mortadelo and Filemon: Mission Implausible,6.6,165
"[18, 80, 53]",en,The Informer,17.299,2019-08-30,The Informer,6.53,829
"[18, 53]",tl,Salawahan,24.4,2024-02-02,Salawahan,1.0,1
"[16, 10751]",en,Gnomeo & Juliet,20.79,2011-01-13,Gnomeo & Juliet,5.9,1922
"[12, 9648, 80]",en,Enola Holmes,19.298,2020-09-23,Enola Holmes,7.278,5946
"[35, 18, 10749]",en,Hitch,20.786,2005-02-11,Hitch,6.562,5688
"[27, 53]",fr,L'Étrange Couleur des larmes de ton corps,15.139,2013-08-12,The Strange Color of Your Body's Tears,6.3,122
"[878, 12, 28]",en,The 5th Wave,21.037,2016-01-14,The 5th Wave,5.944,5688
"[53, 80]",en,Cape Fear,21.532,1991-11-13,Cape Fear,7.264,3380
"[28, 35, 80]",en,Beverly Hills Cop II,24.28,1987-05-18,Beverly Hills Cop II,6.504,2487
"[28, 80]",en,Parker,26.033,2013-01-23,Parker,6.039,2994
"[35, 18]",es,Los amantes astronautas,21.371,2024-06-20,The Astronaut Lovers,9.3,5
"[35, 36]",en,Unfrosted,16.656,2024-04-30,Unfrosted,5.29,245
"[35, 14, 10749]",en,Teen Wolf,25.528,1985-08-23,Teen Wolf,6.191,1124
"[27, 53]",en,Day of the Woman,25.028,1978-11-02,Day of the Woman,6.012,616
"[28, 12, 53]",en,Big Game,16.032,2015-03-19,Big Game,5.494,1126
"[14, 53, 27]",en,The Unhealer,28.199,2020-10-09,The Unhealer,6.139,72
"[12, 35, 10751]",en,Sky High,25.778,2005-07-29,Sky High,6.238,2267
"[28, 12, 35, 10751]",en,Popeye,15.777,1980-12-12,Popeye,5.4,600
"[18, 10749]",en,Remember Me,16.279,2010-03-11,Remember Me,7.115,3498
"[12, 35, 18]",en,Hunt for the Wilderpeople,22.281,2016-03-31,Hunt for the Wilderpeople,7.66,2029
"[18, 10749, 37]",en,All the Pretty Horses,15.101,2000-12-11,All the Pretty Horses,5.7,221
"[35, 14, 878]",en,Mars Attacks!,25.524,1996-12-13,Mars Attacks!,6.408,5333
"[18, 12, 37]",en,True Grit,25.276,2010-12-22,True Grit,7.307,5186
"[28, 12, 35, 878, 10751]",en,Secret Headquarters,26.548,2022-08-12,Secret Headquarters,6.489,351
[35],ja,Gokuraku sentô: Kyonyû yumomi,23.396,2011-08-11,Gokuraku Sento Busty Hot Water Momi,4.0,4
"[35, 18, 10749]",en,Cart Pushers,24.532,2024-10-01,Cart Pushers,0.0,0
"[12, 10749, 18]",en,Blue Crush,18.774,2002-08-08,Blue Crush,5.968,518
[35],en,You Are So Not Invited to My Bat Mitzvah,28.569,2023-08-18,You Are So Not Invited to My Bat Mitzvah,6.421,404
"[18, 53]",en,Hard Candy,27.272,2005-01-14,Hard Candy,6.823,2516
"[18, 80]",en,Undisputed,24.521,2002-07-17,Undisputed,6.526,710
"[35, 18]",ml,വാഴ,18.305,2024-08-15,Vaazha: Biopic of a Billion Boys,5.5,4
"[27, 53]",en,Eden Lake,24.022,2008-09-12,Eden Lake,6.816,1739
"[16, 10751]",en,Thanksgiving In Wonderland,24.391,2024-10-01,Thanksgiving In Wonderland,0.0,0
"[28, 12, 80, 878, 53]",en,RoboCop 2,23.517,1990-06-22,RoboCop 2,6.001,1852
"[10749, 18]",en,Swung,35.146,2015-06-19,Swung,5.5,50
"[10751, 16, 9648, 12, 35, 14]",en,Scooby-Doo! Music of the Vampire,17.018,2012-03-07,Scooby-Doo! Music of the Vampire,7.734,192
"[80, 53, 35]",de,Der Knochenmann,15.061,2009-02-09,The Bone Man,7.288,99
"[12, 16, 10751, 35, 14]",en,DuckTales: The Movie - Treasure of the Lost Lamp,29.015,1990-08-03,DuckTales: The Movie - Treasure of the Lost Lamp,6.7,856
"[16, 10749, 10751, 14]",en,Cinderella III: A Twist in Time,23.517,2007-02-06,Cinderella III: A Twist in Time,6.534,1232
"[12, 10751, 14]",en,Labyrinth,22.764,1986-06-27,Labyrinth,7.279,2381
"[27, 878]",en,The Last Man on Earth,15.053,1964-05-06,The Last Man on Earth,6.537,421
"[16, 12, 14, 10751]",en,200% Wolf,19.133,2024-07-04,200% Wolf,5.3,5
"[12, 14, 28, 53]",en,Cirque du Freak: The Vampire's Assistant,24.014,2009-10-23,Cirque du Freak: The Vampire's Assistant,5.815,1064
"[27, 878]",es,Dark Parasite,35.105,2023-10-25,Dark Parasite,5.769,13
"[18, 10749]",en,Heavenly Bodies,20.4,1984-02-01,Heavenly Bodies,5.6,13
"[10751, 10749]",ru,Пальма,25.523,2021-03-18,A Dog Named Palma,8.1,168
"[10752, 18]",en,Come Out Fighting,23.277,2023-05-19,Come Out Fighting,4.793,41
[10749],ko,음란 주택: 노예가 된 아내,31.579,2020-02-06,Obscene House: Slave Wife,5.5,2
"[878, 53, 27]",en,Latency,24.478,2024-06-14,Latency,5.8,18
"[80, 27, 53]",en,Saw,20.009,2003-10-16,Saw,7.023,577
"[28, 18, 10751, 12]",en,The Next Karate Kid,23.758,1994-07-18,The Next Karate Kid,5.347,992
[18],th,คนหิว เกมกระหาย,27.043,2023-04-04,Hunger,7.286,384
"[35, 53, 80, 9648]",en,Clue,29.757,1985-12-13,Clue,7.228,1677
"[878, 28]",en,Outlander,24.259,2008-04-24,Outlander,6.443,1248
"[16, 35, 10751, 14, 27]",es,Frankelda y el Príncipe de los Sustos,35.064,2024-10-02,Frankelda and the Prince of Spooks,0.0,0
"[16, 35, 10751, 9648]",en,Scoob!,22.518,2020-07-08,Scoob!,7.1,1673
[35],en,The Three Stooges,23.51,2012-04-13,The Three Stooges,5.754,572
"[27, 9648]",en,Mirrors,19.008,2008-08-15,Mirrors,6.28,1807
"[12, 28, 35]",cn,龍兄虎弟,32.505,1986-08-16,Armour of God,7.052,541
"[28, 12, 35, 80, 53]",en,Charlie's Angels,34.006,2000-11-02,Charlie's Angels,5.835,4089
[99],en,The Rise of Espresso,23.731,2024-10-01,The Rise of Espresso,0.0,0
"[35, 80, 28]",en,The Nice Guys,19.259,2016-05-15,The Nice Guys,7.118,7817
"[27, 14, 53]",en,Dark Harvest,19.308,2023-10-11,Dark Harvest,5.996,220
"[28, 80, 53]",en,Safe,30.755,2012-04-16,Safe,6.485,2418
"[28, 80, 53]",en,S.W.A.T.: Under Siege,22.258,2017-08-01,S.W.A.T.: Under Siege,5.849,362
"[27, 53, 9648]",en,Hellraiser: Hellseeker,19.753,2002-10-15,Hellraiser: Hellseeker,4.971,340
[],fr,Les chevaliers du fiel dynamitent 2019,25.252,2020-03-01,Les chevaliers du fiel dynamitent 2019,5.3,8
[18],gl,As Neves,22.698,2024-05-10,As Neves,6.2,2
"[28, 35]",en,Ride Along 2,26.756,2016-01-14,Ride Along 2,6.3,1639
"[28, 12, 878, 14]",en,Transformers: Rise of the Beasts 3,24.25,,Transformers: Rise of the Beasts 3,0.0,0
"[28, 12, 878, 14]",en,Transformers: Rise of the Beasts 3,24.25,,Transformers: Rise of the Beasts 3,0.0,0
"[16, 35, 10751]",en,The Soccer Football Movie,25.026,2022-11-09,The Soccer Football Movie,5.819,116
"[878, 53, 18]",en,Gravity,23.252,2013-10-03,Gravity,7.166,15170
"[28, 18]",yo,Jagun Jagun,23.475,2023-08-10,Jagun Jagun,6.616,56
"[12, 10751, 14]",en,Pete's Dragon,25.002,2016-08-10,Pete's Dragon,6.386,2169
"[14, 28, 35, 878]",te,హను-మాన్,20.641,2024-01-11,Hanu-Man,6.342,19
"[28, 80, 53, 35]",en,Cold Pursuit,31.005,2019-02-07,Cold Pursuit,5.821,2539
"[18, 28]",en,Never Back Down 2: The Beatdown,34.5,2011-09-13,Never Back Down 2: The Beatdown,6.45,634
"[878, 28, 80]",en,RoboCop,27.25,2014-01-30,RoboCop,5.874,5418
"[28, 53, 80]",en,Deep Cover,14.985,1992-04-15,Deep Cover,6.7,204
"[35, 10751]",en,Paulie,18.746,1998-04-17,Paulie,6.782,459
[18],en,My Sister's Keeper,31.997,2009-06-26,My Sister's Keeper,7.371,2060
"[12, 14, 28, 35, 53]",en,The Brothers Grimm,17.495,2005-08-26,The Brothers Grimm,5.838,2702
"[10751, 16]",en,Barbie: A Fashion Fairytale,23.495,2010-09-14,Barbie: A Fashion Fairytale,7.218,749
"[27, 53, 9648]",en,I Know What You Did Last Summer,27.743,1997-10-17,I Know What You Did Last Summer,5.96,2719
"[27, 28, 18]",cn,殭屍,14.968,2013-09-06,Rigor Mortis,6.034,177
"[28, 80, 53]",en,Escape Plan: The Extractors,20.125,2019-06-20,Escape Plan: The Extractors,5.38,829
"[18, 27, 53]",en,mother!,21.748,2017-09-13,mother!,6.972,6585
"[878, 28, 12, 10751]",en,Crater,21.029,2023-05-12,Crater,6.7,260
[35],fr,Les Bronzés 3 : Amis pour la vie,14.959,2006-02-01,French Fried Vacations 3: Friends Forever,4.083,708
"[28, 878, 27]",ja,シン・ゴジラ,20.243,2016-07-29,Shin Godzilla,7.2,1268
[27],en,House On Haunted Hill,24.916,2024-10-01,House On Haunted Hill,0.0,0
[18],en,Hillbilly Elegy,26.25,2020-11-09,Hillbilly Elegy,6.721,888
"[12, 14, 10402, 10751]",en,The Magic Flute,24.012,2022-09-30,The Magic Flute,6.5,102
[35],en,Liar Liar,22.236,1997-03-21,Liar Liar,6.688,5559
"[18, 53, 35]",es,Relatos salvajes,22.489,2014-08-21,Wild Tales,7.871,3331
"[27, 878]",en,The Return,21.497,2020-09-05,The Return,6.8,288
"[35, 18]",en,Roger Dodger,30.486,2002-05-09,Roger Dodger,6.11,181
"[28, 12, 37]",en,The Legend of Zorro,25.486,2005-10-24,The Legend of Zorro,6.123,2835
"[27, 53]",en,Jason Goes to Hell: The Final Friday,22.234,1993-08-13,Jason Goes to Hell: The Final Friday,4.577,961
"[28, 53]",en,Aftermath,19.957,2024-09-27,Aftermath,0.0,0
"[10749, 18]",fr,Passion simple,24.89,2021-01-14,Simple Passion,5.695,87
"[12, 10751, 14]",en,Inkheart,19.235,2008-12-11,Inkheart,6.295,2078
[99],en,No Half Measures: Creating the Final Season of Breaking Bad,21.986,2013-11-26,No Half Measures: Creating the Final Season of Breaking Bad,8.446,111
"[12, 35, 10751, 878]",en,"Honey, I Blew Up the Kid",22.982,1992-07-16,"Honey, I Blew Up the Kid",5.241,1150
"[18, 10749]",en,Blue Valentine,17.484,2010-12-26,Blue Valentine,6.944,3168
"[35, 80, 53, 18]",en,I Care a Lot,24.245,2021-02-19,I Care a Lot,6.604,2636
"[878, 53]",en,I.S.S.,18.806,2024-01-19,I.S.S.,5.855,207
"[27, 878]",en,The Loch Ness Horror,24.518,2023-11-07,The Loch Ness Horror,5.927,41
[99],en,"Little, Big, and Far",24.858,2024-10-01,"Little, Big, and Far",0.0,0
[99],en,"Little, Big, and Far",25.467,2024-10-01,"Little, Big, and Far",0.0,0
"[878, 28]",en,They Live,27.479,1988-11-04,They Live,7.296,2978
"[28, 35, 10751]",en,The Spy Next Door,23.98,2010-01-15,The Spy Next Door,5.866,1276
"[27, 878, 9648]",en,Event Horizon,29.478,1997-08-15,Event Horizon,6.534,2779
"[16, 18, 10751, 36, 99]",fr,Interdit aux chiens et aux Italiens,16.007,2023-01-25,No Dogs or Italians Allowed,7.451,113
"[80, 18, 10749, 53]",en,Witness,18.726,1985-02-08,Witness,7.099,1634
"[28, 53]",en,Diamonds Are Forever,25.726,1971-12-14,Diamonds Are Forever,6.385,2058
"[14, 12, 35, 10751]",fr,Astérix aux Jeux olympiques,18.228,2008-01-25,Asterix at the Olympic Games,5.2,1948
"[18, 27, 53]",en,Flatliners,34.775,2017-09-28,Flatliners,5.665,2243
"[53, 18]",en,Zero Dark Thirty,24.479,2012-12-19,Zero Dark Thirty,6.993,4431
"[10751, 35]",en,Good Burger 2,26.307,2023-11-22,Good Burger 2,6.482,84
"[35, 10749]",en,Shallow Hal,24.974,2001-11-01,Shallow Hal,6.158,2855
"[27, 9648]",en,Fear Street: 1994,25.238,2021-06-28,Fear Street: 1994,6.703,2247
[18],fr,Trois couleurs : Bleu,28.723,1993-09-08,Three Colors: Blue,7.7,1649
"[35, 80, 9648, 10770]",en,Mr. Monk's Last Case: A Monk Movie,33.287,2023-12-08,Mr. Monk's Last Case: A Monk Movie,7.085,135
"[16, 9648, 10751, 27]",en,Scooby-Doo on Zombie Island,28.723,1998-09-22,Scooby-Doo on Zombie Island,7.664,736
"[53, 80, 18]",en,The Gambler,34.735,2014-12-25,The Gambler,5.992,1378
"[18, 37, 10749]",en,Heaven's Gate,20.471,1980-11-19,Heaven's Gate,6.763,354
"[10749, 14, 18, 35]",en,Groundhog Day,20.22,1993-02-11,Groundhog Day,7.61,7888
[99],en,A Poem for My Blanket,26.192,2024-10-01,A Poem for My Blanket,0.0,0
[10749],en,粉色樱与大眠王,24.792,2021-07-06,Why Women Cheat,2.8,4
"[27, 9648, 18]",fr,Saint Ange,24.789,2004-06-23,House of Voices,5.876,169
"[10749, 18]",en,Message in a Bottle,24.786,1999-02-22,Message in a Bottle,6.255,754
"[35, 80]",en,The Art of the Steal,24.784,2013-09-20,The Art of the Steal,6.163,547
"[16, 35, 10751]",en,Norm of the North: Keys to the Kingdom,24.781,2018-08-31,Norm of the North: Keys to the Kingdom,5.1,36
"[18, 10749]",hi,My Name Is Khan,24.781,2010-02-10,My Name Is Khan,8.034,1293
"[10749, 18]",ko,내 이웃의 아내,24.778,2016-07-28,My Neighbor's Wife,3.0,5
"[18, 35]",en,The Station Agent,24.772,2003-12-05,The Station Agent,7.345,650
"[28, 12, 37]",en,The Lone Ranger,24.769,2013-07-03,The Lone Ranger,6.1,5756
"[28, 18, 36, 10752]",en,Defiance,24.769,2008-12-31,Defiance,6.843,1706
"[18, 10749]",id,Kelas Bintang - Hot Moms,24.768,2023-02-09,Kelas Bintang - Hot Moms,0.0,0
[18],ja,恋は緑の風の中,24.766,1974-11-23,Love Is in the Green Wind,10.0,2
"[27, 53]",en,Paranormal Activity: The Marked Ones,24.763,2014-01-01,Paranormal Activity: The Marked Ones,5.4,1411
"[28, 35, 27, 878, 53]",en,Tremors 3: Back to Perfection,24.757,2001-10-02,Tremors 3: Back to Perfection,5.79,615
"[12, 16, 35, 10751]",en,Storks,24.756,2016-09-22,Storks,6.656,2309
[28],zh,唐山大兄,24.75,1971-10-23,The Big Boss,7.108,727
"[80, 28, 35]",en,Johnny English Reborn,24.746,2011-09-15,Johnny English Reborn,6.235,3242
"[28, 53]",en,Hummingbird,24.741,2013-05-07,Hummingbird,6.162,1669
"[18, 10749]",id,Pepaya Gantung,24.734,2023-04-28,Pepaya Gantung,0.0,0
[27],en,Antrum,24.727,2018-10-14,Antrum,5.866,307
"[18, 10749]",id,Pepaya Gantung,15.247,2023-04-28,Pepaya Gantung,0.0,0
[27],en,Antrum,21.467,2018-10-14,Antrum,5.866,307
"[28, 80]",ja,不良姐御伝 猪の鹿お蝶,14.833,1973-02-17,Sex and Fury,6.1,85
"[14, 35, 27]",en,High Spirits,14.83,1988-11-18,High Spirits,5.786,210
"[18, 35]",en,The Banshees of Inisherin,22.234,2022-10-20,The Banshees of Inisherin,7.5,2670
[35],en,Dirty Grandpa,20.96,2016-01-20,Dirty Grandpa,5.93,4331
"[80, 18, 53]",en,Donnie Brasco,21.204,1997-02-27,Donnie Brasco,7.54,4358
"[35, 80, 27, 14]",en,The Voices,23.207,2014-01-19,The Voices,6.25,1723
"[35, 18]",en,Patch Adams,34.454,1998-12-25,Patch Adams,7.313,3164
"[35, 99]",en,Jackass Forever,15.471,2022-02-01,Jackass Forever,6.827,764
[53],ko,독전 2,23.145,2023-10-05,Believer 2,6.807,88
"[35, 18]",es,Mi prima la sexóloga 2 (de la fantasía a la realidad),17.281,2024-05-15,Mi prima la sexóloga 2 (de la fantasía a la realidad),6.877,73
"[53, 18, 12]",fr,Soudain seuls,24.765,2023-12-06,Suddenly,6.388,116
"[28, 12, 80, 9648, 53]",en,xXx: State of the Union,29.451,2005-04-27,xXx: State of the Union,5.041,1814
[80],en,El Padrino II: Border Intrusion,26.072,2008-01-01,El Padrino II: Border Intrusion,6.2,4
"[28, 878, 53, 10749]",th,สลิธ โปรเจกต์ล่า,32.767,2023-12-05,Slyth: The Hunt Saga,5.9,9
[18],ja,天使のはらわた 赤い淫画,19.929,1981-12-25,Angel Guts: Red Porno,5.866,41
[27],en,Triangle,21.2,2009-10-16,Triangle,6.928,2523
"[18, 9648]",en,Winter's Bone,16.7,2010-06-11,Winter's Bone,6.811,1745
"[16, 10749]",ja,映画 ギヴン 柊mix,23.776,2024-01-27,Given The Movie : Hiiragi Mix,0.0,0
"[16, 878, 28, 12]",en,Justice League: The Flashpoint Paradox,25.449,2013-07-30,Justice League: The Flashpoint Paradox,7.89,1807
"[16, 28, 14]",ja,ドラゴンボールＺ オラの悟飯をかえせッ!!,22.194,1989-07-15,Dragon Ball Z: Dead Zone,6.745,531
"[28, 53]",en,Day of the Warrior,17.424,1996-02-14,Day of the Warrior,4.7,41
"[878, 28, 12, 53]",en,Serenity,15.693,2005-09-25,Serenity,7.373,3441
"[28, 53]",en,Mile 22,14.768,2018-08-16,Mile 22,6.221,2182
"[28, 35, 10749]",en,Shotgun Wedding,27.472,2022-12-28,Shotgun Wedding,6.311,1143
"[35, 10751, 10770]",en,Home Alone 4,27.943,2002-11-03,Home Alone 4,4.5,1236
"[16, 35, 10751, 14]",en,The Boxtrolls,21.195,2014-09-10,The Boxtrolls,6.677,1651
"[35, 10749]",en,The 40 Year Old Virgin,23.942,2005-08-11,The 40 Year Old Virgin,6.402,6597
"[10749, 35, 18]",en,Risky Business,16.69,1983-08-05,Risky Business,6.609,1262
"[16, 878, 28, 18]",ja,ヱヴァンゲリヲン新劇場版：序,29.442,2007-09-01,Evangelion: 1.0 You Are (Not) Alone,7.599,932
[35],en,Daddy's Home,26.194,2015-12-25,Daddy's Home,6.275,3138
"[28, 53, 80]",en,The Mechanic,28.191,2011-01-13,The Mechanic,6.526,3203
"[28, 53]",en,Extraction 3,20.438,,Extraction 3,0.0,0
[],en,Halloween Party,14.752,2024-09-30,Halloween Party,0.0,0
"[35, 18]",da,Druk,17.95,2020-09-24,Another Round,7.639,3191
"[14, 18, 10751]",en,16 Wishes,24.44,2010-10-02,16 Wishes,6.295,1299
"[28, 80, 53, 18]",en,Little Dixie,16.968,2023-02-03,Little Dixie,5.807,137
"[12, 14]",en,Clash of the Titans,30.187,1981-06-12,Clash of the Titans,6.9,743
"[10751, 16, 28, 12, 35]",en,The Lego Ninjago Movie,21.443,2017-09-21,The Lego Ninjago Movie,6.498,1028
"[28, 18, 878]",en,Deep Impact,24.562,1998-05-08,Deep Impact,6.224,2927
"[12, 14, 27]",en,King Kong,24.553,1933-03-15,King Kong,7.6,1444
[53],tl,Salakab,24.549,2023-11-17,Salakab,4.5,2
"[10402, 10749, 35, 18]",en,Tumbledown,24.543,2015-04-18,Tumbledown,6.224,163
[53],en,Girl,24.538,2020-12-11,Girl,6.094,212
"[16, 28, 18, 878]",ja,機動戦士ガンダム 閃光のハサウェイ,24.536,2021-06-11,Mobile Suit Gundam Hathaway,7.347,118
[27],en,The Resort,24.535,2021-04-30,The Resort,5.727,244
"[10751, 14, 35]",en,Mr. Magorium's Wonder Emporium,24.521,2007-11-14,Mr. Magorium's Wonder Emporium,6.233,1229
"[28, 35, 10751]",en,Paul Blart: Mall Cop 2,24.52,2015-04-16,Paul Blart: Mall Cop 2,5.161,1527
[27],ja,レイプゾンビ5 LUST OF THE DEAD 新たなる絶望,24.519,2014-09-03,Rape Zombie: Lust of the Dead 5,7.301,68
"[35, 27]",en,Doghouse,24.513,2009-06-11,Doghouse,5.856,355
"[10749, 18]",ko,내 손끝에 너의 온도가 닿을 때,24.512,2024-05-15,The Time Of Fever,9.3,2
"[99, 18]",en,David Attenborough: A Life on Our Planet,24.512,2020-09-28,David Attenborough: A Life on Our Planet,8.481,347
"[10749, 18]",en,The House of the Spirits,24.511,1993-10-21,The House of the Spirits,6.895,673
"[18, 35]",en,Wish I Was Here,24.506,2014-07-18,Wish I Was Here,6.549,712
"[28, 12, 18]",en,Robinson Crusoe,24.497,1997-05-12,Robinson Crusoe,5.874,215
"[10751, 12, 16, 10749]",en,The Return of Jafar,24.496,1994-05-20,The Return of Jafar,6.2,3318
"[18, 10402]",en,Ray,24.495,2004-10-29,Ray,7.448,1942
"[28, 12, 53, 18]",fr,Athena,24.491,2022-09-09,Athena,6.6,713
[99],de,The Substance: Albert Hofmann's LSD,24.49,2011-11-17,The Substance: Albert Hofmann's LSD,6.9,22
"[28, 12, 53, 18]",fr,Athena,27.949,2022-09-09,Athena,6.6,713
[99],de,The Substance: Albert Hofmann's LSD,18.587,2011-11-17,The Substance: Albert Hofmann's LSD,6.9,22
"[28, 80, 53]",en,Mob Land,22.009,2023-08-04,Mob Land,5.5,68
"[18, 37, 36]",en,Hostiles,16.929,2017-12-22,Hostiles,6.9,2245
"[35, 18, 10749]",en,Secretary,24.673,2002-09-20,Secretary,6.8,1594
[99],en,One Crazy Summer: A Look Back at Gravity Falls,34.269,2018-07-24,One Crazy Summer: A Look Back at Gravity Falls,7.833,6
"[10749, 18]",en,Love at First Sight,21.973,2023-09-15,Love at First Sight,7.252,550
"[28, 12, 16]",en,Jurassic World Camp Cretaceous: Hidden Adventure,26.299,2022-11-15,Jurassic World Camp Cretaceous: Hidden Adventure,5.725,20
"[53, 18]",en,Anna,17.173,2013-10-13,Anna,6.485,638
"[18, 53]",de,Das Leben der Anderen,18.919,2006-03-23,The Lives of Others,8.032,3610
[],en,Spenser Confidential 2,18.165,,Spenser Confidential 2,0.0,0
"[35, 80]",en,Police Academy 2: Their First Assignment,26.415,1985-03-28,Police Academy 2: Their First Assignment,6.065,1514
"[10749, 35]",en,Prom Pact,17.447,2023-03-30,Prom Pact,7.299,149
"[35, 80, 18]",ko,플란다스의 개,14.644,2000-02-19,Barking Dogs Never Bite,6.826,242
"[28, 80, 18, 53, 9648]",en,Armored,18.413,2009-12-04,Armored,5.714,625
"[36, 18, 10749]",es,La virgen roja,29.408,2024-09-27,The Red Virgin,10.0,1
[28],es,El puño del cóndor,24.455,2023-04-04,Fist of the Condor,7.3,67
"[28, 35]",fr,Taxi 2,17.411,2000-03-25,Taxi 2,6.247,1697
"[35, 10749]",en,Long Shot,16.669,2019-05-02,Long Shot,6.7,2629
"[35, 10749]",en,Waiting...,20.659,2005-10-07,Waiting...,6.278,832
"[10751, 10770, 35]",en,Princess Protection Program,21.91,2009-06-13,Princess Protection Program,6.645,1680
"[18, 36]",en,Dallas Buyers Club,19.66,2013-11-01,Dallas Buyers Club,7.929,8376
"[18, 10752, 9648]",fr,Incendies,18.158,2010-09-17,Incendies,8.106,2674
"[18, 53]",en,Sanctuary,24.372,2023-04-06,Sanctuary,6.137,172
"[28, 12, 35, 80, 53]",en,RED,22.658,2010-10-13,RED,6.702,6619
"[18, 35]",en,"I, Tonya",24.368,2017-12-08,"I, Tonya",7.49,5733
"[16, 10749, 878]",ja,君を愛したひとりの僕へ,24.365,2022-10-07,"To Me, the One Who Loved You",5.903,67
"[18, 10749]",ko,소울메이트,21.629,2023-03-15,Soulmate,7.771,48
"[18, 80, 53]",en,Mea Culpa,34.098,2024-02-22,Mea Culpa,5.736,159
"[28, 53, 18]",pt,Carga Máxima,21.955,2023-09-27,Overhaul,6.7,125
"[18, 10749, 36]",en,Little Women,28.413,2019-12-25,Little Women,7.882,6184
"[35, 10751]",en,Air Bud,15.401,1997-08-01,Air Bud,5.6,461
"[18, 35]",en,Lady Bird,24.331,2017-09-01,Lady Bird,7.265,8374
"[28, 18, 53]",en,Body of Lies,20.651,2008-10-09,Body of Lies,6.628,2967
"[28, 12, 18]",en,Quicksilver,14.593,1986-02-14,Quicksilver,5.6,90
[27],ja,まいちゃんの日常,24.319,2016-02-25,Mai-chan's Daily Life: The Movie,5.25,12
"[35, 80]",en,Big Momma's House 2,23.399,2006-01-26,Big Momma's House 2,5.767,1564
"[18, 12]",en,Noah,22.902,2014-03-07,Noah,5.668,6147
[18],ja,晩春,14.589,1949-09-13,Late Spring,7.984,401
"[27, 53, 14]",en,Doctor Sleep,22.907,2019-10-30,Doctor Sleep,7.15,4327
"[35, 10749, 18]",en,Bridget Jones's Diary,20.896,2001-04-13,Bridget Jones's Diary,6.749,4947
"[16, 28, 14]",zh,新神榜：哪吒重生,24.157,2021-02-06,New Gods: Nezha Reborn,8.111,410
"[9648, 53, 28]",en,The Guest,23.898,2014-09-05,The Guest,6.656,1924
"[18, 10749]",fr,Collections privées,34.012,1979-06-27,Private Collections,5.231,13
"[28, 80, 53]",cn,警察故事 III：超級警察,21.894,1992-07-04,Police Story 3: Super Cop,6.837,486
"[12, 14, 18]",en,Big Fish,17.645,2003-12-25,Big Fish,7.761,7091
"[10749, 18]",ru,Русская Лолита,22.914,2007-01-03,Russian Lolita,5.1,104
"[18, 35, 53]",en,Babygirl,33.995,2024-12-25,Babygirl,0.0,0
"[12, 18]",en,Return to the Blue Lagoon,29.142,1991-08-02,Return to the Blue Lagoon,6.223,1154
"[16, 18, 10751]",en,Us Again,21.156,2021-03-03,Us Again,7.8,311
"[27, 9648, 53]",en,The Final Conflict,28.642,1981-03-20,The Final Conflict,5.811,551
[18],tl,Dilig,21.281,2024-01-30,Dilig,3.5,2
"[9648, 53]",en,Identity,20.892,2003-04-25,Identity,7.183,3808
"[10752, 18, 36, 28]",en,The Outpost,33.972,2020-06-24,The Outpost,6.9,1019
"[10751, 16]",en,Strawberry Shortcake's Spring Spectacular,31.088,2024-01-25,Strawberry Shortcake's Spring Spectacular,7.8,4
"[27, 878, 9648, 53]",en,Life,21.895,2017-03-22,Life,6.443,7249
"[16, 28, 12, 10751]",en,Tarzan,14.891,2013-10-17,Tarzan,5.686,588
"[10402, 35, 10751, 14, 18]",en,The Muppet Christmas Carol,18.137,1992-12-10,The Muppet Christmas Carol,7.403,947
"[878, 27, 53]",en,The Visitor,15.43,2024-09-30,The Visitor,0.0,0
"[10751, 35]",en,The Bad News Bears,14.54,1976-04-06,The Bad News Bears,6.9,292
"[10752, 28, 18, 36]",ko,한산: 용의 출현,24.989,2022-07-27,Hansan: Rising Dragon,6.385,61
"[16, 10751, 35, 12, 14]",en,The Loud House Movie,19.4,2021-08-20,The Loud House Movie,7.328,177
"[27, 53]",en,The Tank,17.3,2023-04-21,The Tank,5.1,96
"[18, 53, 9648]",en,The Game,25.634,1997-09-12,The Game,7.568,6466
"[18, 53]",es,Séptimo,14.53,2013-09-05,7th Floor,5.82,222
"[53, 28, 18, 10752]",en,'71,15.636,2014-10-10,'71,6.8,1104
"[10751, 35]",en,Diary of a Wimpy Kid: Rodrick Rules,22.635,2011-03-25,Diary of a Wimpy Kid: Rodrick Rules,6.651,1110
[27],en,While We Sleep,17.407,2021-10-01,While We Sleep,5.147,17
[18],pt,Os Dez Mandamentos: O Filme,21.135,2016-01-28,The Ten Commandments: The Movie,7.225,304
"[18, 36]",en,Luther,21.631,2003-10-29,Luther,6.5,303
"[16, 10751]",en,Riley's First Date?,26.634,2015-11-03,Riley's First Date?,7.2,1035
"[878, 53, 10749]",en,The Adjustment Bureau,16.882,2011-03-03,The Adjustment Bureau,6.755,4462
"[18, 10752, 36]",en,Emancipation,23.657,2022-12-02,Emancipation,7.828,1102
"[27, 35, 53]",sv,Konferensen,33.87,2023-10-13,The Conference,5.433,313
"[14, 10751, 35, 27]",en,The House with a Clock in Its Walls,14.514,2018-09-15,The House with a Clock in Its Walls,6.245,2123
"[27, 53, 9648]",en,Open Grave,14.513,2013-08-13,Open Grave,5.953,701
"[878, 35]",en,Total System Reboot,23.462,2024-10-01,Total System Reboot,0.0,0
"[10749, 18]",en,What's Eating Gilbert Grape,22.376,1993-12-17,What's Eating Gilbert Grape,7.672,3899
"[28, 16, 878]",ja,プロメア ガロ編,15.355,2019-05-24,Promare / Side: Galo,7.4,24
"[35, 18]",en,We Don't Say Retard Anymore,14.499,2024-09-30,We Don't Say Retard Anymore,0.0,0
"[16, 28, 12, 14]",es,劇場版総集編 オーバーロード 不死者の王【前編】,22.35,2017-02-25,Overlord: The Undead King,7.521,24
[],ja,CHD-027 Hitomi Tanaka 田中瞳 – PREMIUM CUTIE,33.814,,CHD-027 Hitomi Tanaka 田中瞳 – PREMIUM CUTIE,0.0,0
[18],sv,Ondskan,22.874,2003-09-16,Evil,7.265,332
"[35, 10749]",en,¿Quieres ser mi hijo?,31.673,2023-09-21,¿Quieres ser mi hijo?,8.562,242
"[28, 12, 18]",en,Robin Hood: Prince of Thieves,20.371,1991-06-14,Robin Hood: Prince of Thieves,6.854,3195
"[16, 10751, 12, 14]",en,Barbie Fairytopia: Mermaidia,24.122,2006-03-14,Barbie Fairytopia: Mermaidia,6.9,692
"[16, 80, 9648, 53]",ja,劇場版 PSYCHO-PASS サイコパス PROVIDENCE,27.038,2023-05-12,Psycho-Pass: Providence,7.1,21
"[53, 28, 80]",en,Desperado,20.12,1995-08-25,Desperado,6.931,2799
"[28, 18, 27, 878, 53]",en,Carriers,22.371,2009-09-04,Carriers,6.067,1363
"[80, 18, 28, 53]",en,Faster,33.778,2010-11-23,Faster,6.314,1867
"[28, 35, 18]",fr,Voleuses,33.775,2023-11-01,Wingwomen,6.095,404
"[16, 35, 10751]",en,"The Good, the Bart, and the Loki",21.633,2021-07-07,"The Good, the Bart, and the Loki",7.272,657
"[18, 9648, 27]",ja,女教師 生徒の眼の前で,14.463,1982-04-09,Female Teacher: In Front of the Students,6.8,13
"[878, 10770]",en,Knight Rider,14.46,2008-02-17,Knight Rider,6.402,61
[18],tl,EKS,22.263,2024-03-01,EKS,2.0,2
"[18, 14, 28]",pa,The Legend of Maula Jatt,17.687,2022-10-13,The Legend of Maula Jatt,8.3,10
"[80, 14, 27]",en,Death Note,24.367,2017-08-25,Death Note,4.254,3907
"[35, 10749]",en,Just Friends,18.611,2005-11-23,Just Friends,6.185,1573
"[10749, 53]",en,Safe Haven,21.612,2013-02-07,Safe Haven,7.258,2289
[27],ja,ギニーピッグ 悪魔の実験,30.109,1985-09-04,Guinea Pig: Devil's Experiment,4.7,132
[27],ko,괴기맨숀,22.873,2021-06-30,Ghost Mansion,7.3,196
"[27, 9648, 878]",en,A Cure for Wellness,20.113,2017-02-15,A Cure for Wellness,6.335,3781
"[35, 18]",en,The Longest Week,14.428,2014-09-05,The Longest Week,5.093,285
"[9648, 53]",en,Shattered,14.428,1991-10-11,Shattered,6.118,190
[18],en,Cruel Intentions 2,33.663,2000-11-09,Cruel Intentions 2,5.02,378
"[37, 18]",en,Butcher's Crossing,16.137,2023-02-03,Butcher's Crossing,5.967,135
"[27, 28]",en,The Lair,18.883,2022-10-28,The Lair,5.727,238
"[878, 18]",en,Moon,16.607,2009-06-12,Moon,7.568,5598
"[18, 10402]",en,Almost Famous,20.606,2000-09-15,Almost Famous,7.509,2670
"[18, 35, 10752]",it,C'è ancora domani,33.162,2023-10-26,There's Still Tomorrow,8.167,1170
[35],en,Airplane!,24.354,1980-07-02,Airplane!,7.296,4419
[14],en,Blade of the 47 Ronin,22.631,2022-10-25,Blade of the 47 Ronin,6.5,203
[18],en,Losing Lalo,14.413,2024-09-30,Losing Lalo,0.0,0
"[16, 27, 28, 878]",ja,バイオハザード：ディジェネレーション,24.604,2008-02-13,Resident Evil: Degeneration,6.8,1050
"[35, 53]",pt,I'm Sorry for the Potato Hands,14.408,2024-09-30,I'm Sorry for the Potato Hands,0.0,0
"[10749, 35]",en,She's Out of My League,24.604,2010-03-11,She's Out of My League,6.473,2095
"[35, 14, 10749]",en,The Invention of Lying,19.104,2009-10-02,The Invention of Lying,6.212,2068
"[14, 12, 16, 10751]",fr,Kirikou et la sorcière,14.407,1998-12-09,Kirikou and the Sorceress,7.33,1077
"[28, 80, 18]",en,The Tax Collector,33.614,2020-08-07,The Tax Collector,5.658,465
[18],en,Concussion,15.606,2015-11-12,Concussion,7.088,2507
[18],en,Concussion,15.606,2015-11-12,Concussion,7.088,2507
"[18, 27]",en,Carrie,32.604,2013-10-16,Carrie,6.037,4408
"[27, 53]",en,Cujo,24.1,1983-08-10,Cujo,6.126,993
"[18, 27]",en,The Strange Thing About the Johnsons,17.102,2011-01-22,The Strange Thing About the Johnsons,6.9,308
"[28, 53, 10752]",en,Act of Valor,20.352,2012-02-24,Act of Valor,6.492,1118
[18],en,We Killed Our Friend,14.395,2024-09-30,We Killed Our Friend,0.0,0
"[27, 878, 53]",ru,Kolskaya sverhglubokaya,22.112,2020-11-04,The Superdeep,6.022,273
"[53, 27, 18]",en,Baby Ruby,17.68,2023-02-03,Baby Ruby,5.15,60
"[28, 53, 10752, 18, 878]",en,Red Dawn,25.848,1984-08-10,Red Dawn,6.284,781
"[80, 18, 53]",en,Sleepers,23.848,1996-10-18,Sleepers,7.601,3467
"[16, 35, 10751]",en,Kronk's New Groove,25.849,2005-12-05,Kronk's New Groove,6.423,1251
"[53, 27]",en,The Breed,18.848,2006-05-17,The Breed,5.399,370
"[35, 18]",en,The Supremes at Earl's All-You-Can-Eat,23.472,2024-08-07,The Supremes at Earl's All-You-Can-Eat,7.333,9
"[10751, 16, 35]",en,The Son of Bigfoot,14.853,2017-07-26,The Son of Bigfoot,6.526,478
"[10751, 12, 35, 10402, 14, 10770]",en,The Muppets' Wizard of Oz,14.387,2005-05-20,The Muppets' Wizard of Oz,5.244,119
"[18, 878, 53]",fr,Animalia,14.381,2023-08-09,Animalia,6.4,19
"[80, 18]",en,Detective Story,14.38,1951-11-01,Detective Story,7.0,137
"[35, 14, 878]",en,Bob’s Hops,14.588,2024-09-30,Bob’s Hops,0.0,0
"[80, 18, 53, 9648]",en,The Outfit,19.114,2022-02-25,The Outfit,7.092,1073
"[18, 27, 53]",en,The Ring Two,23.094,2005-03-10,The Ring Two,5.732,2232
"[12, 14, 16, 28, 10751]",ja,劇場版ポケットモンスター 結晶塔の帝王 ENTEI,29.844,2000-07-08,Pokémon 3: The Movie,6.507,617
"[10402, 16, 14, 35]",ja,ONE PIECE ジャンゴのダンスカーニバル,14.368,2001-03-03,One Piece: Jango's Dance Carnival,7.1,31
"[27, 9648, 80, 53]",en,The Poughkeepsie Tapes,17.093,2007-04-27,The Poughkeepsie Tapes,6.576,611
"[16, 10751, 35]",en,Rally Road Racers,22.118,2023-05-12,Rally Road Racers,6.697,33
"[18, 53]",en,Scorned,24.83,1993-07-14,Scorned,5.1,33
"[28, 12, 14]",en,Willow,19.839,1988-05-20,Willow,7.017,1897
[28],en,The Return Of The Rebel 2,20.488,,The Return Of The Rebel 2,6.6,5
"[18, 9648]",en,The Deep End of the Ocean,28.338,1999-03-12,The Deep End of the Ocean,6.5,449
[18],pt,Regra 34,32.038,2023-01-19,Rule 34,5.571,14
[27],zh,女鬼橋2：怨鬼樓,20.631,2023-10-13,The Bridge Curse: Ritual,6.121,33
"[16, 28, 12, 878]",en,Spider-Man: Beyond the Spider-Verse,21.586,,Spider-Man: Beyond the Spider-Verse,0.0,0
"[878, 12, 28, 53]",en,Skyline,18.337,2010-11-11,Skyline,5.013,1594
"[18, 36, 10752]",de,Die Blechtrommel,21.835,1979-05-02,The Tin Drum,6.925,459
[35],en,Caddyshack,22.585,1980-07-25,Caddyshack,6.621,1139
[878],en,Judge Dredd,27.834,1995-06-30,Judge Dredd,5.8,2449
"[18, 9648]",es,Selva Trágica,30.516,2020-09-09,Tragic Jungle,6.2,39
"[27, 53]",en,Damien: Omen II,25.834,1978-06-09,Damien: Omen II,6.432,701
"[28, 80, 18]",da,Pusher,17.334,1996-08-30,Pusher,6.97,722
"[10751, 16, 14]",en,Song of the Sea,28.087,2014-06-23,Song of the Sea,8.008,1405
"[35, 27]",en,Tucker and Dale vs. Evil,19.835,2010-01-22,Tucker and Dale vs. Evil,7.367,2701
[14],cn,聊齋花弄月,23.062,1991-05-03,Liao Zhai - Home for the Intimate Ghosts,7.4,16
"[27, 878]",en,Land of the Dead,33.436,2005-06-18,Land of the Dead,6.179,1542
"[28, 80, 53]",id,The Night Comes for Us,22.09,2018-10-05,The Night Comes for Us,6.885,674
[53],fr,112,14.327,2024-09-30,112,0.0,0
"[16, 12, 14]",es,Momias,22.612,2023-01-05,Mummies,7.01,450
"[35, 18, 27, 14]",en,Haunted Mansion,27.627,2023-07-26,Haunted Mansion,6.5,1012
[35],fr,La Doublure,14.324,2006-03-29,The Valet,5.97,505
"[35, 18, 10749]",en,Mystic Pizza,24.081,1988-10-13,Mystic Pizza,6.284,500
[35],en,The Birdcage,20.331,1996-03-08,The Birdcage,7.025,1124
"[10751, 35]",en,Camp Hideout,14.323,2023-09-15,Camp Hideout,5.4,15
"[14, 18, 27, 53]",es,El espinazo del diablo,24.582,2001-04-20,The Devil's Backbone,7.283,1196
"[16, 878]",en,The Animatrix,24.331,2003-05-09,The Animatrix,7.183,1545
"[27, 10752]",it,Lager SSadis Kastrat Kommandantur,33.407,1976-11-16,SS Experiment Love Camp,5.65,100
"[18, 10749]",id,172 Days,20.241,2023-11-23,172 Days,5.1,20
"[36, 18]",en,Les Misérables,23.832,2012-12-18,Les Misérables,7.332,5234
"[28, 53]",en,The Misfits,33.394,2021-06-03,The Misfits,5.5,437
"[12, 16, 35, 10751]",en,Open Season 2,26.33,2008-09-24,Open Season 2,5.838,1196
"[80, 35, 53, 28]",en,Red Notice 3,21.076,,Red Notice 3,0.0,0
[18],ja,山椒大夫,14.304,1954-03-31,Sansho the Bailiff,8.098,364
[18],en,O palhaço que há em nós,24.671,2024-10-01,The clown within us,0.0,0
"[10751, 35]",en,That Darn Cat,14.303,1997-02-14,That Darn Cat,4.983,88
[18],it,Senza vergogna,16.625,1986-03-19,Senza vergogna,4.55,10
"[18, 27]",ja,団鬼六　女教師縄地獄,22.375,1981-08-27,Female Teacher in Rope Hell,4.25,10
"[12, 28, 80, 9648]",en,Sherlock Holmes: A Game of Shadows,25.576,2011-11-22,Sherlock Holmes: A Game of Shadows,7.14,10209
"[18, 36]",ja,美女奉行　おんな牢秘抄,20.503,1995-03-24,Musume Bugyo On-na Ro Hisho,4.833,6
"[18, 35]",en,Whore,14.289,1991-06-21,Whore,5.3,94
"[18, 36, 80]",en,Gangs of New York,22.323,2002-12-14,Gangs of New York,7.327,6537
"[27, 9648, 53, 18, 878]",en,Birth/Rebirth,23.258,2023-08-18,Birth/Rebirth,6.386,88
"[27, 35, 14]",en,Leprechaun,33.333,1993-01-08,Leprechaun,5.589,760
"[18, 9648, 80, 53]",sk,Lúpež Dynty,14.285,2024-09-30,The Dynty Heist,0.0,0
"[10752, 18]",en,Heartbreak Ridge,22.071,1986-12-05,Heartbreak Ridge,6.862,1003
"[27, 53]",en,Carrie,29.321,1976-11-03,Carrie,7.31,3761
[],es,Confesiones de un drogadicto,19.414,2012-01-01,Confesiones de un drogadicto,5.0,3
"[35, 27]",en,The Return of the Texas Chainsaw Massacre,24.57,1995-09-22,The Return of the Texas Chainsaw Massacre,4.62,652
"[18, 35, 80]",fr,Midnight Party,26.68,1976-01-23,Midnight Party,5.2,12
[16],ja,どチンピラ：オンナ大好きっ!!,30.47,1993-08-27,The Gigolo: Dochinpira,5.4,5
[35],it,Homo Eroticus,21.969,1971-09-14,Homo Eroticus,4.8,5
"[28, 53]",en,Peppermint,16.827,2018-09-06,Peppermint,6.718,2016
"[35, 16, 12, 10751, 14]",en,Wonder Park,33.309,2019-03-13,Wonder Park,6.5,687
[18],en,Showgirls,25.819,1995-09-22,Showgirls,5.553,1209
"[18, 10749]",ja,桜のような僕の恋人,21.548,2022-03-24,Love Like the Falling Petals,7.945,82
"[80, 18, 9648]",en,Clockers,14.269,1995-09-15,Clockers,6.7,314
"[12, 27]",en,The Green Inferno,20.07,2013-09-08,The Green Inferno,5.716,1403
"[80, 28, 878]",en,Demolition Man,19.567,1993-10-08,Demolition Man,6.721,3614
[35],it,L'amica di mia madre,24.026,1975-03-05,My Mother's Friend,4.6,7
"[10751, 35]",en,The Lizzie McGuire Movie,19.817,2003-05-02,The Lizzie McGuire Movie,6.307,1246
"[28, 53, 80]",en,Thick as Thieves,21.79,2009-01-09,Thick as Thieves,5.966,775
"[16, 10751]",en,The Secret of NIMH 2: Timmy to the Rescue,14.251,1998-12-22,The Secret of NIMH 2: Timmy to the Rescue,4.622,78
"[35, 18, 10749]",en,Sleepless in Seattle,20.062,1993-06-24,Sleepless in Seattle,6.74,2297
[35],en,Borat: Cultural Learnings of America for Make Benefit Glorious Nation of Kazakhstan,21.564,2006-11-01,Borat: Cultural Learnings of America for Make Benefit Glorious Nation of Kazakhstan,6.779,5303
[99],en,JFK Conspiracy Part 2: Going Deeper,23.804,2024-10-01,JFK Conspiracy Part 2: Going Deeper,0.0,0
"[16, 12, 10751, 14]",en,The Black Cauldron,17.812,1985-07-24,The Black Cauldron,6.426,1262
"[28, 53, 9648]",en,Last Man Down,30.075,2021-03-30,Last Man Down,6.2,669
"[27, 53]",en,American Psycho II: All American Girl,21.311,2002-04-22,American Psycho II: All American Girl,4.5,405
"[35, 18]",fr,Les Valseuses,23.809,1974-03-20,Going Places,6.769,425
"[18, 27, 53, 80]",de,Das Cabinet des Dr. Caligari,15.81,1920-02-27,The Cabinet of Dr. Caligari,7.929,1550
"[27, 53]",es,El club de los lectores criminales,24.106,2023-08-25,Killer Book Club,5.604,256
"[10751, 35, 14, 12]",en,Dolittle,21.567,2020-01-02,Dolittle,6.6,3596
"[28, 12, 35]",en,The Three Musketeers,24.807,1993-11-11,The Three Musketeers,6.39,946
"[35, 10751]",en,Cheaper by the Dozen,26.057,2003-12-24,Cheaper by the Dozen,6.29,2738
"[18, 10749]",ko,바꿔 할래?,23.703,2020-03-16,Do You Want to Change?,7.3,3
"[36, 18, 80]",en,House of Gucci,23.699,2021-11-24,House of Gucci,6.599,3055
"[16, 35, 10751]",en,"Bah, Humduck!: A Looney Tunes Christmas",23.693,2006-11-14,"Bah, Humduck!: A Looney Tunes Christmas",7.2,128
"[28, 35, 53, 80]",en,Taxi,23.677,2004-10-06,Taxi,5.59,1042
"[27, 18, 9648]",id,Menjelang Magrib,23.667,2022-03-31,Before Night Falls,5.2,4
"[53, 28, 80, 18]",en,Desperation Road,23.665,2023-10-19,Desperation Road,6.633,90
"[27, 53]",th,ร่างทรง,23.664,2021-07-14,The Medium,7.012,623
"[18, 10749]",en,Lady Chatterley's Lover,23.663,2022-11-22,Lady Chatterley's Lover,6.644,411
"[16, 14, 35, 28, 12, 10751]",ja,映画 ふたりはプリキュア Max Heart,23.659,2005-04-16,Futari wa Precure Max Heart: The Movie,6.386,22
[53],en,Skeleton Coast,23.656,2024-09-30,Skeleton Coast,0.0,0
"[16, 10751, 9648, 14, 35]",en,"Scooby-Doo! and Krypto, Too!",23.656,2023-09-25,"Scooby-Doo! and Krypto, Too!",7.579,70
"[18, 53]",es,Caníbal,23.652,2013-10-11,Cannibal,5.762,101
"[28, 12, 14, 35, 10749]",cn,大話西遊之仙履奇緣,23.648,1995-02-04,A Chinese Odyssey Part Two: Cinderella,7.697,216
"[27, 9648]",en,1408,23.641,2007-06-22,1408,6.687,4359
"[18, 10402]",it,La leggenda del pianista sull'oceano,23.632,1998-10-28,The Legend of 1900,8.265,2228
"[53, 80, 18]",en,Blood Ties,23.627,2013-08-22,Blood Ties,6.097,460
[878],en,BEAMED,23.626,2024-10-01,BEAMED,0.0,0
"[10749, 14, 18, 10751]",ko,뷰티풀 뱀파이어,23.624,2018-07-13,Beautiful Vampire,6.956,79
"[35, 14, 18]",ko,가루지기,23.622,2008-04-30,A Tale of Legendary Libido,5.8,37
[18],en,Flight,23.617,2012-11-02,Flight,6.843,5898
"[16, 28, 14, 878]",ja,劇場版 ソードアート・オンライン -プログレッシブ- 冥き夕闇のスケルツォ,27.569,2022-10-22,Sword Art Online the Movie – Progressive – Scherzo of Deep Night,7.719,178
"[28, 53, 80]",id,Serbuan Maut,21.045,2012-03-22,The Raid,7.411,3385
"[28, 27, 878, 53]",en,Kill Command,15.795,2016-05-13,Kill Command,5.6,559
"[27, 9648]",en,Angel Heart,18.79,1987-03-06,Angel Heart,7.137,1489
[],en,Tartinijev kljuc,23.266,2024-10-01,Tartinijev kljuc,0.0,0
"[28, 14]",en,The Princess,23.061,2022-06-16,The Princess,6.812,770
"[18, 10752]",ru,Иди и смотри,21.287,1985-10-17,Come and See,8.259,1454
"[28, 18, 878, 12, 14]",ja,シン・仮面ライダー,25.071,2023-03-17,Shin Kamen Rider,6.943,264
"[18, 35]",en,Stuck in Love,25.29,2013-06-14,Stuck in Love,7.397,1885
"[28, 53, 80]",zh,零號追殺,31.23,2023-07-21,The Comeback,4.8,5
"[18, 878]",en,Testament,14.145,1983-11-04,Testament,6.433,122
"[35, 10749]",en,National Lampoon's Van Wilder,32.787,2002-03-29,National Lampoon's Van Wilder,6.028,1763
"[28, 53]",en,Dangerous,14.143,2021-11-05,Dangerous,6.058,440
"[27, 878, 53]",en,The Ghostmaker,19.579,2011-08-01,The Ghostmaker,5.3,68
"[28, 878, 53]",en,The One,28.536,2001-11-02,The One,6.116,1545
"[27, 28, 878]",en,Resident Evil,22.267,2002-03-15,Resident Evil,6.638,6258
"[28, 16, 14]",ja,聖闘士星矢 神々の熱き戦い,23.033,1988-03-12,Saint Seiya: The Heated Battle of the Gods,7.5,172
"[16, 12, 18, 14, 9648]",zh,深海,21.383,2023-01-22,Deep Sea,6.984,95
"[16, 12, 10751, 14]",en,Epic,32.964,2013-05-15,Epic,6.523,2699
[18],en,Brian Banks,32.959,2019-08-09,Brian Banks,7.241,226
"[35, 28, 18]",en,Bricked Up,32.957,2024-10-02,Bricked Up,0.0,0
"[16, 10751, 35, 12, 9648]",en,Chip 'n Dale: Rescue Rangers,23.553,2022-05-20,Chip 'n Dale: Rescue Rangers,7.007,1200
[35],en,Milf,16.393,2010-10-17,Milf,4.489,87
[28],ru,Турист,27.196,2021-05-19,Tourist,6.65,30
"[10751, 35, 12, 878]",en,Spy Kids: Armageddon,24.581,2023-09-22,Spy Kids: Armageddon,6.2,134
"[27, 878, 35]",en,Slither,19.779,2006-03-31,Slither,6.549,1510
"[10751, 14, 35]",en,Ella Enchanted,26.279,2004-04-09,Ella Enchanted,6.449,1816
[18],no,Tusen ganger god natt,14.111,2013-09-19,A Thousand Times Good Night,6.905,131
"[12, 18, 36]",en,The Physician,14.782,2013-12-25,The Physician,7.349,1054
[18],en,God's Not Dead,19.282,2014-03-21,God's Not Dead,6.028,886
"[28, 12, 878, 14]",en,Marvel One-Shot: Agent Carter,14.106,2013-09-03,Marvel One-Shot: Agent Carter,7.249,760
"[28, 18]",en,Spartacus,14.104,2004-03-17,Spartacus,6.7,66
"[80, 10749, 18]",es,Rosario Tijeras,26.945,2005-08-12,Rosario Tijeras,6.612,89
"[10749, 35]",en,The Perfect Date,32.887,2019-04-12,The Perfect Date,6.457,3228
"[35, 18, 10749]",en,Sex and the City 2,25.275,2010-05-26,Sex and the City 2,6.09,1608
"[10749, 16, 10751, 35, 12]",en,A Goofy Movie,17.772,1995-04-07,A Goofy Movie,6.984,1725
"[10749, 18]",en,All My Life,16.782,2020-10-23,All My Life,7.847,474
[27],es,Mírame,15.235,2021-08-20,Mírame,6.8,65
"[10751, 10770, 16]",en,The Lion Guard: Return of the Roar,17.774,2015-11-22,The Lion Guard: Return of the Roar,6.7,1219
"[14, 28]",en,Daredevil,24.77,2003-02-14,Daredevil,5.265,5003
[80],en,Kansas City Confidential,14.067,1952-11-11,Kansas City Confidential,7.051,127
"[14, 10749, 10751, 35]",en,Aquamarine,28.017,2006-03-03,Aquamarine,6.444,1481
[99],en,Oppenheimer and The Manhattan Project,26.008,2024-10-01,Oppenheimer and The Manhattan Project,0.0,0
"[35, 27]",en,Fright Night,27.015,1985-08-02,Fright Night,7.0,1336
"[28, 80, 35, 12]",ko,서울대작전,27.29,2022-08-26,Seoul Vibe,6.552,162
[10749],ko,맛있는 택배,23.358,2015-04-02,Delicious Delivery,4.0,3
"[27, 53]",cn,獸性新人類,24.155,2000-09-23,Naked Poison,6.0,13
"[12, 27]",en,The Descent,24.265,2005-07-08,The Descent,6.966,3811
"[35, 10751, 12]",en,The Santa Clause 3: The Escape Clause,24.264,2006-11-02,The Santa Clause 3: The Escape Clause,5.513,1047
"[10749, 18]",de,Angst essen Seele auf,14.044,1974-03-05,Ali: Fear Eats the Soul,7.712,384
[],tl,Kiskisan,14.042,2003-01-01,Kiskisan,3.0,2
"[18, 10749]",en,Casablanca,22.761,1943-01-15,Casablanca,8.161,5351
"[878, 35]",en,Liquid Sky,14.041,1982-08-01,Liquid Sky,5.79,112
"[10751, 18, 12]",en,My Penguin Friend,32.753,2024-08-07,My Penguin Friend,7.9,10
"[53, 80, 28, 18]",ja,最後まで行く,17.976,2023-05-19,Hard Days,6.464,56
"[99, 10770, 16]",fr,De Superman à Spider-Man: L'aventure des super-héros,14.026,2001-12-23,Once Upon a Time: The Super Heroes,6.896,48
"[35, 16]",en,The Bad Guys: Haunted Heist,32.726,2024-10-03,The Bad Guys: Haunted Heist,0.0,0
"[18, 10749]",en,Footloose,22.755,1984-02-17,Footloose,6.669,2015
"[18, 27, 80, 53]",en,The House That Jack Built,32.714,2018-07-05,The House That Jack Built,7.145,2698
"[27, 9648, 53]",en,Watcher,26.526,2022-06-03,Watcher,6.482,883
"[18, 27, 80, 53]",en,The House That Jack Built,32.714,2018-07-05,The House That Jack Built,7.145,2698
"[27, 9648, 53]",en,Watcher,26.526,2022-06-03,Watcher,6.483,882
"[878, 28, 12, 35, 10751]",en,Teenage Mutant Ninja Turtles,28.003,1990-03-30,Teenage Mutant Ninja Turtles,6.7,1735
"[878, 28, 16]",en,Suicide Squad: Hell to Pay,20.01,2018-03-23,Suicide Squad: Hell to Pay,7.104,651
"[80, 18, 53]",fr,Plein soleil,24.004,1960-03-10,Purple Noon,7.57,489
"[53, 80, 28]",en,U.S. Marshals,25.754,1998-03-06,U.S. Marshals,6.509,1568
[35],en,The Wedding Ringer,25.208,2015-01-16,The Wedding Ringer,6.471,1558
"[35, 18, 12]",ko,싱크홀,23.267,2021-08-11,Sinkhole,6.95,130
[18],en,Nil by Mouth,14.005,1997-10-10,Nil by Mouth,6.912,129
[18],ja,生きものの記録,14.002,1955-11-22,I Live in Fear,7.3,107
"[18, 80, 28]",en,Magnum Force,24.5,1973-12-13,Magnum Force,7.122,1040
"[18, 10751, 28, 10749]",te,సోమరి,23.331,2015-12-18,Loafer,6.4,5
[18],it,Dolce... calda Lisa,23.326,1980-03-28,Dolce... calda Lisa,4.8,8
[18],en,Pay It Forward,21.0,2000-10-20,Pay It Forward,7.328,1771
"[12, 14, 28, 878]",en,Supergirl,23.998,1984-07-01,Supergirl,5.358,577
[35],en,God: Serengeti,24.994,2017-07-06,God: Serengeti,6.747,83
"[28, 35]",en,Miss Congeniality 2: Armed and Fabulous,24.249,2005-03-11,Miss Congeniality 2: Armed and Fabulous,5.738,1804
"[18, 36]",fr,Curiosa,25.005,2019-04-03,Curiosa,5.9,201
"[12, 28, 35, 53]",en,The Rundown,30.497,2003-09-26,The Rundown,6.455,1945
"[28, 35, 27]",en,Buffy the Vampire Slayer,26.745,1992-07-24,Buffy the Vampire Slayer,5.598,798
"[18, 36]",en,Sight,17.716,2024-05-24,Sight,6.368,19
[],en,Whitewash,14.221,2024-09-30,Whitewash,0.0,0
[18],de,Das Lehrerzimmer,18.531,2023-05-04,The Teachers' Lounge,7.312,429
"[878, 12, 28]",en,The Postman,21.244,1997-12-25,The Postman,6.245,1053
[27],en,Jagged Mind,18.014,2023-06-14,Jagged Mind,5.561,41
"[35, 18]",es,Mi prima la sexóloga,17.248,2016-07-20,Mi prima la sexóloga,6.772,486
[28],en,Kill Shot,13.969,2023-08-15,Kill Shot,3.8,15
[18],fr,Quand vient l'automne,32.586,2024-10-02,When Fall Is Coming,7.0,1
"[53, 878]",en,The Signal,21.495,2014-03-15,The Signal,6.003,1647
"[18, 35]",en,A Different Man,20.282,2024-08-24,A Different Man,8.0,1
"[27, 9648, 53]",en,There's Something Wrong with the Children,25.771,2023-01-17,There's Something Wrong with the Children,5.753,194
"[10749, 18]",es,Perdona si te llamo amor,15.743,2014-06-20,Sorry If I Call You Love,7.461,456
"[28, 878, 53, 80]",en,The Running Man,20.489,1987-11-13,The Running Man,6.523,2331
"[16, 28, 878]",ja,ドラゴンボールZ・絶望への反抗!!残された超戦士・悟飯とトランクス,18.738,1993-02-24,Dragon Ball Z: The History of Trunks,7.571,528
"[18, 35]",en,The French Dispatch,32.546,2021-10-21,The French Dispatch,7.051,2538
"[35, 14]",en,Meet the Spartans,25.489,2008-01-24,Meet the Spartans,4.046,1640
"[18, 35, 10751]",en,We Bought a Zoo,16.74,2011-12-08,We Bought a Zoo,6.794,2657
"[12, 28, 53]",en,Octopussy,22.486,1983-06-05,Octopussy,6.3,1933
"[18, 10749]",fr,"Paris, je t'aime",16.237,2006-06-21,Paris Je T'aime,6.774,744
"[27, 53]",id,Sijjin,14.094,2023-11-09,Sijjin,6.1,10
"[14, 35]",en,The American Society of Magical Negroes,23.234,2024-03-15,The American Society of Magical Negroes,4.589,73
"[28, 12, 878]",en,Jumper,24.987,2008-02-13,Jumper,6.158,5693
"[10749, 35, 10402]",en,Música,14.332,2024-03-13,Música,6.467,107
"[80, 18]",en,Boys Don't Cry,15.985,1999-09-02,Boys Don't Cry,7.4,1299
[],en,Fawnstar,23.22,2024-09-30,Fawnstar,0.0,0
[53],en,The Strays,26.014,2023-02-17,The Strays,5.438,357
"[28, 53, 80]",ko,화이: 괴물을 삼킨 아이,23.212,2013-10-09,Hwayi: A Monster Boy,7.43,229
[10749],ko,딸의 친구,25.577,2017-01-19,I Don't Like Younger Men,3.7,3
"[80, 18, 53]",fr,La Femme infidèle,26.98,1969-01-22,The Unfaithful Wife,6.906,106
"[18, 80]",en,Molly's Game,16.235,2017-12-07,Molly's Game,7.145,3649
"[10402, 99]",en,Tupac: Resurrection,13.913,2003-11-14,Tupac: Resurrection,7.838,157
"[18, 10749, 53, 80]",zh,少年的你,25.237,2019-10-25,Better Days,8.134,432
"[27, 28, 878]",en,Resident Evil: Apocalypse,21.489,2004-09-10,Resident Evil: Apocalypse,6.36,4259
"[12, 18]",en,Mowgli: Legend of the Jungle,24.735,2018-11-25,Mowgli: Legend of the Jungle,6.487,2455
"[35, 10749]",en,Couples Retreat,21.979,2009-09-19,Couples Retreat,5.554,1934
"[12, 9648, 80]",en,Enola Holmes 2,23.177,2022-11-30,Enola Holmes 2,7.385,1386
"[14, 16, 28]",ja,劇場版 NARUTO -ナルト- 疾風伝 絆,21.729,2008-08-02,Naruto Shippuden the Movie: Bonds,7.26,450
"[9648, 878]",en,Dark City,20.477,1998-02-27,Dark City,7.3,2761
"[28, 14, 27, 53]",en,Priest,20.479,2011-05-05,Priest,5.797,2227
"[18, 27, 53]",ko,박쥐,16.978,2009-04-30,Thirst,7.101,927
"[28, 53, 878]",en,Apex,16.242,2021-11-12,Apex,5.205,564
"[16, 28, 12, 35, 10751]",en,Spies in Disguise,22.485,2019-12-04,Spies in Disguise,7.6,2763
"[35, 878]",ru,Кин-дза-дза!,13.898,1986-12-01,Kin-dza-dza!,7.79,241
"[12, 16, 35, 10751, 10770]",en,Ice Age: The Great Egg-Scapade,17.979,2016-03-19,Ice Age: The Great Egg-Scapade,6.354,460
"[28, 10751]",da,Hacker,32.409,2019-03-28,Hacker,6.746,118
"[28, 12, 14, 18]",en,The Scorpion King,20.972,2002-04-18,The Scorpion King,5.59,3083
"[18, 53, 878]",en,Contagion,20.723,2011-09-08,Contagion,6.645,6001
"[14, 10751]",fi,Joulutarina,13.879,2007-11-16,Christmas Story,7.256,121
"[18, 80]",ru,Брат,13.879,1997-12-12,Brother,7.615,397
[27],en,The Ruins,24.472,2008-04-02,The Ruins,5.948,1247
"[28, 18, 10749, 35, 12, 10752]",ru,Белое солнце пустыни,13.878,1969-12-14,The White Sun of the Desert,7.2,141
"[28, 53]",en,Sympathy for the Devil,23.763,2023-07-20,Sympathy for the Devil,6.0,214
[18],en,Overcomer,20.228,2019-08-22,Overcomer,7.7,265
"[53, 18, 80, 10770]",en,The Girl Who Escaped: The Kara Robinson Story,18.62,2023-02-11,The Girl Who Escaped: The Kara Robinson Story,7.247,79
"[12, 14, 878, 10751, 28]",en,Artemis Fowl,21.979,2020-05-29,Artemis Fowl,5.59,1627
"[27, 53]",en,Paranormal Activity: The Ghost Dimension,24.972,2015-10-21,Paranormal Activity: The Ghost Dimension,5.3,1351
"[18, 10749]",es,Como agua para chocolate,17.467,1992-04-16,Like Water for Chocolate,7.276,463
"[28, 12, 53, 878, 35]",en,The Avengers,23.467,1998-08-13,The Avengers,4.399,698
"[27, 9648, 53]",en,The Empty Man,22.728,2020-10-22,The Empty Man,6.135,790
"[16, 10751]",en,Barbie as Rapunzel,22.716,2002-10-01,Barbie as Rapunzel,7.0,1209
"[18, 28]",en,Deepwater Horizon,24.72,2016-09-28,Deepwater Horizon,6.877,4465
"[35, 10749, 80]",en,Heartbreakers,29.216,2001-03-23,Heartbreakers,6.098,880
"[9648, 53]",en,Ministry of Fear,13.858,1944-05-19,Ministry of Fear,6.8,170
[18],no,Alone for Christmas,13.856,2024-09-30,Alone for Christmas,0.0,0
"[18, 36]",en,Apollo 13,23.214,1995-06-30,Apollo 13,7.449,5327
[18],ja,ちひろさん,29.996,2023-02-23,Call Me Chihiro,7.1,103
"[18, 53, 80]",fr,Le Doulos,13.851,1962-12-13,Le Doulos,7.393,252
"[18, 10749]",en,Poetic Justice,22.961,1993-07-23,Poetic Justice,6.9,248
"[16, 18, 14, 10749]",ja,天気の子,26.72,2019-06-19,Weathering with You,8.0,2256
"[53, 18]",en,Poison Ivy,17.211,1992-05-08,Poison Ivy,5.4,349
"[10751, 16, 12]",en,The Land Before Time,24.459,1988-11-18,The Land Before Time,7.14,2495
"[28, 53]",en,Maximum Risk,22.959,1996-09-13,Maximum Risk,5.731,489
"[9648, 53, 28]",en,Eagle Eye,19.711,2008-09-25,Eagle Eye,6.474,2804
"[12, 27, 37, 35]",en,Ravenous,30.708,1999-03-16,Ravenous,6.818,587
[18],fr,La Haine,22.957,1995-05-31,La Haine,8.096,3983
[27],ja,レイプゾンビ4 LUST OF THE DEAD クローン巫女大戦,22.53,2014-08-02,Rape Zombie: Lust of the Dead 4,6.8,44
"[16, 10751]",en,Pixie Hollow Games,23.709,2011-12-24,Pixie Hollow Games,6.954,285
"[28, 12, 18, 36]",no,Birkebeinerne,13.819,2016-02-12,The Last King,5.7,223
"[14, 28, 53, 878]",en,The League of Extraordinary Gentlemen,24.206,2003-07-11,The League of Extraordinary Gentlemen,5.965,3973
[27],en,The Jack in the Box: Awakening,27.224,2022-02-24,The Jack in the Box: Awakening,6.3,341
"[878, 9648, 53, 28]",es,Awareness,30.488,2023-03-16,Awareness,5.719,162
"[53, 27]",en,Jaws 3-D,20.453,1983-07-22,Jaws 3-D,4.452,1245
"[18, 10751, 35, 28]",hi,दंगल,22.959,2016-12-21,Dangal,7.906,962
"[35, 18, 10749]",en,Management,14.705,2009-02-08,Management,5.4,320
"[35, 10751, 10749, 18]",en,A Cinderella Story: Once Upon a Song,26.205,2011-09-05,A Cinderella Story: Once Upon a Song,6.382,1008
"[18, 10749]",en,The Merchant of Venice,27.453,2004-12-03,The Merchant of Venice,6.775,544
"[12, 16, 28, 14]",ja,劇場版 HUNTER×HUNTER -The LAST MISSION-,23.705,2013-12-27,Hunter x Hunter: The Last Mission,6.916,161
"[27, 53, 14]",en,Hellraiser,24.201,1987-09-11,Hellraiser,6.879,2502
"[28, 35]",en,The Gods Must Be Crazy II,22.201,1989-07-01,The Gods Must Be Crazy II,7.005,466
"[28, 18, 53]",en,Jack Ryan: Shadow Recruit,20.204,2014-01-15,Jack Ryan: Shadow Recruit,6.113,2817
"[18, 10749]",es,Amar te duele,20.701,2002-11-08,Love Hurts,7.878,298
[27],en,Pet Sematary II,31.2,1992-08-28,Pet Sematary II,5.393,522
"[18, 53]",en,Runaway Jury,16.201,2003-01-16,Runaway Jury,6.935,1241
"[10752, 28, 53]",zh,战狼2,17.455,2017-07-27,Wolf Warrior 2,6.557,279
[35],en,Coming 2 America,26.463,2021-03-04,Coming 2 America,6.416,2189
"[27, 9648]",en,Malignant,23.965,2021-09-01,Malignant,6.802,2247
"[18, 10752, 36]",de,Stella. Ein Leben.,19.684,2024-01-17,Stella. A Life.,6.455,22
"[18, 80, 27]",it,Suor Emanuelle,21.548,1977-08-10,Sister Emanuelle,5.2,45
[10749],ko,엄마친구들,32.178,2017-05-01,Mother's Friend,5.6,5
"[16, 12, 10751, 35, 10770]",en,We Bare Bears: The Movie,22.958,2020-06-30,We Bare Bears: The Movie,7.8,805
"[16, 12, 10751, 35, 10770]",en,We Bare Bears: The Movie,22.981,2020-06-30,We Bare Bears: The Movie,7.8,805
"[27, 14, 28]",it,Dampyr,22.979,2022-10-28,Dampyr,6.373,138
"[35, 10402]",en,Another Cinderella Story,22.976,2008-09-16,Another Cinderella Story,6.835,1717
"[16, 35, 12, 10751]",en,Dragons: Gift of the Night Fury,22.969,2011-11-15,Dragons: Gift of the Night Fury,7.2,364
"[12, 14, 16, 10751]",fr,Arthur et les Minimoys,22.968,2006-12-13,Arthur and the Invisibles,6.403,2837
"[27, 53, 28, 12]",en,Shark Bait,22.967,2022-05-13,Shark Bait,5.698,320
"[53, 9648, 18, 80]",en,The Girl on the Train,22.967,2016-10-05,The Girl on the Train,6.439,5638
"[35, 80]",en,Police Academy 3: Back in Training,22.967,1986-03-20,Police Academy 3: Back in Training,5.8,1197
[10749],ko,신도시 엄마들,22.965,2024-03-29,New Town Mothers,0.0,0
"[35, 12, 10751, 16]",en,Stitch! The Movie,22.964,2003-08-26,Stitch! The Movie,6.451,689
"[10751, 14, 12, 35]",de,Hui Buh und das Hexenschloss,22.963,2022-11-03,Hui Buh and the Witch's Castle,5.8,28
"[18, 36, 10752]",en,Golda,22.962,2023-08-23,Golda,6.4,140
"[12, 28, 53]",en,On Her Majesty's Secret Service,22.961,1969-12-18,On Her Majesty's Secret Service,6.576,1858
"[878, 16, 18, 28]",ja,コードギアス 反逆のルルーシュⅢ 皇道,22.956,2018-05-01,Code Geass: Lelouch of the Rebellion – Glorification,7.4,22
"[28, 16, 35]",ja,ワンピース the movie オマツリ男爵と秘密の島,22.955,2005-03-05,One Piece: Baron Omatsuri and the Secret Island,7.3,205
"[35, 16, 14]",zh,皮皮鲁和鲁西西之309暗室,22.952,2024-10-01,皮皮鲁和鲁西西之309暗室,0.0,0
"[28, 12, 10751]",en,Benji the Hunted,22.952,1987-06-05,Benji the Hunted,6.529,153
"[18, 14, 53]",ko,킹덤: 아신전,22.943,2021-07-23,Kingdom: Ashin of the North,7.099,530
"[10402, 18, 10749, 80]",en,Step Up,22.941,2006-08-11,Step Up,6.876,3649
"[28, 53, 878]",fr,Banlieue 13,22.938,2004-11-09,District B13,6.8,1792
"[27, 53, 35]",en,Suitable Flesh,17.268,2023-10-27,Suitable Flesh,5.333,84
"[28, 14, 80]",en,Catwoman,25.691,2004-07-22,Catwoman,4.598,3268
"[99, 37]",en,Ode to R.G. Springsteen,15.222,2024-09-30,Ode to R.G. Springsteen,0.0,0
"[28, 878]",en,Foxtrot Six,22.208,2019-02-21,Foxtrot Six,6.143,42
"[18, 28, 53, 80]",cn,新宿事件,30.941,2009-03-22,Shinjuku Incident,6.707,271
"[28, 53]",en,Fear the Night,24.233,2023-07-21,Fear the Night,6.082,225
"[16, 28, 14, 18, 10749]",ja,劇場版「Fate/stay night [Heaven’s Feel]」Ⅱ.lost butterfly,14.944,2019-01-12,Fate/stay night: Heaven's Feel II. Lost Butterfly,7.0,237
"[16, 28, 14, 878]",ja,劇場版 ソードアート・オンライン-プログレッシブ- 星なき夜のアリア,20.703,2021-10-30,Sword Art Online the Movie – Progressive – Aria of a Starless Night,7.89,282
"[28, 878, 53]",en,Next,31.187,2007-04-25,Next,6.093,2910
[18],fr,Close,25.462,2022-11-01,Close,7.801,731
"[27, 35, 53]",en,The Lost Boys,25.185,1987-07-31,The Lost Boys,7.076,1999
[28],cn,天龍八部之喬峰傳,28.714,2023-01-16,Sakra,6.4,152
"[80, 18, 10749]",en,Romeo Is Bleeding,13.737,1993-09-13,Romeo Is Bleeding,6.199,176
[18],ko,아이돌 승하의 19금 AV를 찍자,27.119,2021-06-24,Idol Seungha's R-Rated Film Shooting,6.6,39
"[18, 53, 80]",es,Perdidos en la noche,27.755,2023-10-04,Lost in the Night,6.544,34
"[35, 10751, 10402]",en,"Lyle, Lyle, Crocodile",22.958,2022-10-07,"Lyle, Lyle, Crocodile",7.011,564
"[10749, 878]",en,Femalien,32.031,1996-09-03,Femalien,5.2,13
"[28, 12, 10751, 35, 878, 18]",en,Spy Kids 2: The Island of Lost Dreams,23.432,2002-08-07,Spy Kids 2: The Island of Lost Dreams,5.6,2146
[35],en,Tammy,19.685,2014-07-02,Tammy,5.336,1194
"[16, 10751, 35]",en,Banana,32.017,2010-12-13,Banana,7.105,276
"[27, 53, 35]",en,All Cheerleaders Die,13.718,2013-10-31,All Cheerleaders Die,5.224,380
"[28, 878]",ja,シン・ウルトラマン,22.45,2022-05-13,Shin Ultraman,7.189,169
[35],it,La nipote,18.067,1974-06-14,La nipote,5.5,13
"[12, 28, 35, 53, 80]",en,Lethal Weapon,22.927,1987-03-06,Lethal Weapon,7.29,4480
[27],en,The Accursed,19.443,2021-11-12,The Accursed,6.6,141
"[53, 28, 35, 878]",en,The Tuxedo,27.677,2002-09-27,The Tuxedo,5.719,1921
"[27, 9648, 53]",en,My Bloody Valentine,28.177,2009-01-16,My Bloody Valentine,5.522,1147
"[35, 18, 10749]",en,Magic Mike's Last Dance,24.957,2023-02-09,Magic Mike's Last Dance,6.626,457
"[12, 28, 14, 36]",ta,தங்கலான்,18.269,2024-08-15,Thangalaan,7.5,6
"[35, 10749]",en,How to Be Single,21.429,2016-02-08,How to Be Single,6.3,3171
"[28, 12, 878]",en,Spider-Man 2,25.212,2004-06-25,Spider-Man 2,7.286,14960
"[28, 12, 53]",hi,योद्धा,16.94,2024-03-15,Yodha,6.429,14
"[28, 53]",en,Red Dawn,19.925,2012-03-15,Red Dawn,5.702,1588
"[35, 53, 28, 12]",zh,急先锋,29.684,2020-09-30,Vanguard,6.351,533
"[35, 80]",en,Heathers,21.172,1989-03-31,Heathers,7.302,1654
"[18, 53]",en,The Hand that Rocks the Cradle,18.671,1992-01-10,The Hand that Rocks the Cradle,6.861,872
"[18, 53, 10749, 27]",ja,花と蛇2 パリ／静子,22.951,2005-05-14,Flower & Snake II,6.5,26
"[18, 35, 14, 27]",fr,La Maison,22.878,2022-11-16,The House,6.1,81
"[28, 35, 80]",es,El duelo,30.475,2023-10-12,The Duel,6.1,179
"[18, 28, 35, 80]",en,Plastic,13.679,2014-04-30,Plastic,5.971,188
"[35, 18]",en,The Big Chill,16.669,1983-09-30,The Big Chill,6.8,573
"[18, 27, 10749]",en,Bones and All,24.447,2022-11-18,Bones and All,7.1,1305
"[80, 18, 53]",en,Nightmare Alley,18.937,2021-12-02,Nightmare Alley,6.993,2862
"[10749, 18]",sv,Kyss mig,16.921,2011-07-29,With Every Heartbeat,7.119,337
"[99, 10402]",en,I Am: Celine Dion,17.854,2024-06-18,I Am: Celine Dion,7.889,107
"[9648, 35]",en,Poolman,17.701,2024-05-09,Poolman,4.417,30
[10749],ko,하숙집,22.51,2014-02-25,Boarding House,4.0,3
[53],de,Who Am I - Kein System ist sicher,21.419,2014-09-25,Who Am I,7.608,1512
[27],en,Texas Chainsaw Massacre,26.434,2022-02-18,Texas Chainsaw Massacre,5.218,1409
[27],en,Silver Bullet,15.664,1985-10-10,Silver Bullet,6.557,590
[],en,Handwoven,13.651,2024-09-30,Handwoven,0.0,0
"[18, 10749]",en,Collateral Beauty,16.168,2016-12-15,Collateral Beauty,7.233,5309
"[35, 878]",ru,Иван Васильевич меняет профессию,13.646,1973-09-17,Ivan Vasilyevich Changes His Profession,7.929,347
[18],tl,Mahjong Nights,20.668,2021-11-12,Mahjong Nights,5.6,8
"[10751, 14, 35, 10770]",en,Casper Meets Wendy,25.662,1998-09-10,Casper Meets Wendy,5.997,379
[18],en,The Aviator,18.162,2004-12-17,The Aviator,7.23,5253
"[16, 35, 14, 12, 10751, 27]",es,Las Leyendas: El Origen,21.924,2021-02-15,Las Leyendas: El Origen,8.247,249
"[878, 16, 28, 12]",en,Superman/Batman: Public Enemies,13.64,2009-09-29,Superman/Batman: Public Enemies,7.031,627
"[35, 10749]",en,Bridesmaids,20.663,2011-05-13,Bridesmaids,6.52,4305
"[878, 28, 53, 9648]",ko,서복,17.674,2021-04-12,Seobok,7.2,219
"[28, 878]",en,Dredd,22.731,2012-09-07,Dredd,6.832,4970
"[35, 18, 10751, 14, 10749]",en,Just My Luck,30.66,2006-05-12,Just My Luck,6.141,1870
"[878, 28, 12]",en,Superman II,25.909,1980-12-12,Superman II,6.733,2218
[35],en,The Waterboy,21.41,1998-11-06,The Waterboy,6.058,1780
"[37, 18, 53]",en,3:10 to Yuma,22.721,1957-08-07,3:10 to Yuma,7.2,347
"[27, 9648]",en,Hide and Seek,28.909,2005-01-27,Hide and Seek,6.336,1541
"[28, 16, 12, 35, 14, 878]",ja,ドラゴンボール 神龍の伝説,22.709,1986-12-20,Dragon Ball: Curse of the Blood Rubies,6.828,323
"[18, 36]",en,Race for Glory: Audi vs Lancia,22.707,2024-01-05,Race for Glory: Audi vs Lancia,6.173,127
[878],ko,정이,22.702,2023-01-12,JUNG_E,6.128,588
"[27, 35]",en,Braindead,18.655,1992-08-13,Braindead,7.4,1601
"[10749, 18]",ko,미용실: 특별한 서비스,22.694,2016-12-29,Beauty Salon: Special Service,6.2,12
"[35, 10749]",en,Meet the Parents,23.155,2000-10-06,Meet the Parents,6.675,5841
"[16, 10749, 12, 18, 14]",fr,Jack et la mécanique du cœur,22.687,2014-02-05,Jack and the Cuckoo-Clock Heart,7.217,701
"[10751, 18, 10402]",en,August Rush,20.654,2007-11-21,August Rush,7.415,2644
"[28, 53, 80]",en,Machine Gun Preacher,22.677,2011-09-23,Machine Gun Preacher,6.736,1026
[18],en,Lion,22.676,2016-11-24,Lion,8.068,6484
"[35, 18, 10749]",en,Tall Girl,22.675,2019-09-13,Tall Girl,6.326,1855
"[27, 53]",en,A Nightmare on Elm Street 4: The Dream Master,23.401,1988-08-19,A Nightmare on Elm Street 4: The Dream Master,5.858,1387
"[28, 80]",en,Shaft,22.671,2019-06-14,Shaft,6.548,1687
[27],vi,Bóng Ðè,22.67,2022-03-24,The Ancestral,6.351,57
[27],vi,Bóng Ðè,21.881,2022-03-24,The Ancestral,6.351,57
"[53, 18, 14, 9648, 27]",en,Red Riding Hood,20.404,2011-03-10,Red Riding Hood,5.973,3106
"[10749, 35, 18]",en,To All the Boys: Always and Forever,23.164,2021-02-12,To All the Boys: Always and Forever,7.556,1881
"[14, 35, 10749, 10770]",en,Z-O-M-B-I-E-S,20.906,2018-02-16,Z-O-M-B-I-E-S,7.242,677
[35],en,Fading Gigolo,13.596,2013-09-07,Fading Gigolo,5.833,572
"[28, 80, 53]",en,Last Looks,19.418,2022-01-27,Last Looks,5.862,293
"[10749, 18]",ko,녹색의자 2013: 러브 컨셉츄얼리,31.721,2013-10-31,Green Chair 2013 - Love Conceptually,5.9,4
[16],ja,劇場版 美少女戦士セーラームーンCosmos 前編,23.288,2023-06-09,Pretty Guardian Sailor Moon Cosmos the Movie Part 1,7.278,45
[99],en,Grounded: Making The Last of Us,13.589,2013-06-14,Grounded: Making The Last of Us,7.5,32
[35],tl,Boso,22.988,2005-04-13,Boso,5.0,3
"[10751, 35, 80]",en,That Darn Cat!,13.587,1965-12-02,That Darn Cat!,6.5,167
[],zh,咸湿西游记之猪八戒淫闹女儿国,31.702,1998-06-16,West Sex Journey 2,4.889,9
[99],en,50 Greatest Harry Potter Moments,22.399,2011-07-27,50 Greatest Harry Potter Moments,7.449,128
[27],es,La niña de la comunión,20.427,2023-02-09,The Communion Girl,6.034,219
"[18, 36, 53, 28]",en,Kursk,31.688,2018-11-07,Kursk,6.648,601
"[28, 80, 18]",en,The Big Bird Cage,13.58,1972-07-01,The Big Bird Cage,5.7,72
"[53, 28, 10749, 878, 12]",en,The Saint,31.686,1997-04-03,The Saint,6.107,1101
[35],en,Clerks,16.395,1994-10-19,Clerks,7.402,2453
"[10749, 35]",en,Leap Year,18.395,2010-01-08,Leap Year,6.886,2004
"[28, 35, 16]",ja,らんま½ 劇場版 決戦桃幻郷!花嫁を奪りもどせ!!,17.143,1992-08-02,Ranma ½: The Movie 2 — The Battle of Togenkyo: Rescue the Brides!,8.105,128
[14],fr,Substance noire,22.615,2021-01-07,Substance noire,8.0,1
"[18, 10749]",ru,Lady Libertine,22.614,1984-06-27,Lady Libertine,5.5,13
"[10749, 35]",en,The Kissing Booth 3,22.611,2021-08-11,The Kissing Booth 3,6.906,1876
"[28, 35, 80]",en,Blue Streak,22.61,1999-09-17,Blue Streak,6.503,1455
"[10749, 27, 35, 53]",en,Pride and Prejudice and Zombies,22.608,2016-02-04,Pride and Prejudice and Zombies,6.1,2139
[18],ko,상류사회,22.606,2018-08-29,High Society,5.602,49
"[27, 53, 80, 18]",en,Malicious,22.603,2023-03-05,Malicious,7.639,36
"[12, 27, 53]",en,Prey,22.603,2007-05-18,Prey,5.856,367
"[10749, 35, 28, 12]",en,Romancing the Stone,22.602,1984-03-30,Romancing the Stone,6.758,1785
"[18, 53]",en,Imago,22.599,2024-10-01,Imago,0.0,0
[35],es,Papá o Mamá,22.595,2023-11-30,Dad or Mom,7.01,97
"[35, 80]",en,Identity Thief,22.595,2013-02-07,Identity Thief,5.863,3285
[35],en,Vacation Friends,22.594,2021-08-27,Vacation Friends,7.103,750
[35],en,Spirited,22.594,2022-11-10,Spirited,6.973,583
"[80, 53, 18]",en,A Perfect Murder,22.594,1998-06-05,A Perfect Murder,6.529,1343
"[10751, 16, 10770, 35]",en,"It's the Great Pumpkin, Charlie Brown",22.589,1966-10-27,"It's the Great Pumpkin, Charlie Brown",7.5,388
"[10749, 18, 10402]",en,Forever My Girl,22.588,2018-01-26,Forever My Girl,7.605,1198
"[10751, 35, 10749, 18]",en,RV,22.58,2006-04-28,RV,5.869,1650
[18],en,Moneyball,22.577,2011-09-23,Moneyball,7.28,5054
"[18, 53]",en,Bad Genius,22.572,2024-09-12,Bad Genius,5.8,5
"[18, 53]",en,Bad Genius,13.543,2024-09-12,Bad Genius,5.8,5
"[18, 10749]",en,An Officer and a Gentleman,21.636,1982-07-28,An Officer and a Gentleman,7.012,1083
"[18, 10402]",en,"tick, tick... BOOM!",22.568,2021-11-11,"tick, tick... BOOM!",7.649,2021
"[35, 80, 28]",en,Miss Congeniality,20.636,2000-12-22,Miss Congeniality,6.528,3841
"[18, 10749, 53]",en,Blown Away,13.538,1993-04-01,Blown Away,6.147,92
"[10749, 10751, 18]",ko,내 아내의 언니,26.12,2016-12-20,My Wife's Sister,5.125,16
[99],ko,사이버 지옥: n번방을 무너뜨려라,21.706,2022-05-17,Cyber Hell: Exposing an Internet Horror,7.182,85
"[53, 27, 18]",en,Fear of Rain,14.148,2021-02-12,Fear of Rain,6.97,514
"[28, 12]",en,The Legend of Hercules,22.557,2014-01-10,The Legend of Hercules,4.797,1297
"[28, 53, 80]",en,The Boondock Saints II: All Saints Day,15.635,2009-11-24,The Boondock Saints II: All Saints Day,5.961,727
"[16, 28, 878, 12]",en,Star Wars: The Clone Wars,25.885,2008-08-05,Star Wars: The Clone Wars,6.118,1978
"[35, 80]",en,"See No Evil, Hear No Evil",22.633,1989-05-12,"See No Evil, Hear No Evil",6.7,955
"[16, 35, 10751]",en,Happy Feet Two,27.384,2011-11-17,Happy Feet Two,6.136,1568
"[16, 10751, 35]",en,The Hunchback of Notre Dame II,25.882,2002-02-06,The Hunchback of Notre Dame II,5.4,784
"[16, 35, 10751, 10749]",en,Under the Boardwalk,25.328,2023-10-27,Under the Boardwalk,7.302,63
"[27, 9648]",en,The Twin,14.9,2022-04-06,The Twin,5.8,195
[12],fr,Belle et Sébastien,22.535,2013-12-18,Belle and Sebastian,6.9,647
"[28, 35, 16]",ja,劇場版 天元突破グレンラガン 紅蓮篇,13.516,2008-09-06,Gurren Lagann the Movie: Childhood's End,7.7,101
"[35, 10749, 18]",en,Love Actually,25.13,2003-09-07,Love Actually,7.119,6574
"[16, 35]",en,The Wonderful World of Mickey Mouse: Steamboat Silly,26.424,2023-07-28,The Wonderful World of Mickey Mouse: Steamboat Silly,7.1,25
"[10749, 18]",ko,아이돌 섹스: LA 교포녀,22.919,2020-06-18,Idol Sex: LA Korean Women,1.0,1
"[35, 10749]",ko,젊은엄마: 내 나이가 어때서,23.722,2015-04-30,Young Mother: What's Wrong With My Age?,5.7,3
[53],en,Fear,25.377,1996-04-12,Fear,6.423,808
"[28, 12, 80, 53]",ko,야차,23.398,2022-04-08,Yaksha: Ruthless Operations,6.522,201
"[16, 12]",ja,名探偵コナン 紺碧の棺 （ジョリー・ロジャー）,15.878,2007-04-21,Detective Conan: Jolly Roger in the Deep Azure,6.6,124
"[53, 36, 18]",en,Tetris,18.657,2023-03-15,Tetris,7.726,1254
"[28, 14, 27, 35]",en,Day Shift,24.896,2022-08-12,Day Shift,6.792,1892
"[53, 27, 18]",es,La Llorona,18.131,2019-07-25,La Llorona,6.401,322
"[35, 878]",en,Spaceballs,28.37,1987-06-24,Spaceballs,6.847,2916
"[18, 36]",en,The Greatest Story Ever Told,20.62,1965-04-09,The Greatest Story Ever Told,6.385,178
"[28, 12, 14, 18]",te,బాహుబలి:ద బిగినింగ్,23.123,2015-07-10,Bāhubali: The Beginning,7.555,793
[16],en,Brim Broome Boulevard,22.862,2024-10-01,Brim Broome Boulevard,0.0,0
"[80, 18]",en,Scarface,21.869,1932-04-09,Scarface,7.453,590
"[10751, 35, 14]",nl,De Familie Claus 3,22.665,2022-12-07,The Claus Family 3,5.779,34
"[16, 35, 10751, 14]",ru,Коты Эрмитажа,14.84,2023-03-23,Cats in the Museum,6.8,48
[18],en,The Cider House Rules,17.617,1999-12-17,The Cider House Rules,7.036,1142
"[35, 80]",en,Police Academy 4: Citizens on Patrol,20.866,1987-04-02,Police Academy 4: Citizens on Patrol,5.492,1133
"[28, 35]",ja,ベイビーわるきゅーれ2ベイビー,27.147,2023-03-24,Baby Assassins 2,6.84,25
"[35, 10751]",en,Beverly Hills Chihuahua 2,31.389,2011-02-01,Beverly Hills Chihuahua 2,5.9,383
[35],en,Daddy's Home 2,22.118,2017-11-09,Daddy's Home 2,6.296,2490
[35],en,Daddy's Home 2,22.415,2017-11-09,Daddy's Home 2,6.296,2490
"[28, 16, 878]",en,Transformers Prime: Beast Hunters - Predacons Rising,22.41,2013-10-04,Transformers Prime: Beast Hunters - Predacons Rising,8.183,120
"[18, 10749]",en,Bed of Roses,22.404,1996-01-26,Bed of Roses,5.844,112
"[14, 37, 10770]",en,Purgatory,22.403,1999-01-10,Purgatory,7.265,119
"[18, 10402]",en,This Is Me…Now,22.4,2024-02-15,This Is Me…Now,5.343,70
"[10752, 53, 18]",en,The Wall,22.396,2017-05-12,The Wall,6.364,937
"[18, 10749]",en,Phantom Thread,22.389,2017-12-25,Phantom Thread,7.3,3429
"[27, 53]",en,"Sorry, Charlie",22.387,2023-10-06,"Sorry, Charlie",6.0,12
"[53, 28, 878]",en,Left Behind,22.385,2014-10-03,Left Behind,4.237,1281
"[10749, 18]",en,Midnight Sun,22.382,2018-03-22,Midnight Sun,7.801,3370
"[28, 12, 18]",en,The Edge,22.374,1997-09-06,The Edge,6.846,1148
"[12, 14, 16, 10751]",en,Return to Never Land,22.373,2002-02-14,Return to Never Land,6.5,2293
"[16, 10751]",en,Barbie in the Nutcracker,22.373,2001-09-30,Barbie in the Nutcracker,6.9,1037
"[28, 53, 878]",en,Déjà Vu,22.369,2006-11-22,Déjà Vu,6.864,4707
"[28, 12, 9648, 53]",en,National Treasure: Book of Secrets,22.368,2007-12-13,National Treasure: Book of Secrets,6.355,5062
[18],zh,泪光中的妈妈,22.364,2024-05-11,Mother of Tears,0.0,0
"[18, 10749, 10752]",en,The English Patient,22.36,1996-11-14,The English Patient,7.179,2147
"[28, 53]",en,Erased,22.359,2012-08-23,Erased,6.067,716
"[12, 35, 878]",en,The Hitchhiker's Guide to the Galaxy,22.359,2005-04-28,The Hitchhiker's Guide to the Galaxy,6.666,3808
"[12, 10751, 18]",de,Heidi,22.358,2015-12-10,Heidi,7.159,386
[18],en,Reign Over Me,13.414,2007-03-22,Reign Over Me,7.194,1039
"[53, 10752]",en,Journey into Fear,13.409,1943-01-07,Journey into Fear,6.0,92
"[18, 27, 53]",en,Exorcist II: The Heretic,22.602,1977-06-17,Exorcist II: The Heretic,4.521,703
"[16, 27]",en,Abruptio,13.555,2024-09-27,Abruptio,0.0,0
"[18, 36, 12]",no,Amundsen,31.282,2019-02-15,Amundsen,6.156,163
"[16, 10749, 878]",ja,HELLO WORLD,23.36,2019-09-20,Hello World,7.31,357
"[28, 80, 53]",en,Ninja: Shadow of a Tear,19.105,2013-12-27,Ninja: Shadow of a Tear,6.659,372
"[28, 80, 18]",en,El padrino,20.061,2004-09-27,El padrino: The Latin Godfather,7.018,57
"[35, 878]",en,Flesh Gordon,13.4,1974-07-30,Flesh Gordon,4.9,91
"[80, 18, 53]",en,The Highwaymen,24.107,2019-03-15,The Highwaymen,6.755,1992
"[80, 53]",ko,결백,29.15,2020-06-10,Innocence,7.694,93
"[35, 18]",en,Mr. Smith Goes to Washington,13.394,1939-10-19,Mr. Smith Goes to Washington,7.886,1030
"[80, 35]",en,A Shock to the System,13.394,1990-03-23,A Shock to the System,6.4,117
"[27, 35]",en,Leprechaun in the Hood,17.849,2000-03-28,Leprechaun in the Hood,4.851,225
[18],es,La misma luna,26.1,2007-07-27,Under the Same Moon,7.736,252
"[28, 35]",en,Ready to Rumble,13.389,2000-04-07,Ready to Rumble,5.219,153
[18],en,Hamlet,13.386,1948-12-10,Hamlet,7.416,249
[27],en,The Wicker Man,24.596,1973-12-06,The Wicker Man,7.4,1365
"[28, 18]",en,Gladiator,23.096,1992-03-06,Gladiator,7.577,332
"[28, 80, 18]",en,Death Wish II,18.345,1982-02-20,Death Wish II,6.26,456
"[27, 53, 9648]",en,Host,21.108,2020-12-04,Host,6.494,905
"[99, 80]",en,How to Rob a Bank,31.219,2024-06-04,How to Rob a Bank,6.514,35
"[18, 10749, 878, 12]",ru,Притяжение,31.213,2017-01-26,Attraction,6.686,791
"[18, 10402, 10749]",en,Walk the Line,20.345,2005-09-13,Walk the Line,7.499,2818
[35],en,Anger Management,24.345,2003-04-11,Anger Management,6.144,3089
"[18, 80]",en,21,21.096,2008-03-27,21,6.7,4570
"[35, 80, 10749]",en,Married to the Mob,13.373,1988-08-19,Married to the Mob,5.915,271
"[28, 35, 80]",en,The Heat,19.846,2013-06-27,The Heat,6.594,3881
"[18, 10751, 10749]",en,The Man in the Moon,18.093,1991-09-30,The Man in the Moon,7.368,299
"[28, 18, 36]",en,Medieval,27.117,2022-09-08,Medieval,6.987,464
"[18, 80, 53]",en,Collateral,22.593,2004-08-04,Collateral,7.224,5501
"[16, 12, 10751]",en,Mr. Peabody & Sherman,23.346,2014-02-07,Mr. Peabody & Sherman,6.725,2322
"[10749, 35]",tr,Aşk Taktikleri,13.364,2022-02-11,Love Tactics,7.16,300
[18],pl,Ida,13.363,2013-10-25,Ida,7.244,955
"[28, 12, 14]",te,బాహుబలి 2: ది కన్ క్లూజన్,21.346,2017-04-27,Bāhubali 2: The Conclusion,7.429,723
[28],zh,疯狂的拳头,14.225,2021-05-06,Crazy Fist,6.9,54
"[18, 36, 16]",pl,Chłopi,16.144,2023-10-13,The Peasants,7.77,100
"[10752, 28, 12, 18, 53]",en,Green Zone,18.34,2010-03-11,Green Zone,6.47,2133
"[28, 18]",zh,目中无人2,24.316,2024-09-11,Eye for an Eye 2,8.0,1
[28],ja,くノ一忍法帖II 聖少女の秘宝,22.117,1992-08-21,Female Ninjas Magic Chronicles 2: Secret of the Christian Bells,7.0,1
"[18, 10749]",fr,Le Paradis,18.183,2023-05-03,The Lost Boys,7.221,52
"[28, 878, 53, 27]",en,Shark Side of the Moon,25.36,2022-08-12,Shark Side of the Moon,5.133,150
[10749],ko,내 학생의 엄마 4,16.845,2019-10-11,My Student's Mom 4,0.0,0
[27],en,Ouija: Origin of Evil,21.341,2016-10-20,Ouija: Origin of Evil,6.126,2426
[18],es,Marcelino pan y vino,21.087,1955-02-24,The Miracle of Marcelino,7.2,252
"[27, 878]",en,The Fly II,27.585,1989-02-10,The Fly II,5.62,629
"[10770, 28, 12, 10751, 878]",nl,De Club van Lelijke Kinderen,19.154,2019-10-09,The Club of Ugly Children,6.444,27
"[878, 12, 10751]",en,Zathura: A Space Adventure,26.085,2005-11-06,Zathura: A Space Adventure,6.43,3236
"[28, 12, 53]",ko,백두산,26.594,2019-12-19,Ashfall,6.8,562
"[10751, 16, 12, 14]",ja,劇場版 ポケットモンスター キミにきめた！,23.089,2017-07-15,Pokémon the Movie: I Choose You!,7.051,618
"[27, 53, 14]",en,Men,17.855,2022-05-20,Men,6.122,1024
"[10751, 14, 12, 35]",en,The Christmas Chronicles: Part Two,17.596,2020-11-18,The Christmas Chronicles: Part Two,6.5,1002
[18],en,Sound of Hope: The Story of Possum Trot,21.193,2024-07-04,Sound of Hope: The Story of Possum Trot,6.4,13
"[18, 10402]",en,Maria,25.941,2024-11-27,Maria,0.0,0
"[28, 35, 80, 53]",hi,वांटेड,19.333,2009-09-18,Wanted,5.772,112
"[28, 12, 14]",zh,西遊記之孫悟空三打白骨精,22.346,2016-01-22,The Monkey King 2,5.957,92
"[28, 10752, 53]",zh,战狼,14.585,2015-04-02,Wolf Warrior,6.226,237
"[18, 10751]",en,The Perfect Game,22.333,2009-11-09,The Perfect Game,6.994,155
"[28, 18]",en,Ip Man Kung Fu Master,23.09,2019-12-23,Ip Man: Kung Fu Master,6.68,158
"[10751, 35, 12]",en,Jingle All the Way,18.83,1996-11-21,Jingle All the Way,6.0,2572
"[10751, 35, 12]",en,Jingle All the Way,18.83,1996-11-21,Jingle All the Way,6.0,2572
"[18, 80, 53]",fr,L'Immortel,18.081,2010-03-23,22 Bullets,6.666,1186
[18],en,Destricted,13.31,2006-09-15,Destricted,4.4,66
"[35, 18, 10751, 10402, 10749, 10770]",en,High School Musical,28.078,2006-01-20,High School Musical,6.564,4525
"[10402, 18]",en,I Can Only Imagine,24.084,2018-02-14,I Can Only Imagine,7.505,460
"[12, 28, 18]",en,The Man in the Iron Mask,22.828,1998-03-12,The Man in the Iron Mask,6.64,3762
"[16, 878, 53]",ja,パプリカ,28.579,2006-10-21,Paprika,7.81,2390
"[36, 10402, 18]",en,Amadeus,19.327,1984-09-19,Amadeus,8.0,4180
"[12, 28, 53]",en,Live and Let Die,23.076,1973-06-27,Live and Let Die,6.502,2003
"[28, 80, 53]",en,Stolen,23.328,2012-09-06,Stolen,5.4,999
"[35, 18, 10749]",fr,Cet obscur objet du désir,19.824,1977-08-17,That Obscure Object of Desire,7.444,376
"[28, 80, 35, 53]",en,The Italian Job,21.825,1969-06-02,The Italian Job,7.003,724
"[28, 53, 80]",fr,Sans répit,15.343,2022-02-25,Restless,6.079,374
"[28, 14, 878]",en,Daybreakers,13.574,2010-01-06,Daybreakers,6.277,1923
"[80, 35, 10749]",en,Something Wild,14.322,1986-11-07,Something Wild,6.54,322
"[18, 878]",de,Metropolis,22.822,1927-02-06,Metropolis,8.1,2710
"[28, 53]",en,Night Has Fallen,18.32,,Night Has Fallen,0.0,0
"[18, 35]",ko,7번방의 선물,19.822,2013-01-23,Miracle in Cell No. 7,7.947,427
"[16, 878, 28]",ja,アベンジャーズ コンフィデンシャル：ブラック・ウィドウ ＆ パニッシャー,18.573,2014-04-19,Avengers Confidential: Black Widow & Punisher,6.41,250
"[28, 12, 35, 10751, 878]",en,Spy Kids 3-D: Game Over,23.819,2003-07-25,Spy Kids 3-D: Game Over,5.125,2174
"[28, 12, 35, 10751, 878]",en,Spy Kids 3-D: Game Over,22.121,2003-07-25,Spy Kids 3-D: Game Over,5.125,2174
"[35, 18]",en,An American Pickle,22.119,2020-07-26,An American Pickle,5.703,476
"[27, 28, 12, 10770]",en,Anaconda 3: Offspring,22.118,2008-07-26,Anaconda 3: Offspring,4.655,306
"[28, 10752, 36]",en,Midway,22.115,2019-11-06,Midway,7.135,2435
"[10751, 18]",es,Cosas imposibles,22.114,2021-06-17,Impossible Things,8.43,384
"[28, 14, 878]",en,Mortal Kombat: Annihilation,22.114,1997-11-11,Mortal Kombat: Annihilation,4.51,1172
[53],en,The Stanford Prison Experiment,22.113,2015-07-17,The Stanford Prison Experiment,6.855,920
[18],en,The Last Picture Show,22.107,1971-10-03,The Last Picture Show,7.647,673
"[12, 16, 35, 14, 10751]",en,Shrek the Halls,22.107,2007-11-28,Shrek the Halls,6.361,837
"[36, 18, 28]",en,The Last Duel,22.106,2021-10-13,The Last Duel,7.4,3295
"[28, 80]",ko,특송,22.104,2022-01-12,Special Delivery,7.0,172
"[80, 18, 53]",en,A Most Violent Year,22.102,2014-12-31,A Most Violent Year,6.606,1385
[35],en,Those Magnificent Men in Their Flying Machines or How I Flew from London to Paris in 25 Hours 11 Minutes,22.102,1965-06-16,Those Magnificent Men in Their Flying Machines or How I Flew from London to Paris in 25 Hours 11 Minutes,6.7,165
"[9648, 16, 12]",ja,黒執事 Book of Murder,22.097,2014-10-25,Black Butler: Book of Murder,8.1,55
"[28, 36]",en,Viking: Bloodlust,22.09,2023-04-21,Viking: Bloodlust,6.9,75
"[27, 28, 35]",es,MexZombies,22.089,2022-10-26,MexZombies,7.129,151
"[18, 37, 10749]",es,Extraña forma de vida,22.084,2023-05-26,Strange Way of Life,6.451,265
[16],ja,つみきのいえ,22.084,2008-06-10,La Maison en Petits Cubes,7.893,429
"[53, 27]",en,Grave Encounters,22.083,2011-09-09,Grave Encounters,6.286,1449
"[80, 28]",en,The Enforcer,22.083,1976-12-16,The Enforcer,6.725,859
[27],en,Beaten to Death,22.071,2023-09-01,Beaten to Death,5.1,15
"[27, 9648, 18]",es,Huesera,22.071,2023-02-10,Huesera: The Bone Woman,5.817,311
"[16, 10751, 878, 12]",ja,STAND BY ME ドラえもん2,22.069,2020-11-20,Stand by Me Doraemon 2,7.653,200
"[18, 36]",en,A Million Miles Away,22.063,2023-09-08,A Million Miles Away,7.752,421
"[10751, 14, 18, 35, 10749]",en,The Preacher's Wife,22.056,1996-12-13,The Preacher's Wife,5.757,220
"[18, 9648, 80]",en,The Clovehitch Killer,22.053,2018-11-16,The Clovehitch Killer,6.426,684
"[12, 27, 53]",en,The Descent: Part 2,22.053,2009-10-14,The Descent: Part 2,5.895,1121
"[18, 10402, 10749]",en,A Star Is Born,22.053,1976-12-17,A Star Is Born,6.0,216
"[18, 80]",ja,リリイ・シュシュのすべて,22.049,2001-10-06,All About Lily Chou-Chou,7.3,220
"[80, 28, 18]",en,Transfusion,22.048,2023-01-05,Transfusion,6.057,238
"[12, 28, 53, 27, 36]",en,The Ghost and the Darkness,22.043,1996-10-11,The Ghost and the Darkness,6.779,1001
[35],en,Movie 43,22.042,2013-01-24,Movie 43,4.599,2282
"[18, 10749]",cn,玉蒲團之雲雨山莊,22.039,1999-11-27,Battle of Love,7.0,1
"[9648, 10749, 53]",en,To Catch a Thief,22.038,1955-08-03,To Catch a Thief,7.294,1470
"[53, 28, 12, 80]",kn,ಕೆಜಿಎಫ್ ಅಧ್ಯಾಯ ೧,22.033,2018-12-20,K.G.F: Chapter 1,7.381,214
"[35, 18, 9648]",fr,Trois couleurs : Blanc,22.033,1994-01-26,Three Colors: White,7.458,1159
"[35, 878, 12]",en,Galaxy Quest,22.026,1999-12-25,Galaxy Quest,7.061,2199
[35],en,Dumb and Dumberer: When Harry Met Lloyd,22.018,2003-04-14,Dumb and Dumberer: When Harry Met Lloyd,4.158,819
[18],ml,ആടുജീവിതം,22.017,2024-03-28,The Goat Life,7.476,21
"[10749, 18]",en,Ammonite,22.013,2020-11-13,Ammonite,6.991,560
[],fr,Un film porno,23.481,1968-01-01,Un film porno,4.8,6
[18],en,The Master,14.052,2012-09-14,The Master,7.1,2901
"[18, 10749]",en,The Face of Love,13.196,2013-10-25,The Face of Love,6.098,133
[18],es,La Delgada Línea Amarilla,22.553,2015-03-06,The Thin Yellow Line,8.229,201
"[28, 18]",zh,目中无人,19.013,2022-09-10,Eye for an Eye,7.5,23
[18],en,Marriage Story,18.056,2019-09-28,Marriage Story,7.737,6849
"[16, 28, 12, 18, 14]",ja,ベルセルク 黄金時代篇III 降臨,24.3,2013-02-01,Berserk: The Golden Age Arc III - The Advent,7.658,348
"[14, 12, 35, 10770]",en,Invisible Sister,15.301,2015-12-10,Invisible Sister,6.717,293
"[36, 28, 18, 10770]",en,The Survivor,23.565,2022-04-07,The Survivor,6.924,157
[18],en,Radio,24.045,2003-10-24,Radio,7.248,708
"[878, 12, 10770]",en,Meteor Storm,22.876,2010-01-30,Meteor Storm,4.828,61
[27],en,Christine,24.543,1983-12-09,Christine,6.853,1934
"[28, 12, 878]",en,Superman IV: The Quest for Peace,23.043,1987-07-24,Superman IV: The Quest for Peace,4.562,1221
"[35, 10751, 10402]",en,The Muppets,17.795,2011-11-22,The Muppets,6.672,1539
"[99, 36]",en,Jimmy,23.53,2024-10-01,Jimmy,0.0,0
[18],ko,자매 바이러스,19.365,2021-02-24,Sisters Virus,3.0,2
"[18, 35, 10749]",en,The Hating Game,24.309,2021-12-09,The Hating Game,7.372,1015
"[18, 36, 80]",ko,간신,30.72,2015-05-21,The Treacherous,6.035,72
"[18, 36, 10752]",de,Das Boot,18.541,1981-09-17,Das Boot,8.092,2179
"[27, 35, 10749]",en,The Love Witch,15.296,2016-11-11,The Love Witch,6.418,520
"[53, 878]",en,Coherence,18.042,2013-09-19,Coherence,7.24,2854
"[35, 80]",en,Naked Gun 33⅓: The Final Insult,19.039,1994-03-18,Naked Gun 33⅓: The Final Insult,6.477,2024
"[27, 28, 53, 878]",en,The Darkest Hour,22.041,2011-12-22,The Darkest Hour,5.275,1427
"[27, 878, 28]",ja,進撃の巨人 ATTACK ON TITAN エンド オブ ザ ワールド,26.292,2015-09-01,Attack on Titan II: End of the World,6.088,340
"[16, 10751]",en,Sofia the First: Once Upon a Princess,18.29,2012-11-18,Sofia the First: Once Upon a Princess,7.377,106
"[18, 53]",en,Sliver,20.535,1993-05-21,Sliver,5.466,671
"[35, 27]",en,The Dead Don't Die,30.656,2019-05-15,The Dead Don't Die,5.432,2473
[80],fr,Mélodie en sous-sol,13.137,1963-03-19,Any Number Can Win,7.213,175
[99],en,Elizabeth Taylor: The Lost Tapes,25.546,2024-05-16,Elizabeth Taylor: The Lost Tapes,7.2,4
"[28, 12]",ru,Майор Гром: Чумной Доктор,17.298,2021-04-01,Major Grom: Plague Doctor,6.703,579
"[35, 14, 10749]",en,L.A. Story,13.135,1991-02-08,L.A. Story,6.456,328
"[35, 10751, 14]",en,Doctor Dolittle,14.784,1998-06-26,Doctor Dolittle,5.708,3017
"[12, 53, 18]",en,The River Wild,16.033,1994-09-30,The River Wild,6.418,861
"[18, 27, 53]",en,Antichrist,20.785,2009-05-20,Antichrist,6.646,2547
"[28, 16, 878]",ja,カウボーイビバップ 天国の扉,23.284,2001-09-01,Cowboy Bebop: The Movie,7.691,876
"[12, 16, 10751]",en,A Turtle's Tale 2: Sammy's Escape from Paradise,25.535,2012-08-01,A Turtle's Tale 2: Sammy's Escape from Paradise,5.8,208
"[16, 35, 14]",en,The Simpsons in Plusaversary,20.298,2021-11-12,The Simpsons in Plusaversary,6.543,406
"[16, 28, 80, 18]",ja,LUPIN THE IIIRD 血煙の石川五ェ門,14.287,2017-02-04,Lupin the Third: Goemon's Blood Spray,7.848,155
"[53, 10749]",en,Attraction,13.123,2001-04-22,Attraction,7.0,93
"[18, 9648, 10749, 53]",en,Wicker Park,17.281,2004-09-03,Wicker Park,6.837,668
"[53, 10749]",en,Attraction,13.123,2001-04-22,Attraction,7.0,93
"[18, 9648, 10749, 53]",en,Wicker Park,17.281,2004-09-03,Wicker Park,6.837,668
[18],en,Pain Hustlers,20.336,2023-10-20,Pain Hustlers,6.6,579
"[10749, 10751, 18]",hi,हम साथ - साथ हैं,17.43,1999-11-05,Hum Saath Saath Hain,6.013,80
"[80, 18, 53]",en,Bad Boys,23.777,1983-03-25,Bad Boys,7.0,262
"[37, 28, 80]",en,Apache Junction,19.294,2021-09-24,Apache Junction,6.351,171
"[28, 53]",en,The Warriors,24.026,1979-02-01,The Warriors,7.7,2119
"[28, 878, 12]",en,Transformers: Dark of the Moon,23.445,2011-06-28,Transformers: Dark of the Moon,6.207,8194
"[18, 53, 878]",en,The Circle,19.532,2017-04-27,The Circle,5.5,4357
"[28, 35]",cn,福星高照,29.776,1985-02-10,My Lucky Stars,6.393,183
"[10749, 35]",en,Mallrats,13.103,1995-10-20,Mallrats,6.763,1214
"[28, 53]",es,Sayen: La ruta seca,19.581,2023-10-20,Sayen: Desert Road,6.255,139
"[27, 28, 12]",en,Black Water: Abyss,23.036,2020-07-09,Black Water: Abyss,5.156,425
"[53, 18, 28]",sv,Avgrunden,30.559,2023-09-15,The Abyss,5.744,232
"[35, 28, 12, 10749]",en,Six Days Seven Nights,22.775,1998-06-12,Six Days Seven Nights,6.079,1436
"[18, 27, 53]",es,Venus,15.051,2022-12-02,Venus,6.278,223
[35],en,Easy A,15.275,2010-09-16,Easy A,6.808,6818
"[35, 18, 80]",en,In Bruges,22.024,2008-02-08,In Bruges,7.49,5050
"[18, 27]",es,Hermana Muerte,19.825,2023-10-05,Sister Death,5.977,265
"[35, 10751]",es,La familia Benetón,20.583,2024-03-22,The Benetón Family,5.547,32
"[53, 12]",ko,터널,13.079,2016-08-10,Tunnel,7.314,573
[53],en,The Loft,21.733,2014-10-14,The Loft,6.404,1418
[16],xx,Turmspringer,22.487,2024-10-01,High Diver,0.0,0
"[878, 28, 16]",ja,GANTZ:O,23.274,2016-10-14,GANTZ:O,7.306,746
"[10751, 16, 12, 14]",ja,劇場版ポケットモンスター ダイヤモンド&パール アルセウス 超克の時空へ,14.271,2009-07-18,Pokémon: Arceus and the Jewel of Life,7.1,273
"[28, 80, 53]",en,The Girl in the Spider's Web,24.526,2018-10-25,The Girl in the Spider's Web,6.147,1333
"[18, 10749]",zh,三峡好人,13.072,2006-11-16,Still Life,7.208,142
"[27, 18, 53]",en,The Cursed,21.034,2021-07-28,The Cursed,6.6,318
"[12, 28, 53]",en,Thunderball,24.268,1965-12-11,Thunderball,6.652,2274
"[10751, 28, 12, 35, 14, 878]",en,Underdog,15.269,2007-08-03,Underdog,5.47,680
[35],de,"Julchen und Jettchen, die verliebten Apothekerstöchter",18.217,1980-11-28,The Amorous Sisters,5.2,15
"[35, 10751]",en,My Girl 2,20.516,1994-02-11,My Girl 2,5.925,467
[35],fr,10 jours encore sans maman,21.3,2023-04-12,How to Survive Without Mum,5.3,106
"[14, 12, 10751]",en,The Adventurer: The Curse of the Midas Box,13.055,2013-12-05,The Adventurer: The Curse of the Midas Box,5.628,222
"[28, 53, 10752, 12]",zh,红海行动,18.02,2018-02-16,Operation Red Sea,7.371,363
"[18, 28, 53]",zh,精武門,23.013,1972-03-22,Fist of Fury,7.26,929
[18],nl,Blue Movie,13.049,1971-07-16,Blue Movie,4.9,8
"[27, 53, 18]",en,The Possession,16.514,2012-08-30,The Possession,6.047,1566
"[12, 18, 53]",en,Lord of the Flies,30.44,1990-03-16,Lord of the Flies,6.347,539
"[80, 28, 53]",ko,감시자들,19.262,2013-07-03,Cold Eyes,7.535,342
"[99, 80]",es,500 Días de Escobar: la vertiginosa caída del capo,30.416,2023-12-03,500 Days of Escobar,8.25,4
"[27, 18]",en,The Possession of Hannah Grace,21.267,2018-11-29,The Possession of Hannah Grace,5.588,1317
"[16, 10751, 35]",ja,パンダコパンダ,13.033,1972-12-17,Panda! Go Panda!,6.3,78
"[12, 28, 35]",en,Johnny English,20.508,2003-03-14,Johnny English,6.277,3403
"[35, 28, 80]",en,The Machine,15.795,2023-05-25,The Machine,5.771,153
"[878, 53]",en,Voyagers,24.77,2021-04-08,Voyagers,5.975,845
"[35, 27]",en,Tusk,25.759,2014-09-19,Tusk,5.482,1371
"[18, 53]",en,Descent,13.012,2007-04-26,Descent,4.4,47
[10749],ko,맛있는 과외누나,25.014,2020-04-03,Delicious Tutor,0.0,0
"[28, 12, 80, 9648, 53]",en,The Losers,20.004,2010-04-23,The Losers,6.269,1788
[18],en,Fences,20.758,2016-12-16,Fences,6.866,2574
"[10749, 18]",es,La mujer de mi hermano,26.252,2005-11-04,My Brother's Wife,6.279,113
"[18, 12, 28, 36]",zh,英雄,20.002,2002-07-22,Hero,7.499,2217
[53],en,Lazareth,16.246,2024-05-10,Lazareth,5.5,12
"[18, 10749]",ko,우리가족같이,16.258,2018-10-29,Like My Family,0.0,0
"[18, 10749, 35]",en,The Graduate,19.751,1967-12-21,The Graduate,7.643,3277
"[10749, 28, 35]",en,The Out-Laws,21.793,2023-07-07,The Out-Laws,6.042,683
[18],ko,도가니,26.752,2011-09-22,Silenced,8.2,618
"[35, 10751]",en,Air Bud: Seventh Inning Fetch,12.997,2002-06-18,Air Bud: Seventh Inning Fetch,5.5,145
"[12, 18]",en,Captain Fantastic,17.503,2016-07-08,Captain Fantastic,7.907,6328
"[18, 9648, 878]",en,New Rose Hotel,12.988,1999-03-19,New Rose Hotel,5.28,123
[99],en,Thinking XXX,21.717,2004-10-27,Thinking XXX,5.5,99
"[27, 53]",en,Countdown,21.256,2019-10-24,Countdown,6.259,2087
"[28, 53, 80]",en,The Boondock Saints,17.996,1999-01-22,The Boondock Saints,7.3,2362
"[10751, 35]",en,Are We Done Yet?,29.496,2007-04-04,Are We Done Yet?,5.795,606
[35],it,W la foca,20.793,1982-03-28,Long Live the Seal,6.7,35
"[35, 10749]",en,Safety Last!,12.974,1923-04-01,Safety Last!,7.8,492
[37],en,Valdez Is Coming,12.974,1971-04-09,Valdez Is Coming,6.2,77
"[27, 53]",en,The Strangers: Prey at Night,24.0,2018-03-07,The Strangers: Prey at Night,5.7,1341
"[16, 12, 28]",ja,ONE PIECE 呪われた聖剣,19.744,2004-03-06,One Piece: Curse of the Sacred Sword,7.0,210
"[53, 10749]",ko,챌린지 게임,21.988,2016-08-04,Challenge Game,6.5,8
[18],pl,Fanfik,17.841,2023-05-17,Fanfic,6.961,77
"[18, 53, 80, 9648]",sv,Män som hatar kvinnor,16.745,2009-02-27,The Girl with the Dragon Tattoo,7.529,2914
"[16, 9648, 14, 27]",ja,アムリタの饗宴,19.061,2023-05-26,The Feast of Amrita,6.0,1
"[18, 35]",en,Smoke Signals,12.97,1998-06-26,Smoke Signals,6.7,100
"[10752, 18, 36]",ja,人間の條件　第１部純愛篇／第２部激怒篇,18.243,1959-01-15,The Human Condition I: No Greater Love,8.051,234
[35],fr,Qu'est-ce qu'on a fait au Bon Dieu ?,25.496,2014-04-16,Serial (Bad) Weddings,6.673,3358
"[28, 27, 878]",en,Mega Lightning,19.75,2022-12-05,Mega Lightning,4.5,16
"[27, 53]",en,The Invitation,18.766,2022-08-24,The Invitation,6.104,797
"[27, 18, 53]",fr,Martyrs,20.243,2008-06-12,Martyrs,7.313,2654
"[35, 28]",en,Speed Zone,24.551,1989-04-21,Speed Zone,4.5,77
"[18, 10402]",en,Dreamgirls,22.743,2006-12-25,Dreamgirls,6.746,978
"[18, 14]",en,Powder,24.991,1995-10-27,Powder,6.987,638
"[10751, 14, 18, 12]",en,Where the Wild Things Are,21.992,2009-10-16,Where the Wild Things Are,6.493,1801
"[16, 12, 35, 10751]",en,Paws of Fury: The Legend of Hank,20.763,2022-07-14,Paws of Fury: The Legend of Hank,6.678,289
"[36, 10749]",en,Solomon and Sheba,15.941,1959-12-18,Solomon and Sheba,6.3,90
"[16, 28, 35, 878]",en,Teen Titans Go! To the Movies,25.996,2018-07-27,Teen Titans Go! To the Movies,7.204,1097
[53],is,Napóleonsskjölin,18.77,2023-01-26,Operation Napoleon,6.2,119
"[53, 80]",en,Phone Booth,14.489,2003-04-04,Phone Booth,6.857,3673
"[35, 18]",fr,Omar La Fraise,12.946,2023-05-24,The King of Algiers,6.0,93
"[35, 18]",hi,लापता लेडीज़,30.192,2024-03-01,Laapataa Ladies,8.188,56
"[28, 53]",en,Air Force One,21.986,1997-07-25,Air Force One,6.477,2904
"[28, 12, 10752]",en,The Dirty Dozen,19.984,1967-06-15,The Dirty Dozen,7.589,1179
"[28, 18, 35]",ko,용감한 시민,12.933,2023-10-25,Brave Citizen,6.9,26
"[99, 10402]",en,Let It Be,12.933,1970-05-13,Let It Be,7.665,142
[35],en,Supervixens,20.983,1975-04-02,Supervixens,5.668,131
"[28, 14, 53]",en,Shadow Master,22.42,2022-11-03,Shadow Master,6.727,97
"[16, 35, 10751, 80]",en,Hoodwinked!,25.984,2005-12-16,Hoodwinked!,6.229,1724
"[16, 10751, 37, 12, 35]",en,An American Tail: Fievel Goes West,29.983,1991-11-21,An American Tail: Fievel Goes West,6.3,708
"[28, 35]",en,Cannonball,12.929,1976-07-06,Cannonball,5.535,101
"[16, 10751, 37, 12, 35]",en,An American Tail: Fievel Goes West,21.552,1991-11-21,An American Tail: Fievel Goes West,6.3,708
"[28, 35]",en,Cannonball,21.549,1976-07-06,Cannonball,5.535,101
"[80, 9648, 53]",en,Body Double,21.549,1984-10-25,Body Double,6.8,768
"[28, 12, 35, 10751, 14, 878]",en,Teenage Mutant Ninja Turtles III,21.547,1993-03-17,Teenage Mutant Ninja Turtles III,5.445,807
"[99, 16]",en,Coraline: The Making of 'Coraline',21.544,2009-07-21,Coraline: The Making of 'Coraline',5.0,1
"[28, 27, 9648, 878, 53]",en,Pandorum,21.544,2009-09-08,Pandorum,6.572,2330
"[9648, 878, 53]",en,The X Files: I Want to Believe,21.544,2008-07-24,The X Files: I Want to Believe,5.812,1474
"[99, 10402]",en,Selena Gomez: My Mind & Me,21.543,2022-11-04,Selena Gomez: My Mind & Me,8.149,251
"[16, 35, 10770]",en,Ice Age: Surviving Sid,21.543,2008-10-20,Ice Age: Surviving Sid,6.127,106
"[28, 12, 878, 14]",en,Mighty Morphin Power Rangers: The Movie,21.538,1995-06-30,Mighty Morphin Power Rangers: The Movie,5.824,685
"[28, 27, 35]",ja,巨乳ドラゴン 温泉ゾンビVSストリッパー5,21.536,2010-05-15,Big Tits Zombie,5.4,43
"[12, 18, 10751]",en,Hugo,21.531,2011-11-22,Hugo,7.177,7101
"[28, 878]",en,The Wraith,21.531,1986-10-01,The Wraith,6.362,435
"[18, 35, 10749]",en,Silver Linings Playbook,21.53,2012-11-16,Silver Linings Playbook,7.139,11843
[18],en,The Father,21.528,2020-12-23,The Father,8.123,3134
"[10749, 18]",en,Carol,21.523,2015-11-20,Carol,7.491,3640
"[18, 53]",en,The Crush,21.52,1993-04-02,The Crush,6.607,489
"[53, 9648]",en,No Exit,21.516,2022-02-24,No Exit,6.887,1111
"[18, 35]",fr,Le Souffle au cœur,21.511,1971-04-27,Murmur of the Heart,7.1,171
[18],en,42,21.507,2013-04-12,42,7.184,1774
"[35, 18]",de,Wochenendrebellen,21.504,2023-09-28,Weekend Rebels,6.899,69
[18],en,My Left Foot: The Story of Christy Brown,21.504,1989-04-07,My Left Foot: The Story of Christy Brown,7.5,901
"[27, 53, 18]",en,Backcountry,21.489,2015-03-20,Backcountry,5.874,607
"[27, 9648, 53]",en,Last Night in Soho,21.488,2021-10-21,Last Night in Soho,7.322,3295
[18],en,"sex, lies, and videotape",21.488,1989-08-04,"sex, lies, and videotape",6.95,892
[27],it,Deliria,21.484,1987-02-08,StageFright,6.5,204
"[27, 53]",en,The Birds,21.483,1963-03-28,The Birds,7.528,3996
"[35, 10749]",en,Private Lessons,21.478,1981-05-01,Private Lessons,5.761,109
"[18, 53, 9648]",en,The Name of the Rose,21.464,1986-09-24,The Name of the Rose,7.484,2960
"[28, 35, 53, 10749]",en,Killers,21.458,2010-06-04,Killers,5.961,2158
"[27, 35]",en,The Frighteners,21.458,1996-07-18,The Frighteners,6.892,1510
"[27, 9648, 53]",en,Psycho II,21.457,1983-06-03,Psycho II,6.447,624
"[53, 14, 9648]",en,Dragonfly,21.44,2002-02-22,Dragonfly,6.542,841
"[18, 10749]",zh,负负得正,21.431,2024-08-10,Land of Broken Hearts,5.5,2
"[28, 18, 53]",ko,비상선언,21.427,2022-08-03,Emergency Declaration,7.5,341
"[27, 878]",en,Infinity Pool,21.422,2023-01-27,Infinity Pool,6.099,735
"[35, 18]",it,Perfetti sconosciuti,21.421,2016-02-11,Perfect Strangers,7.869,4323
[27],en,Hostel: Part III,21.42,2011-12-22,Hostel: Part III,5.062,1164
[10402],en,Coldplay: Moon Music - Global Theatrical Listening Event,21.417,2024-10-01,Coldplay: Moon Music - Global Theatrical Listening Event,0.0,0
"[35, 18]",en,Demolition,21.411,2016-04-06,Demolition,6.804,2167
"[35, 18]",en,Instant Family,21.41,2018-11-13,Instant Family,7.522,2922
"[16, 10751]",en,Barbie in A Mermaid Tale 2,21.404,2012-02-22,Barbie in A Mermaid Tale 2,7.089,442
"[28, 35, 27, 53]",en,Eight Legged Freaks,22.711,2002-07-17,Eight Legged Freaks,5.784,1208
[35],en,The Replacements,23.211,2000-08-11,The Replacements,6.645,941
"[12, 28, 16, 18, 14, 878]",ja,劇場版 ペルソナ3 第1章 Spring of Birth,21.396,2013-11-23,PERSONA3 THE MOVIE #1 Spring of Birth,7.152,56
"[35, 18, 10749]",ko,청불학원,21.394,2017-03-14,Adult Only Institute,4.5,12
"[18, 53]",en,Enough,17.96,2002-05-21,Enough,6.661,1125
"[35, 18]",it,Bámbola,21.389,1996-09-01,Bambola,4.268,56
"[18, 36]",de,Sophie Scholl – Die letzten Tage,16.708,2005-02-13,Sophie Scholl: The Final Days,7.124,412
"[28, 36, 10752]",en,We Were Soldiers,19.958,2002-03-01,We Were Soldiers,7.143,2018
"[16, 18, 10749]",ja,ジョゼと虎と魚たち,21.377,2020-12-25,"Josee, the Tiger and the Fish",8.264,454
"[35, 18, 10749]",en,Jerry Maguire,18.955,1996-12-13,Jerry Maguire,6.964,3226
"[35, 12, 16, 14, 10751]",ru,Финник,21.364,2022-03-24,Finnick,7.5,105
"[878, 35, 12, 28]",en,Flash Gordon,16.204,1980-09-01,Flash Gordon,6.212,951
"[18, 10749, 10402]",en,Moulin Rouge!,21.955,2001-05-18,Moulin Rouge!,7.563,4458
"[18, 53]",es,El cadáver de Anna Fritz,21.357,2015-03-15,The Corpse of Anna Fritz,6.888,532
"[12, 16, 10751]",en,Tarzan II,25.204,2005-06-13,Tarzan II,6.061,1117
"[18, 878, 53]",en,The Day the Earth Stood Still,18.955,2008-12-10,The Day the Earth Stood Still,5.621,3347
"[28, 878, 53]",en,Equilibrium,14.953,2002-12-06,Equilibrium,7.046,4448
[27],en,Malum,21.348,2023-03-31,Malum,5.5,105
"[35, 99]",en,Dog (The Mockumentary),23.144,2024-10-01,Dog (The Mockumentary),0.0,0
"[14, 35, 80]",ja,赤ずきん、旅の途中で死体と出会う。,21.751,2023-09-13,Once Upon a Crime,6.3,118
"[9648, 18, 53]",en,Pi,18.202,1998-07-10,Pi,7.1,2188
"[27, 878, 53]",en,V/H/S/Beyond,21.419,2024-09-20,V/H/S/Beyond,5.2,2
[18],es,Todo el silencio,22.355,2023-10-06,All the Silence,7.5,20
"[18, 27, 53]",en,Proxy,12.798,2014-04-18,Proxy,5.5,94
"[28, 80, 18, 53]",en,The Negotiator,19.7,1998-07-29,The Negotiator,7.1,2040
"[28, 12, 878]",ja,仮面ライダーW（ダブル）RETURNS 仮面ライダーアクセル,12.794,2011-04-21,Kamen Rider W Returns: Kamen Rider Accel,6.773,119
[99],en,Super/Man: The Christopher Reeve Story,21.321,2024-09-21,Super/Man: The Christopher Reeve Story,8.0,1
"[35, 27]",hi,मुंज्या,16.816,2024-06-07,Munjya,6.1,15
"[878, 18, 28, 10770]",en,Christmas Twister,12.789,2012-12-16,Christmas Twister,5.2,52
"[28, 80, 9648, 53]",en,Survivor,23.031,2015-05-21,Survivor,5.7,1003
[28],pl,Operacja: Soulcatcher,20.741,2023-08-02,Soulcatcher,6.415,271
"[28, 14, 12, 35]",zh,西游·降魔篇,15.699,2013-02-07,Journey to the West: Conquering the Demons,6.922,360
"[18, 10749]",fr,Romance,23.197,1999-04-14,Romance,5.5,251
"[35, 28, 53]",ko,미션 파서블,18.21,2021-02-17,Mission: Possible,7.533,166
"[18, 53]",en,Pleasure or Pain,17.008,2013-09-05,Pleasure or Pain,4.903,77
"[35, 80, 10749]",en,So I Married an Axe Murderer,15.444,1993-07-30,So I Married an Axe Murderer,6.071,416
"[80, 18, 53]",ko,더 테러 라이브,12.773,2013-07-31,The Terror Live,7.111,234
"[27, 35, 14]",en,There's Something in the Barn,20.501,2023-11-02,There's Something in the Barn,6.269,156
[28],en,One Shot,16.71,2021-11-05,One Shot,6.8,843
"[53, 27, 878]",ja,ゴジラ,20.193,1954-11-03,Godzilla,7.6,950
"[35, 18, 10749, 14]",en,The Family Man,20.443,2000-12-12,The Family Man,6.799,1918
"[53, 18, 36]",pt,"O Que é Isso, Companheiro?",12.768,1997-10-01,Four Days in September,7.5,109
"[35, 10749]",en,Waking Up in Reno,12.767,2002-12-13,Waking Up in Reno,5.0,92
"[878, 10749, 18, 14, 53, 9648]",en,Vanilla Sky,14.943,2001-12-14,Vanilla Sky,6.817,4086
[27],en,Grave Encounters 2,21.271,2012-10-12,Grave Encounters 2,5.545,891
"[18, 36, 10749]",en,Cleopatra,17.441,1963-06-12,Cleopatra,7.038,734
"[28, 12, 16, 35, 10751]",en,The Lego Movie 2: The Second Part,19.698,2019-02-06,The Lego Movie 2: The Second Part,6.679,2161
"[10752, 28, 18, 10749]",hi,लक्ष्य,14.661,2004-06-18,Lakshya,6.626,99
[35],en,She-Devil,17.939,1989-12-08,She-Devil,5.888,374
"[16, 35, 10751]",en,Surf's Up,18.441,2007-06-08,Surf's Up,6.44,2451
[35],en,Quiz Lady,17.739,2023-09-09,Quiz Lady,6.705,215
"[18, 35, 10749]",en,Aloha,21.257,2015-05-29,Aloha,5.498,2000
"[12, 18, 10751, 37]",en,Old Yeller,12.754,1957-12-25,Old Yeller,6.9,261
"[10749, 14, 18]",en,Always,15.438,1989-12-22,Always,6.3,584
"[28, 27]",en,Wyrmwood: Apocalypse,22.456,2022-02-10,Wyrmwood: Apocalypse,5.708,108
"[35, 10749, 18]",en,Sabrina,24.938,1954-09-10,Sabrina,7.5,1213
[16],en,Circumstantial Pleasures,21.244,2020-02-20,Circumstantial Pleasures,4.7,3
"[10751, 16, 35]",en,Partysaurus Rex,21.236,2012-09-14,Partysaurus Rex,7.138,474
"[878, 53, 28, 27]",en,The Hidden,15.935,1987-10-30,The Hidden,6.882,402
"[878, 12]",en,Star Trek IV: The Voyage Home,20.685,1986-11-26,Star Trek IV: The Voyage Home,7.137,1463
[18],it,Stranizza d'amuri,19.969,2023-03-23,Fireworks,7.418,128
"[878, 28, 53]",en,Extraction Point,17.31,2021-06-29,Extraction Point,5.4,37
[35],sv,91:an Karlsson,19.146,1946-09-02,Private Number 91-Karlsson,7.214,7
"[10749, 35, 18]",en,She Came to Me,20.689,2023-10-06,She Came to Me,6.05,90
"[9648, 28, 18, 53, 80]",en,Spartan,29.725,2004-03-12,Spartan,6.197,363
"[35, 80]",en,The Pink Panther,22.186,1963-12-18,The Pink Panther,6.893,999
"[18, 10749]",en,Damage,17.184,1992-12-02,Damage,6.639,570
"[35, 80]",en,Zola,29.712,2021-06-30,Zola,6.162,219
"[28, 35, 10749]",en,Hit & Run,23.686,2012-08-22,Hit & Run,5.707,526
"[18, 10749]",en,Jane Eyre,15.434,2011-03-11,Jane Eyre,7.217,1434
"[27, 53]",en,V/H/S/2,23.434,2013-06-06,V/H/S/2,6.213,1024
"[28, 12, 53]",en,Killer Elite,16.683,2011-09-22,Killer Elite,6.261,2093
"[18, 28, 53]",en,Way Down,21.694,2021-03-04,The Vault,6.825,936
"[18, 27, 53]",fr,Les 7 jours du talion,26.182,2010-06-22,Seven Days,6.296,208
"[12, 18, 53]",en,The Impossible,23.683,2012-09-09,The Impossible,7.365,6207
"[27, 35, 14]",en,The Little Shop of Horrors,14.681,1960-08-05,The Little Shop of Horrors,6.2,394
"[10770, 16, 12, 35, 14, 10402]",en,Steven Universe: The Movie,29.666,2019-10-07,Steven Universe: The Movie,8.2,772
"[53, 27]",ja,団鬼六　少女木馬責め,25.438,1982-12-03,The Girl and the Wooden Horse Torture,6.0,17
"[28, 35, 14]",en,Big Trouble in Little China,23.177,1986-05-30,Big Trouble in Little China,7.217,2950
"[27, 53]",id,Santet Segoro Pitu,20.484,2024-11-07,Santet Segoro Pitu,0.0,0
[18],sv,XXL,29.639,2024-11-01,XXL,0.0,0
"[80, 18]",en,Rumble Fish,16.175,1983-10-09,Rumble Fish,6.958,662
[18],ja,ハケンアニメ！,17.387,2022-05-20,Anime Supremacy!,6.3,23
[28],en,Torque,24.176,2004-01-16,Torque,5.236,564
"[10751, 18]",en,Dolphin Tale 2,12.695,2014-09-11,Dolphin Tale 2,7.0,343
"[28, 35, 18, 10751]",zh,龙马精神,23.458,2023-04-07,Ride On,7.429,316
"[10749, 35]",da,I Tyrens tegn,15.033,1974-07-18,In the Sign of the Taurus,6.9,12
"[28, 35, 10749]",en,D.E.B.S.,29.616,2005-03-25,D.E.B.S.,6.422,548
"[53, 28]",en,Those Who Wish Me Dead,23.188,2021-05-05,Those Who Wish Me Dead,6.659,1606
"[14, 35]",en,Cinderella's Hot Night,17.269,2017-05-30,Cinderella's Hot Night,5.724,78
"[9648, 53, 28]",en,The Tutor,18.035,2023-03-24,The Tutor,6.372,86
[18],en,To the Bone,29.597,2017-01-22,To the Bone,7.219,3454
"[16, 35, 10751, 14]",en,Night at the Museum: Kahmunrah Rises Again,19.7,2022-12-08,Night at the Museum: Kahmunrah Rises Again,6.452,251
"[53, 18, 80]",en,Traffic,13.172,2000-12-27,Traffic,7.062,2121
"[16, 18, 10751, 14, 10402, 10749]",en,Snow White,16.511,1995-04-27,Snow White,6.7,28
"[35, 80, 10749]",en,Saving Silverman,21.421,2001-02-09,Saving Silverman,5.67,527
[99],en,Crystal Lake Memories: The Complete History of Friday the 13th,15.863,2013-09-13,Crystal Lake Memories: The Complete History of Friday the 13th,7.872,98
"[35, 878, 28]",en,Evolution,24.421,2001-06-08,Evolution,6.072,2190
"[18, 10749, 10770]",en,Harvest Moon,12.677,2015-10-10,Harvest Moon,6.013,80
"[878, 53]",de,Tides,14.185,2021-08-26,The Colony,5.7,267
"[80, 28]",it,Le Porno Killers,15.619,1980-04-20,The Porno Killers,4.5,15
"[35, 14, 12]",fr,Alad'2,12.671,2018-10-03,Aladdin 2,4.813,382
"[28, 80, 53, 18, 9648]",ms,Sheriff: Narko Integriti,16.866,2024-04-18,Sheriff,8.0,11
"[878, 27, 28, 18]",ja,寄生獣,18.171,2014-11-29,Parasyte: Part 1,7.117,278
[53],da,Paranoia,14.74,2024-02-08,Paranoia,4.75,8
"[10402, 99]",en,Renaissance: A Film by Beyoncé,18.29,2023-12-01,Renaissance: A Film by Beyoncé,8.611,27
"[35, 18, 12, 14]",it,La chimera,20.221,2023-10-12,La Chimera,7.391,350
"[16, 14, 10751, 28, 12]",en,Trollhunters: Rise of the Titans,18.932,2021-07-21,Trollhunters: Rise of the Titans,7.528,327
"[28, 18, 10752]",en,Sniper: Ghost Shooter,28.421,2016-08-02,Sniper: Ghost Shooter,6.334,241
"[16, 18, 10751, 9648]",ja,思い出のマーニー,23.169,2014-07-19,When Marnie Was There,7.947,1765
[35],en,Joy Ride,20.206,2023-06-22,Joy Ride,6.698,346
"[12, 28, 53]",en,For Your Eyes Only,22.165,1981-06-24,For Your Eyes Only,6.523,1816
"[80, 18, 53]",en,Dog Day Afternoon,16.914,1975-09-21,Dog Day Afternoon,7.84,2919
"[27, 53]",en,Don't Sleep,19.55,2017-09-29,Don't Sleep,5.349,96
"[80, 28]",bn,তুফান,20.248,2024-06-17,Toofan,8.5,5
[53],tl,"Kinsenas, Katapusan",13.981,2022-02-04,"Kinsenas, Katapusan",5.3,10
[18],fr,Eastern Boys,12.648,2013-04-02,Eastern Boys,6.7,114
"[12, 18, 10751]",en,Max,21.665,2015-06-26,Max,7.153,813
"[12, 18, 10751]",en,Max,21.665,2015-06-26,Max,7.153,813
"[9648, 53, 18]",en,Joy Ride,24.162,2001-10-05,Joy Ride,6.5,1160
"[16, 28]",en,Batman: Death in the Family,16.923,2020-10-13,Batman: Death in the Family,7.075,411
"[18, 10749]",en,The Unbearable Lightness of Being,24.161,1988-02-05,The Unbearable Lightness of Being,6.924,441
"[28, 53]",en,Extraction,12.641,2015-12-18,Extraction,4.555,371
[28],fr,AKA,18.196,2023-04-28,AKA,6.886,616
"[80, 9648, 53]",en,The Naked City,12.638,1948-03-04,The Naked City,7.199,246
"[35, 12]",en,Harold & Kumar Go to White Castle,22.41,2004-07-02,Harold & Kumar Go to White Castle,6.53,2020
"[18, 80]",en,The Unforgivable,22.927,2021-11-24,The Unforgivable,7.446,1788
"[27, 35, 9648]",en,Bodies Bodies Bodies,24.182,2022-08-05,Bodies Bodies Bodies,6.244,1084
"[80, 53]",en,Kiss of Death,12.633,1947-08-27,Kiss of Death,7.0,139
"[35, 14]",es,Promoción fantasma,14.91,2012-02-03,Ghost Graduation,6.583,205
[35],en,Swingers,18.407,1996-10-18,Swingers,6.887,718
[27],en,Where the Devil Roams,15.771,2023-07-27,Where the Devil Roams,5.5,19
"[10749, 18, 35]",fr,Molière,12.625,2007-01-31,Moliere,6.4,180
[18],en,Kinsey,13.157,2004-09-04,Kinsey,6.635,455
[],en,Halloween 14,22.59,2024-10-01,Halloween 14,0.0,0
"[28, 18]",en,Supercell,16.69,2023-03-17,Supercell,5.8,245
"[28, 53]",en,Last Seen Alive,22.426,2022-05-12,Last Seen Alive,6.472,920
"[28, 9648, 53]",en,Unknown,25.408,2011-02-16,Unknown,6.668,3789
"[80, 9648, 53]",en,Breakdown,21.03,1997-05-02,Breakdown,6.9,905
"[16, 18, 10749]",ja,言の葉の庭,21.027,2013-05-31,The Garden of Words,7.575,1987
"[80, 18]",en,Levity,21.02,2003-03-16,Levity,6.215,100
"[18, 80, 9648]",en,The Good Nurse,21.018,2022-10-19,The Good Nurse,6.9,1207
"[16, 35, 27]",en,The Paloni Show! Halloween Special!,21.017,2022-10-17,The Paloni Show! Halloween Special!,6.2,30
"[10749, 18]",en,Gabriel's Inferno: Part III,21.017,2020-11-19,Gabriel's Inferno: Part III,8.385,1051
"[28, 18, 10749, 53]",zh,色‧戒,21.016,2007-09-24,"Lust, Caution",7.217,683
"[12, 16, 28]",ja,劇場版 NARUTO -ナルト- 大興奮!みかづき島のアニマル騒動だってばよ,21.013,2006-08-05,Naruto the Movie: Guardians of the Crescent Moon Kingdom,7.084,350
[18],ja,私の奴隷になりなさい 第2章 「ご主人様と呼ばせてください」,21.011,2018-09-29,Be My Master,6.8,12
"[14, 35, 18]",en,Cats,21.008,2019-12-19,Cats,4.087,953
[99],fr,Cérémonie d'ouverture des Jeux Olympiques de Paris 2024,21.003,2024-07-26,Paris 2024 Olympic Opening Ceremony,5.233,86
"[18, 10749]",tr,Bihter,21.003,2023-11-16,Bihter: A Forbidden Passion,5.0,41
"[28, 14, 12]",en,Elektra,21.001,2005-01-13,Elektra,5.043,2395
"[12, 14, 16, 10751]",fr,Arthur et la vengeance de Maltazard,21.0,2009-11-26,Arthur and the Revenge of Maltazard,5.742,1671
"[10751, 12, 16, 28, 14]",ja,ポケモン・ザ・ムービーXY 光輪の超魔神 フーパ,20.999,2015-07-18,Pokémon the Movie: Hoopa and the Clash of Ages,6.778,275
"[18, 53, 36]",en,JFK,20.983,1991-12-20,JFK,7.6,2069
"[10749, 35, 10751, 28, 12]",en,Herbie Goes to Monte Carlo,20.982,1977-06-24,Herbie Goes to Monte Carlo,5.9,310
"[16, 878, 14, 12]",fr,Gandahar,20.977,1987-12-11,Gandahar,7.02,123
"[53, 28, 80, 18]",en,Double Impact,20.974,1991-07-31,Double Impact,6.129,1042
"[18, 10749]",ko,매춘 2016,20.973,2016-11-24,Prostitution,5.0,4
[53],tl,Scorpio Nights 3,20.97,2022-07-28,Scorpio Nights 3,6.3,12
[18],de,Schulmädchen-Report: Was Eltern nicht für möglich halten,20.966,1970-10-23,The School Girls,5.4,25
"[18, 28, 53]",en,Braven,20.965,2018-02-01,Braven,6.179,1007
[35],en,Anchorman 2: The Legend Continues,20.962,2013-12-18,Anchorman 2: The Legend Continues,6.145,2523
"[878, 28, 16, 12, 35]",en,Justice League vs. Teen Titans,20.961,2016-03-26,Justice League vs. Teen Titans,7.281,949
"[28, 12, 53]",en,The Living Daylights,20.954,1987-06-29,The Living Daylights,6.516,1740
"[27, 53]",en,Venom,20.953,2005-09-16,Venom,5.461,332
"[28, 35, 80]",en,2 Guns,20.951,2013-08-02,2 Guns,6.538,4081
"[18, 10752]",en,Macbeth,20.95,2015-09-22,Macbeth,6.467,1426
"[27, 35]",en,The Texas Chainsaw Massacre 2,20.95,1986-08-22,The Texas Chainsaw Massacre 2,5.628,853
"[28, 12, 10752]",ja,キングダム 運命の炎,20.949,2023-07-28,Kingdom III: The Flame of Destiny,7.478,112
"[14, 12, 10751]",en,The Nutcracker and the Four Realms,20.948,2018-10-26,The Nutcracker and the Four Realms,6.089,2104
"[10749, 18]",tr,İstanbul İçin Son Çağrı,20.947,2023-11-24,Last Call for Istanbul,6.541,109
[18],tl,Walker,20.946,2024-09-27,Walker,0.0,0
"[878, 28, 12]",en,After Earth,20.946,2013-05-30,After Earth,5.193,6448
"[27, 18, 9648, 53]",mn,Этгээд,20.943,2022-08-01,Aberrance,7.0,3
"[35, 10749, 18]",en,Knocked Up,20.94,2007-06-01,Knocked Up,6.286,3904
"[28, 80, 35]",ko,베테랑 2,20.939,2024-09-13,"I, The Executioner",7.1,6
"[18, 53, 27]",en,The Nightingale,20.938,2018-09-23,The Nightingale,7.1,541
"[18, 27, 9648, 53]",en,The Skeleton Key,20.938,2005-07-29,The Skeleton Key,6.622,2030
"[10751, 35, 9648, 16]",en,Scooby-Doo! Adventures: The Mystery Map,12.562,2013-07-21,Scooby-Doo! Adventures: The Mystery Map,8.374,95
"[28, 12, 35]",en,Charlie's Angels,20.4,2019-11-14,Charlie's Angels,6.437,2928
"[35, 18]",en,"Are You There God? It's Me, Margaret.",25.175,2023-03-29,"Are You There God? It's Me, Margaret.",7.28,347
[18],fr,Sur les chemins noirs,17.173,2023-03-22,On the Wandering Paths,6.464,140
"[35, 18, 10749]",en,Words and Pictures,12.643,2014-05-22,Words and Pictures,6.4,220
"[18, 10749]",fr,Beau-père,14.388,1981-09-15,Beau Pere,6.662,114
"[27, 9648, 53]",it,Profondo rosso,14.637,1975-03-07,Deep Red,7.8,1433
"[27, 53, 9648]",en,Unfriended: Dark Web,17.644,2018-07-19,Unfriended: Dark Web,6.296,1502
"[37, 28]",en,The Quick and the Dead,19.387,1995-02-09,The Quick and the Dead,6.542,1700
"[53, 80, 18]",en,Tòkunbọ̀,20.194,2024-08-23,Tòkunbọ̀,6.8,27
"[18, 10749]",nl,Turks Fruit,12.543,1973-02-22,Turkish Delight,6.888,178
"[18, 53]",es,El método,12.541,2005-09-22,The Method,6.708,197
"[16, 14, 27, 28, 53, 878]",en,Hellboy Animated: Blood and Iron,18.887,2007-03-10,Hellboy Animated: Blood and Iron,6.257,113
"[878, 16, 18]",ja,劇場版 STEINS;GATE 負荷領域のデジャヴ,12.54,2013-04-20,Steins;Gate: The Movie - Load Region of Déjà Vu,7.621,334
"[18, 53, 80, 9648]",en,Lucky Number Slevin,19.386,2006-02-24,Lucky Number Slevin,7.479,4001
"[16, 878, 27]",ja,ルーツ・サーチ 食心物体Ｘ,12.785,1986-09-10,Roots Search,4.5,5
"[878, 28, 12]",en,Superman,22.957,2025-07-09,Superman,0.0,0
[18],en,Dad,12.538,1989-10-27,Dad,6.291,98
"[10749, 18]",es,Pídeme lo que quieras,23.981,2024-11-29,Pídeme lo que quieras,0.0,0
[27],en,A Haunting in Ravenwood,20.522,2021-12-31,A Haunting in Ravenwood,6.5,4
[27],en,A Haunting in Ravenwood,20.522,2021-12-31,A Haunting in Ravenwood,6.5,4
"[10751, 16, 12, 35]",en,Back to the Outback,24.401,2021-12-03,Back to the Outback,7.72,719
"[16, 35, 10751, 14, 10402]",en,My Little Pony: Equestria Girls,17.386,2013-06-16,My Little Pony: Equestria Girls,7.35,260
"[35, 10751, 18]",en,The Mighty Ducks,21.132,1992-10-02,The Mighty Ducks,6.558,864
"[18, 36]",en,Belfast,14.649,2021-11-12,Belfast,7.092,1462
"[28, 35, 10751]",zh,寻找成龙,12.528,2009-07-03,Jackie Chan Kung Fu Master,4.2,59
"[28, 53]",en,Unlocked,19.386,2017-04-27,Unlocked,6.252,1089
"[35, 10749]",en,Indiscreet,12.52,1958-07-16,Indiscreet,6.548,168
"[35, 10752]",en,The Men Who Stare at Goats,20.132,2009-10-17,The Men Who Stare at Goats,5.977,2175
"[28, 53, 12, 80]",en,The Jackal,28.631,1997-11-14,The Jackal,6.375,1833
"[18, 35, 53, 36]",en,The Favourite,15.887,2018-11-23,The Favourite,7.5,5421
[35],pt,Férias Trocadas,13.378,2024-05-02,Férias Trocadas,6.914,29
[18],pt,Nosso Lar,15.131,2010-09-03,Astral City: A Spiritual Journey,7.2,205
[18],en,Manchester by the Sea,24.384,2016-11-18,Manchester by the Sea,7.547,5771
"[10751, 28, 12]",en,Catch That Kid,12.515,2004-02-06,Catch That Kid,5.6,294
"[18, 10749, 35]",no,Verdens verste menneske,22.396,2021-10-13,The Worst Person in the World,7.503,1313
"[18, 14, 28]",en,The Shepherd,16.744,2023-08-10,The Shepherd,6.8,94
"[35, 10751, 80]",en,"No Deposit, No Return",12.514,1976-02-05,"No Deposit, No Return",6.2,88
"[12, 28, 18, 14]",en,"10,000 BC",19.88,2008-03-04,"10,000 BC",5.475,2890
"[28, 80, 9648, 53]",cn,神探大戰,29.194,2022-07-08,Detective vs. Sleuths,6.756,80
"[18, 10749]",id,STW,21.414,2023-04-30,STW,0.0,0
"[18, 10751]",ja,歩いても 歩いても,12.507,2008-06-28,Still Walking,7.7,360
"[80, 18]",en,Papillon,21.626,1973-12-16,Papillon,7.842,1873
"[27, 9648, 53]",en,The Lie,29.175,2018-09-13,The Lie,6.338,709
"[28, 53, 12, 80]",en,Into the Blue,29.175,2005-09-30,Into the Blue,5.901,1472
"[53, 18]",en,Bridge of Spies,17.381,2015-10-15,Bridge of Spies,7.233,6739
"[28, 53]",en,One Ranger,15.272,2023-05-05,One Ranger,6.328,87
"[28, 53]",en,Under Siege 2: Dark Territory,20.875,1995-07-13,Under Siege 2: Dark Territory,5.831,896
"[28, 12, 35, 27, 878]",en,Tremors 5: Bloodlines,20.379,2015-10-06,Tremors 5: Bloodlines,5.502,405
"[18, 35, 10749]",en,Anywhere but Here,12.493,1999-11-12,Anywhere but Here,6.067,268
"[27, 53]",en,Banshee Chapter,12.491,2013-11-06,Banshee Chapter,5.606,254
"[80, 18]",en,The Many Saints of Newark,21.64,2021-09-22,The Many Saints of Newark,6.345,649
"[35, 10749]",fr,MILF,22.629,2018-05-02,MILF,5.769,543
[99],es,Amén: Francisco responde,27.497,2023-04-05,The Pope: Answers,7.4,53
"[10751, 35]",en,Chestnut: Hero of Central Park,17.623,2004-10-21,Chestnut: Hero of Central Park,7.256,209
"[28, 35]",en,Ride Along,29.134,2014-01-07,Ride Along,6.255,2215
"[53, 80, 18, 9648]",en,The Marsh King's Daughter,17.424,2023-09-28,The Marsh King's Daughter,6.419,290
"[35, 28, 878]",en,Superhero Movie,16.873,2008-03-28,Superhero Movie,5.244,1788
"[14, 35, 12]",fr,Les 1001 nuits,17.24,1990-04-11,1001 Nights,5.12,54
"[28, 12]",ja,キングダム　大将軍の帰還,20.102,2024-07-12,Kingdom 4: Return of the Great General,7.2,8
"[35, 9648, 80]",en,Greedy People,15.298,2024-08-23,Greedy People,6.054,56
[10749],ko,스와핑 : 친구의 아내2,18.375,2018-07-19,Swapping: My Friend's Wife 2,0.0,0
"[35, 14, 10749]",en,Teen Witch,12.472,1989-04-28,Teen Witch,6.065,168
"[35, 10749]",en,Along Came Polly,22.869,2004-01-16,Along Came Polly,6.012,2788
"[14, 28, 12, 10751]",en,Eragon,22.118,2006-12-14,Eragon,5.106,3208
"[28, 35, 10752]",en,Hot Shots!,24.116,1991-07-31,Hot Shots!,6.574,2132
"[53, 878, 9648]",en,Cube,17.117,1997-12-10,Cube,6.807,4677
"[28, 27, 18]",ja,アイアムアヒーロー,21.87,2016-04-23,I Am a Hero,7.393,415
[35],en,Encino Man,24.615,1992-05-22,Encino Man,5.8,640
"[27, 53]",en,Unsane,14.371,2018-03-22,Unsane,6.241,1481
[18],en,When the Game Stands Tall,12.454,2014-08-22,When the Game Stands Tall,6.656,346
"[16, 18, 10749, 14]",ja,夏へのトンネル、さよならの出口,21.138,2022-09-09,"The Tunnel to Summer, the Exit of Goodbyes",7.7,157
[27],en,The Piper,12.453,2023-10-12,The Piper,5.5,53
[35],en,Neighbors 2: Sorority Rising,15.117,2016-05-04,Neighbors 2: Sorority Rising,5.824,4357
"[18, 53, 10749]",en,Fair Play,19.665,2023-09-28,Fair Play,6.4,468
"[14, 16, 35, 10751]",en,Pete's Dragon,21.862,1977-11-03,Pete's Dragon,6.323,660
"[16, 18, 10402]",ja,BLUE GIANT,16.063,2023-02-17,Blue Giant,8.3,39
[27],sv,Karusell,21.027,2023-10-20,Carousel,5.973,37
"[10749, 35, 18, 14]",fr,Angel-A,20.112,2005-12-21,Angel-A,6.984,706
[10749],ko,내 학생의 엄마,21.515,2016-08-11,My Student's Mom,3.5,5
[10749],ko,내 학생의 엄마,20.732,2016-08-11,My Student's Mom,3.5,5
"[878, 53, 9648, 27]",en,Vivarium,20.73,2019-09-07,Vivarium,6.065,2083
"[12, 28, 53]",en,DOA: Dead or Alive,20.73,2006-09-07,DOA: Dead or Alive,5.218,816
"[9648, 80, 53]",en,Presumed Innocent,20.729,1990-07-27,Presumed Innocent,6.789,671
"[35, 10749]",it,Miranda,20.727,1985-10-15,Miranda,5.188,93
"[35, 18, 10751]",en,Simon Birch,20.727,1998-09-11,Simon Birch,6.791,239
"[28, 12, 53]",hi,पठान,20.723,2023-01-25,Pathaan,6.595,184
"[35, 10749]",en,She's All That,20.723,1999-01-29,She's All That,6.317,2053
[18],fr,Les Choristes,20.723,2004-03-17,The Chorus,7.726,2381
"[12, 28, 35, 53]",cn,我是誰,20.722,1998-01-17,Who Am I?,7.111,859
"[18, 36, 53]",en,Rogue Trader,20.719,1999-06-25,Rogue Trader,5.873,118
[18],en,Whip It,20.716,2009-04-09,Whip It,6.737,1026
"[878, 27, 53]",en,The Endless,20.715,2017-11-05,The Endless,6.323,1062
[18],es,Sangre en la boca,20.714,2016-08-25,"Tiger, Blood in the Mouth",4.5,30
"[28, 12, 18, 10749]",en,First Knight,20.71,1995-07-07,First Knight,6.092,1181
"[28, 12, 53]",en,Assassin Club,20.709,2023-02-24,Assassin Club,6.006,156
"[10751, 16, 12, 14]",en,My Little Pony: The Movie,20.709,2017-10-05,My Little Pony: The Movie,7.237,372
"[27, 53]",en,The Grudge 2,20.708,2006-10-12,The Grudge 2,5.523,1000
"[27, 18]",fr,Climax,20.707,2018-09-19,Climax,7.083,2050
[35],en,Young Frankenstein,20.701,1974-12-15,Young Frankenstein,7.878,3073
"[53, 9648, 80]",ko,기억의 밤,22.862,2017-11-29,Forgotten,8.0,1078
"[28, 12, 53]",en,Speed 2: Cruise Control,17.855,1997-06-13,Speed 2: Cruise Control,4.591,1607
"[28, 80, 878]",en,Project Power,22.616,2020-08-14,Project Power,6.466,2808
[18],en,5000 Blankets,16.672,2022-12-12,5000 Blankets,6.5,18
"[80, 53]",en,The Last Stop in Yuma County,18.738,2024-05-10,The Last Stop in Yuma County,7.014,104
"[878, 28, 18, 53]",en,Volcano,24.852,1997-04-25,Volcano,5.917,1497
"[27, 10770]",en,American Horror House,18.405,2012-10-13,American Horror House,6.2,35
"[16, 10751, 18, 14]",ja,おおかみこどもの雨と雪,24.855,2012-07-21,Wolf Children,8.229,2258
[99],en,Aquaman: Heroines of Atlantis,28.579,2019-03-26,Aquaman: Heroines of Atlantis,6.1,49
[878],en,Freaks,28.939,2019-09-12,Freaks,6.752,1117
[80],ja,極道記者２　馬券転生篇,24.16,1994-11-19,The Wicked Reporter 2: The Rebirth of Horserace Betting,8.8,2
[10749],en,The Christmas Brew,28.93,2024-10-01,The Christmas Brew,0.0,0
"[27, 18]",en,Conjuring the Cult,27.769,2024-10-01,Conjuring the Cult,0.0,0
"[18, 28, 53]",ko,동창생,12.854,2013-11-05,Commitment,7.207,116
[18],en,Boogie Nights,15.1,1997-10-10,Boogie Nights,7.6,3102
"[18, 28, 80, 53]",en,We Die Young,28.916,2019-05-09,We Die Young,6.8,320
"[16, 12, 35, 10751, 14]",en,Chickenhare and the Hamster of Darkness,17.617,2022-02-16,Chickenhare and the Hamster of Darkness,7.3,255
"[12, 53, 28, 878]",fr,Survivre,18.337,2024-06-19,Survive,3.8,10
[878],en,Avengers: Secret Wars,21.621,2027-05-05,Avengers: Secret Wars,0.0,0
"[35, 80]",en,Horrible Bosses,15.85,2011-07-08,Horrible Bosses,6.575,6266
[27],en,Appendage,26.631,2023-03-11,Appendage,5.662,130
"[35, 18]",en,The Upside,20.643,2019-01-10,The Upside,7.1,1250
"[28, 16, 35, 10751]",en,Captain Underpants: The First Epic Movie,25.852,2017-06-01,Captain Underpants: The First Epic Movie,6.233,1188
[18],zh,天使心,23.706,1995-05-25,Angel Heart,4.7,12
"[53, 9648, 80]",en,Bad Times at the El Royale,15.104,2018-10-04,Bad Times at the El Royale,6.838,3508
"[18, 10749, 35]",ko,새콤달콤,20.636,2021-06-04,Sweet & Sour,7.785,181
"[16, 12, 10751]",en,The Land Before Time II: The Great Valley Adventure,15.595,1994-12-12,The Land Before Time II: The Great Valley Adventure,6.262,537
"[53, 28, 18]",en,The Sum of All Fears,23.096,2002-05-31,The Sum of All Fears,6.345,1688
"[10751, 14, 878]",en,A Witches' Ball,21.901,2017-05-06,A Witches' Ball,6.3,60
"[16, 10749, 28, 14]",ja,劇場版 美少女戦士セーラームーンR,14.595,1993-12-05,Sailor Moon R: The Movie,7.892,157
"[10749, 14, 35]",zh,我爱喵星人,19.11,2021-05-18,Catman,7.4,204
[18],fr,Ava,14.601,2017-06-21,Ava,6.354,240
"[10751, 35]",en,Dennis the Menace,23.345,1993-06-24,Dennis the Menace,5.842,1439
[18],ja,ミルク　滴る女,17.656,2010-11-19,MiLK,7.8,2
"[35, 18, 10749]",en,Muriel's Wedding,14.094,1994-09-29,Muriel's Wedding,6.821,444
"[18, 10749]",en,Carnal Knowledge,12.374,1971-06-30,Carnal Knowledge,6.633,176
"[18, 35]",en,Magic Mike,18.846,2012-06-28,Magic Mike,6.167,2885
[18],en,Madame Bovary,12.369,2015-06-04,Madame Bovary,5.708,395
"[28, 878, 53]",hi,बड़े मियाँ छोटे मियाँ,12.805,2024-04-11,Bade Miyan Chote Miyan,5.9,20
[27],en,Dracula,23.593,1931-02-12,Dracula,7.163,1169
"[28, 27, 35]",en,Willy's Wonderland,19.356,2021-02-12,Willy's Wonderland,6.038,966
"[9648, 27]",en,Fear Street: 1666,22.607,2021-07-14,Fear Street: 1666,7.124,1668
[53],nl,Vals,28.851,2019-01-24,Vicious,6.25,58
[27],es,"Alucarda, la hija de las tinieblas",28.851,1977-12-26,Alucarda,6.454,120
"[9648, 53]",en,Strictly Confidential,28.848,2024-04-05,Strictly Confidential,6.237,19
"[28, 35, 9648]",en,Murder Mystery,21.349,2019-05-25,Murder Mystery,6.28,4381
"[18, 35, 37]",en,The Dressmaker,13.595,2015-10-29,The Dressmaker,7.0,1604
"[35, 18]",en,A League of Their Own,20.839,1992-07-01,A League of Their Own,7.2,1365
[18],it,Quando l'amore è oscenità,17.239,1980-02-14,Oscenità,7.1,30
[18],en,Cruel Intentions 3,28.827,2004-05-25,Cruel Intentions 3,4.813,214
[18],en,The Greatest Game Ever Played,20.588,2005-09-30,The Greatest Game Ever Played,7.3,471
"[35, 18]",hi,कभी ख़ुशी कभी ग़म,23.838,2001-12-14,Kabhi Khushi Kabhie Gham,7.736,534
[16],en,"Snoopy Presents: To Mom (and Dad), With Love",14.588,2022-05-05,"Snoopy Presents: To Mom (and Dad), With Love",7.0,16
"[878, 12, 28]",ru,Кома,17.847,2020-01-01,Coma,6.415,527
"[35, 10751, 10749]",en,It Takes Two,16.837,1995-11-17,It Takes Two,6.5,871
"[28, 80, 53]",en,From Paris with Love,16.589,2010-02-04,From Paris with Love,6.271,1951
"[16, 12]",en,The Pilgrim's Progress,19.355,2019-04-18,The Pilgrim's Progress,7.587,92
"[28, 878, 16, 12]",ja,劇場版 天元突破グレンラガン 螺巌篇,12.346,2009-04-25,Gurren Lagann the Movie: The Lights in the Sky Are Stars,7.8,102
"[16, 28, 878]",ja,グリッドマン ユニバース,18.66,2023-03-24,GRIDMAN UNIVERSE,8.4,18
"[28, 53, 878]",en,Metal Tornado,12.344,2011-07-22,Metal Tornado,4.6,46
"[53, 27]",en,Alone,16.598,2020-09-10,Alone,6.339,707
"[18, 10749]",en,A Walk in the Clouds,22.586,1995-05-27,A Walk in the Clouds,7.279,964
"[35, 18]",en,The Farewell,15.844,2019-07-12,The Farewell,7.425,1379
"[28, 12, 80]",en,The Saint,12.336,2017-07-11,The Saint,5.337,276
[35],en,Not Another Teen Movie,24.335,2001-12-07,Not Another Teen Movie,5.788,2032
[27],en,Christmas Bloody Christmas,20.86,2022-10-05,Christmas Bloody Christmas,5.429,191
"[28, 12]",ru,Либерея: Охотники за сокровищами,17.721,2022-10-27,Raiders of the Lost Library,6.226,62
"[10749, 16, 14]",zh,白蛇：缘起,19.841,2019-01-11,White Snake,7.68,452
"[27, 28, 53, 878]",en,The Dark Side of the Moon,12.332,1990-05-30,The Dark Side of the Moon,5.0,71
[16],es,Una aventura gigante,21.572,2023-01-12,A Giant Adventure,5.3,7
[18],en,Fathers and Daughters,19.586,2015-10-01,Fathers and Daughters,7.144,957
"[18, 35, 10402]",en,Billy Elliot,20.543,2000-09-28,Billy Elliot,7.6,3772
"[9648, 18]",en,Citizen Kane,18.582,1941-04-17,Citizen Kane,8.011,5431
"[35, 27]",en,Mom and Dad,28.755,2018-01-19,Mom and Dad,5.384,980
"[35, 27]",en,The Babysitter: Killer Queen,24.092,2020-09-10,The Babysitter: Killer Queen,6.353,1606
[35],en,My Cousin Vinny,19.58,1992-03-13,My Cousin Vinny,7.502,1554
[35],en,Blockers,13.337,2018-03-14,Blockers,6.302,1965
"[10751, 12, 16, 35, 9648]",en,Scooby-Doo! Stage Fright,12.319,2013-08-10,Scooby-Doo! Stage Fright,7.593,210
"[18, 53, 80, 10749]",en,Young Adam,13.831,2003-09-26,Young Adam,5.9,165
"[80, 18, 53]",en,One False Move,12.317,1991-10-12,One False Move,6.576,172
"[14, 16, 878, 10751]",ja,映画 デジモンアドベンチャー,15.58,2000-03-04,Digimon: The Movie,6.6,269
"[14, 18, 35, 10751]",en,Babe,25.079,1995-07-18,Babe,6.237,2848
"[53, 18]",en,On the Line,21.106,2022-10-31,On the Line,6.132,484
"[35, 10751]",en,The Million Dollar Duck,12.312,1971-06-30,The Million Dollar Duck,5.7,84
"[27, 10770]",en,House of the Dead 2,12.31,2006-02-11,House of the Dead 2,4.621,116
"[80, 10749]",en,Body Heat,20.328,1981-08-28,Body Heat,7.0,595
"[10749, 35, 10751]",en,The Prince & Me 2: The Royal Wedding,17.328,2006-02-21,The Prince & Me 2: The Royal Wedding,5.815,235
"[27, 878, 53]",en,Firestarter,28.718,2022-05-12,Firestarter,5.584,680
"[878, 28]",en,Skylines,16.088,2020-10-25,Skylines,5.594,541
"[53, 878, 12, 28]",en,A Sound of Thunder,19.827,2005-05-15,A Sound of Thunder,4.847,379
[18],en,The Prime of Miss Jean Brodie,13.076,1969-02-24,The Prime of Miss Jean Brodie,6.8,103
"[18, 53]",en,Dark Waters,24.585,2019-11-22,Dark Waters,7.538,2131
"[53, 18, 10770]",en,There's a New Killer in Town,12.296,2024-09-29,There's a New Killer in Town,0.0,0
[18],en,Shame,14.327,2011-10-02,Shame,6.9,3093
"[18, 878]",en,Melancholia,13.827,2011-05-26,Melancholia,7.186,3441
"[18, 36, 10752]",en,Glory,17.324,1989-12-15,Glory,7.469,1579
[18],fr,Drone,28.68,2024-10-02,Drone,0.0,0
"[28, 16, 14, 12]",ja,劇場版 BLEACH 地獄篇,16.325,2010-12-04,Bleach the Movie: Hell Verse,7.621,174
"[18, 10749]",hi,दिल से..,13.823,1998-08-22,Dil Se..,6.9,164
"[35, 10749, 18]",en,Forgetting Sarah Marshall,17.574,2008-04-17,Forgetting Sarah Marshall,6.504,3312
"[18, 36]",fr,Ni chaînes ni maîtres,20.995,2024-09-18,"No Chains, No Masters",6.68,25
[18],ko,이공삼칠,22.583,2022-06-08,2037,7.241,58
"[12, 35, 10751, 14]",en,Nim's Island,28.323,2008-04-03,Nim's Island,5.929,1114
"[27, 9648]",en,The Seventh Victim,12.285,1943-08-21,The Seventh Victim,6.351,121
"[35, 28]",ml,ആവേശം,28.662,2024-04-11,Aavesham,7.488,40
"[12, 28, 16]",ja,劇場版 NARUTO -ナルト- 疾風伝 ザ・ロストタワー,23.823,2010-07-31,Naruto Shippuden the Movie: The Lost Tower,7.091,441
"[16, 35, 12, 10751]",es,Las aventuras de Tadeo Jones,18.073,2012-08-10,"Tad, the Lost Explorer",6.245,560
"[16, 10751]",en,Loop,16.327,2019-01-10,Loop,6.66,187
"[28, 12, 14]",ja,鋼の錬金術師 完結編 最後の錬成,21.592,2022-06-24,Fullmetal Alchemist: The Final Alchemy,6.3,194
"[80, 18, 53]",en,Inside Man,20.57,2006-03-17,Inside Man,7.401,5701
"[27, 9648]",en,Fear Street: 1978,18.084,2021-07-08,Fear Street: 1978,7.185,1877
"[18, 36, 10752]",en,The Thin Red Line,17.569,1998-12-23,The Thin Red Line,7.458,2952
"[28, 18, 53, 10752]",en,Behind Enemy Lines,21.069,2001-11-30,Behind Enemy Lines,6.395,1466
"[10749, 18]",ko,50대 묵은지 장모님의 유혹,20.499,2023-02-03,The Temptation of the Mature 50s Mother-in-law,8.7,5
[99],en,Avatar: The Deep Dive - A Special Edition of 20/20,19.067,2022-12-13,Avatar: The Deep Dive - A Special Edition of 20/20,7.1,74
"[28, 80, 53]",en,Death Wish,25.574,2018-03-02,Death Wish,6.171,2530
"[53, 80, 27]",en,D-Tox,24.318,2002-01-04,D-Tox,5.566,633
"[80, 18, 10749, 53]",en,Against All Odds,12.265,1984-03-02,Against All Odds,5.7,204
[18],el,Κυνόδοντας,19.068,2009-10-22,Dogtooth,7.08,2254
"[53, 80, 9648]",en,State of Play,18.068,2009-04-17,State of Play,6.794,1905
"[18, 10749, 35]",en,Blast from the Past,20.816,1999-02-12,Blast from the Past,6.765,1069
[18],en,Women Talking,13.594,2022-12-23,Women Talking,6.895,566
"[35, 878]",ja,みんな！エスパーだよ！,13.09,2015-09-04,The Virgin Psychics,5.5,59
"[28, 53, 80]",da,Pusher 3,17.065,2005-08-22,Pusher 3,7.18,350
"[18, 10749]",ko,24살윤율의섹시한젖가슴,22.868,2021-03-01,24 Year Old Yoon Yul's Sexy Breasts,7.222,18
"[14, 27]",en,The Mortuary Collection,28.594,2020-09-25,The Mortuary Collection,6.7,417
"[28, 18, 53]",en,Enemy of the State,22.314,1998-11-20,Enemy of the State,7.0,3758
[18],en,Draft Day,13.567,2014-04-11,Draft Day,6.715,907
"[18, 12, 878]",ko,더 문,26.358,2023-08-02,The Moon,6.554,120
"[28, 53, 80]",en,Fortress: Sniper's Eye,28.573,2022-04-29,Fortress: Sniper's Eye,5.327,153
"[28, 12, 35, 14]",en,Secret Society of Second Born Royals,21.073,2020-09-25,Secret Society of Second Born Royals,6.7,529
"[12, 16, 14]",en,Rock & Rule,12.242,1983-04-15,Rock & Rule,5.9,78
[99],en,Bears,12.239,2014-04-17,Bears,7.355,155
"[12, 28]",mi,The Dead Lands,22.064,2014-09-04,The Dead Lands,6.124,109
"[10749, 35]",en,The Rebound,17.811,2009-09-16,The Rebound,6.504,880
"[16, 10751]",en,Curious George 2: Follow That Monkey!,12.235,2009-08-07,Curious George 2: Follow That Monkey!,6.7,108
"[80, 18, 53]",en,The Devil All the Time,21.07,2020-09-11,The Devil All the Time,7.211,3277
"[12, 18, 10751]",pl,Pan Samochodzik i Templariusze,23.851,2023-07-12,Mr. Car and the Knights Templar,5.838,145
"[28, 878]",en,Universal Soldier: The Return,22.058,1999-08-05,Universal Soldier: The Return,5.929,1246
"[18, 10749, 35, 10402]",en,Drumline,23.807,2002-12-13,Drumline,6.903,497
"[18, 10749, 35, 10402]",en,Drumline,23.807,2002-12-13,Drumline,6.903,497
[18],en,Blonde,17.58,2022-09-16,Blonde,6.0,1323
"[10751, 35]",en,Mr. Bean's Holiday,28.517,2007-03-22,Mr. Bean's Holiday,6.358,2810
"[18, 28]",hi,भारत,17.834,2019-06-05,Bharat,6.322,59
"[10752, 18, 10749]",en,Tolkien,12.564,2019-05-03,Tolkien,6.969,1389
"[18, 36]",en,The Last Emperor,21.054,1987-10-04,The Last Emperor,7.626,1648
"[35, 9648, 27]",en,Hubie Halloween,16.566,2020-10-07,Hubie Halloween,5.927,1585
"[16, 18]",ja,Rain Town,12.217,2011-03-02,Rain Town,6.6,29
"[18, 35, 10752]",en,The Greatest Beer Run Ever,17.58,2022-09-23,The Greatest Beer Run Ever,7.6,693
"[80, 18, 28]",en,Death Wish,27.304,1974-07-24,Death Wish,6.896,826
"[27, 53]",en,Clock,22.837,2023-03-28,Clock,5.575,206
"[35, 18, 10749]",cn,一路向西,21.274,2012-09-20,Due West: Our Sex Journey,6.0,49
"[35, 28, 878]",en,The World's End,20.304,2013-07-18,The World's End,6.805,5327
"[10770, 12, 10751, 35]",en,Adventures in Babysitting,20.056,2016-06-24,Adventures in Babysitting,7.279,409
"[35, 80, 10751]",en,Home Sweet Home Alone,18.567,2021-11-11,Home Sweet Home Alone,4.9,609
"[16, 10749, 18]",ja,秒速5センチメートル,20.552,2007-03-03,5 Centimeters per Second,7.307,1921
"[16, 35, 10751]",en,The Wrong Trousers,28.468,1993-12-17,The Wrong Trousers,7.784,968
"[35, 10749, 18]",de,Es war nicht die Nachtigall,15.93,1974-09-13,Julia,4.7,21
"[16, 10751, 10770]",en,The Lorax,18.05,1972-02-14,The Lorax,7.1,132
[18],en,The Nest,28.461,2020-05-08,The Nest,6.095,321
"[18, 10752, 36]",en,The Boy in the Woods,24.27,2023-09-19,The Boy in the Woods,6.0,14
"[28, 12, 10751, 14]",ru,Тайна печати Дракона,25.558,2019-08-16,Iron Mask,6.161,450
[10749],ko,여교사 : 제자와의 사랑,28.454,2018-08-02,Love Between Teachers and Students,5.5,2
"[53, 28, 18, 80]",en,Contraband,14.301,2012-01-12,Contraband,6.339,2031
"[18, 12, 53]",en,Deliverance,28.298,1972-08-18,Deliverance,7.316,1550
"[35, 80]",it,Ricchi a tutti i costi,28.447,2024-06-04,The Price of Nonna's Inheritance,5.701,72
"[18, 35, 10749, 14]",en,Just Like Heaven,15.799,2005-09-16,Just Like Heaven,6.9,2294
"[53, 10749, 18]",de,Un/Dressed,17.605,2024-09-20,Un/Dressed,6.0,5
"[16, 28, 878]",en,Legion of Super-Heroes,22.828,2023-02-07,Legion of Super-Heroes,6.503,180
"[28, 53, 12]",en,Hanna,16.049,2011-04-07,Hanna,6.594,3322
"[53, 36, 18]",en,The Courier,20.806,2020-01-24,The Courier,7.06,1105
[27],en,Paranormal Activity 4,26.298,2012-10-17,Paranormal Activity 4,5.406,1845
[37],en,Rio Bravo,18.546,1959-03-18,Rio Bravo,7.824,1119
"[18, 10752]",en,The Tragedy of Macbeth,25.313,2021-12-05,The Tragedy of Macbeth,6.944,735
"[53, 9648]",en,The Third Man,20.795,1949-08-31,The Third Man,7.919,1823
"[53, 18]",ja,妖女伝説セイレーンXXX～魔性の悦楽～,28.409,2010-08-13,Siren XXX: Magical Pleasure,5.5,17
"[878, 16, 28]",ja,アイアンマン：ライズ・オブ・テクノヴォア,23.797,2013-04-24,Iron Man: Rise of Technovore,6.1,175
"[27, 878]",en,The Invisible Man,21.045,1933-11-03,The Invisible Man,7.5,821
"[35, 18, 10749]",en,All About Sex,21.323,2020-01-16,All About Sex,6.103,34
"[16, 28, 878]",en,Batman and Superman: Battle of the Super Sons,16.569,2022-10-17,Batman and Superman: Battle of the Super Sons,7.663,285
"[35, 12, 28]",en,Zoolander 2,20.278,2016-02-06,Zoolander 2,4.918,2198
"[9648, 53, 27]",en,The Ninth Gate,20.276,1999-08-25,The Ninth Gate,6.47,2962
"[10751, 14, 12]",en,The Secret Kingdom,20.272,2023-04-27,The Secret Kingdom,6.6,62
"[18, 36, 10752]",en,Casualties of War,20.271,1989-08-18,Casualties of War,7.132,869
"[16, 18, 878]",ja,新世紀エヴァンゲリオン劇場版 シト新生,20.27,1997-03-15,Neon Genesis Evangelion: Death and Rebirth,7.385,428
[99],en,Koyaanisqatsi,20.268,1983-04-27,Koyaanisqatsi,7.869,662
"[53, 80, 18]",en,The Talented Mr. Ripley,20.267,1999-12-25,The Talented Mr. Ripley,7.191,3676
"[10402, 10749]",en,Roustabout,20.266,1964-11-11,Roustabout,5.9,48
"[18, 27]",fr,Grave,20.264,2016-11-11,Raw,7.052,3148
"[18, 9648, 53]",en,Inheritance,20.255,2020-04-30,Inheritance,6.4,610
[18],en,Lorenzo's Oil,20.254,1992-12-30,Lorenzo's Oil,7.076,523
"[53, 9648]",ko,숨바꼭질,20.25,2013-08-14,Hide and Seek,6.5,97
"[12, 35, 14]",en,Interstate 60,20.247,2002-04-13,Interstate 60,7.391,666
"[16, 10751, 12, 14]",en,Wolfwalkers,20.243,2020-10-26,Wolfwalkers,8.223,1168
"[18, 36, 53]",ja,御法度,20.243,1999-12-18,Taboo,6.543,104
"[35, 10749]",en,Crush,20.241,2022-04-29,Crush,7.45,416
"[12, 14, 16, 878, 10751]",ja,劇場版ポケットモンスター セレビィ 時を超えた遭遇,20.241,2001-07-06,Pokémon 4Ever,6.48,406
"[18, 35, 10749]",en,As Good as It Gets,20.238,1997-12-19,As Good as It Gets,7.394,3715
"[18, 99, 36]",es,La sirvienta,20.234,2023-03-24,The Servant,2.0,1
"[35, 27, 878]",en,Critters,20.234,1986-04-11,Critters,6.415,947
"[28, 53]",en,Jolt,20.232,2021-07-15,Jolt,6.592,1232
"[35, 10749, 18]",en,When Harry Met Sally...,28.325,1989-07-21,When Harry Met Sally...,7.413,4023
"[35, 10749]",en,His Girl Friday,13.535,1940-01-18,His Girl Friday,7.407,816
"[53, 28]",en,Escape,20.226,2024-03-15,Escape,2.0,4
"[14, 16, 878, 10751, 28]",en,Atlantis: Milo's Return,18.035,2003-02-25,Atlantis: Milo's Return,6.336,3816
[99],en,Mysteries of the Terracotta Warriors,28.309,2024-06-11,Mysteries of the Terracotta Warriors,6.8,25
"[28, 12, 35]",en,Hudson Hawk,19.283,1991-05-23,Hudson Hawk,5.67,973
"[14, 27, 12, 28]",en,The Covenant,27.785,2006-09-07,The Covenant,5.582,986
"[35, 12, 14]",en,Beau Is Afraid,20.218,2023-04-14,Beau Is Afraid,6.754,961
"[878, 28, 27, 35]",en,Sharknado,20.215,2013-07-11,Sharknado,3.92,1557
"[18, 9648, 53]",fr,Duelles,20.213,2019-04-17,Mothers' Instinct,6.3,138
"[35, 14, 878]",en,Howard the Duck,26.032,1986-08-01,Howard the Duck,5.386,992
"[16, 10751]",en,LEGO Frozen Northern Lights,15.918,2017-01-05,LEGO Frozen Northern Lights,6.568,96
"[28, 80, 53]",hi,सूर्यवंशी,19.049,2021-11-05,Sooryavanshi,5.8,155
"[28, 53, 80, 9648]",en,Alex Cross,20.21,2012-10-18,Alex Cross,5.184,701
"[14, 18, 53, 10749]",en,The Illusionist,21.533,2006-08-18,The Illusionist,7.298,4824
"[35, 10749]",en,Spread,16.533,2009-01-16,Spread,5.5,846
"[53, 9648, 878]",ko,콜,19.544,2020-11-27,The Call,7.536,806
"[18, 27, 878]",en,The Thing from Another World,28.279,1951-04-05,The Thing from Another World,6.72,586
"[18, 10749]",en,Big Eden,12.119,2000-04-18,Big Eden,6.3,45
"[18, 10749]",en,Big Eden,12.119,2000-04-18,Big Eden,6.3,45
"[53, 18]",ru,Одержимая,17.922,2022-07-14,Obsessed,3.9,29
"[18, 53]",en,We Need to Talk About Kevin,14.032,2011-09-28,We Need to Talk About Kevin,7.547,2756
"[28, 878, 53]",en,Hollow Man,25.279,2000-08-04,Hollow Man,5.941,2480
"[28, 12, 14, 35, 10749]",cn,西遊記第壹佰零壹回之月光寶盒,16.778,1995-01-21,A Chinese Odyssey Part One: Pandora's Box,7.55,258
"[12, 28, 35, 10751]",en,Finding ʻOhana,12.791,2021-01-29,Finding ʻOhana,6.241,411
"[35, 80]",en,Police Academy 6: City Under Siege,24.277,1989-03-09,Police Academy 6: City Under Siege,5.132,832
"[35, 10749]",en,I Feel Pretty,16.534,2018-04-19,I Feel Pretty,6.389,2017
[35],en,How High,24.027,2001-12-21,How High,6.302,929
"[10752, 18, 10770]",en,All Quiet on the Western Front,28.239,1979-11-14,All Quiet on the Western Front,6.6,188
[18],sh,Otac na službenom putu,13.775,1985-01-15,When Father Was Away on Business,7.318,121
"[28, 12, 80]",en,Kick-Ass 2,22.528,2013-07-17,Kick-Ass 2,6.401,6100
"[12, 18, 35]",en,The Darjeeling Limited,14.027,2007-09-07,The Darjeeling Limited,7.2,3505
[35],en,Delivery Man,27.527,2013-10-10,Delivery Man,6.249,1460
"[35, 18, 10402]",en,I Used to Be Famous,28.218,2022-09-09,I Used to Be Famous,7.033,182
"[27, 53]",ko,변신,25.032,2019-08-21,Metamorphosis,7.074,175
"[878, 16, 18, 28]",ja,コードギアス 反逆のルルーシュⅡ 叛道,18.81,2018-02-10,Code Geass: Lelouch of the Rebellion – Transgression,7.2,26
"[28, 53, 80]",ko,아저씨,28.213,2010-08-04,The Man from Nowhere,7.697,1297
[53],en,Taking Lives,17.523,2004-03-19,Taking Lives,6.379,1580
"[18, 53, 27]",ja,花と蛇　飼育篇,21.761,1986-03-08,Flower and Snake 3: Punishment,5.2,8
"[16, 12, 10751, 14, 35]",en,The Magician's Elephant,17.304,2023-03-10,The Magician's Elephant,6.906,202
"[18, 10749, 10770]",de,Schweigeminute,28.193,2016-06-25,A Minute’s Silence,5.6,15
"[18, 27, 9648]",ko,"장화, 홍련",21.021,2003-06-13,A Tale of Two Sisters,7.088,1153
"[10749, 18]",ko,정사: 결혼 말고 연애,18.295,2016-04-19,Sex: A Relationship and Not Marriage,5.7,9
"[16, 10751, 12, 14, 28]",ja,劇場版ポケットモンスター ミュウツーの逆襲,26.271,1998-07-18,Pokémon: The First Movie,6.934,1427
"[28, 80, 18, 53]",en,The Real McCoy,12.081,1993-09-10,The Real McCoy,5.6,234
[27],en,The Kindred,17.538,2021-12-28,The Kindred,6.4,113
"[28, 80, 53, 35, 12]",ta,ஜெயிலர்,16.935,2023-08-10,Jailer,6.7,79
"[14, 27]",no,Trolljegeren,12.521,2010-10-29,Troll Hunter,6.689,1543
"[10749, 35, 18]",en,Roman Holiday,22.27,1953-08-26,Roman Holiday,7.88,2008
"[80, 18, 9648]",en,Under the Silver Lake,17.026,2018-06-21,Under the Silver Lake,6.4,1366
"[35, 10749, 18]",en,Life As We Know It,19.02,2010-10-02,Life As We Know It,6.911,3072
"[35, 18, 10749]",en,Juno,23.27,2007-12-05,Juno,7.054,7081
[10749],ko,탐하다: 욕망의 섬,17.144,2017-05-04,Covet: Island of Desire,5.3,10
"[35, 9648]",en,Manhattan Murder Mystery,28.169,1993-05-02,Manhattan Murder Mystery,7.272,1054
"[35, 10749]",en,Mamma Mia! Here We Go Again,20.524,2018-07-09,Mamma Mia! Here We Go Again,7.108,3297
[27],en,Sinister 2,18.272,2015-08-19,Sinister 2,5.884,2085
"[27, 53]",tr,Dabbe 3: Bir Cin Vakası,12.067,2012-08-02,D@bbe: Demon Possession,5.0,36
"[28, 12, 14, 18]",en,The Scorpion King 3: Battle for Redemption,17.02,2012-01-17,The Scorpion King 3: Battle for Redemption,4.6,336
"[16, 878, 10770, 12, 10751, 35, 14, 9648]",en,Codename: Kids Next Door: Operation Z.E.R.O.,14.268,2006-08-11,Codename: Kids Next Door: Operation Z.E.R.O.,7.983,203
[35],en,The First Wives Club,20.266,1996-09-20,The First Wives Club,6.718,739
"[18, 36]",en,Marie Antoinette,19.767,2006-05-24,Marie Antoinette,6.7,2676
"[28, 53, 878]",en,eXistenZ,16.267,1999-04-14,eXistenZ,6.807,1888
[35],ko,파일럿,20.101,2024-07-31,Pilot,6.917,6
"[80, 18, 53]",en,Breaking,20.1,2022-08-25,Breaking,6.594,165
"[16, 35]",ja,大室家 dear sisters,20.097,2024-02-02,Oomuro-ke: Dear Sisters,6.1,21
[27],en,The Brides of Dracula,12.053,1960-07-07,The Brides of Dracula,6.7,222
"[12, 28]",en,Pathfinder,23.265,2007-01-11,Pathfinder,5.665,699
"[28, 16, 12, 14]",ja,犬夜叉 鏡の中の夢幻城,16.763,2002-12-22,Inuyasha the Movie 2: The Castle Beyond the Looking Glass,7.7,142
"[10752, 28, 18]",en,The Longest Day,22.513,1962-09-25,The Longest Day,7.583,915
"[53, 18, 35]",fr,Club Zero,14.023,2023-09-27,Club Zero,5.754,57
"[35, 27, 53]",en,The 'Burbs,24.76,1989-02-17,The 'Burbs,6.749,1202
[10402],en,Gaga Chromatica Ball,22.249,2024-05-23,Gaga Chromatica Ball,8.132,53
[28],zh,精武英雄,16.008,1994-12-22,Fist of Legend,7.491,518
"[14, 28, 12, 18]",zh,刺杀小说家,23.022,2021-02-12,A Writer's Odyssey,7.15,284
"[35, 10749]",en,You've Got Mail,18.258,1998-12-18,You've Got Mail,6.685,3215
"[14, 10751, 12, 28, 35]",ru,Последний богатырь,20.041,2017-10-19,The Last Warrior,6.837,166
"[18, 36]",en,The Man Who Knew Infinity,20.032,2016-04-08,The Man Who Knew Infinity,7.167,1381
"[27, 878]",en,From Beyond,26.755,1986-10-24,From Beyond,6.5,542
[18],en,Radio Flyer,13.754,1992-02-21,Radio Flyer,7.0,189
"[18, 10749]",fr,La Pianiste,20.028,2001-09-05,The Piano Teacher,7.262,1077
"[35, 18]",en,The Great White Hype,20.026,1996-05-03,The Great White Hype,5.214,96
[27],en,The Mummy Resurrection,20.024,2023-01-02,The Mummy Resurrection,6.269,54
"[18, 35, 10749]",en,Lolita,20.021,1962-06-13,Lolita,7.336,2022
"[37, 12]",en,Butch Cassidy and the Sundance Kid,20.018,1969-09-23,Butch Cassidy and the Sundance Kid,7.6,2153
"[27, 35, 878]",en,Detention,20.017,2012-04-06,Detention,5.62,367
"[99, 27]",en,FUBAR Vol. 1,20.016,2014-01-01,FUBAR Vol. 1,6.4,8
"[10752, 36, 27]",cn,黑太陽731,20.014,1988-12-01,Men Behind the Sun,6.128,199
"[28, 12, 10752]",en,Where Eagles Dare,20.014,1968-12-04,Where Eagles Dare,7.53,863
"[27, 35]",en,Leprechaun: Back 2 tha Hood,20.012,2003-12-30,Leprechaun: Back 2 tha Hood,4.9,188
"[28, 16, 80, 18]",en,Batman: The Killing Joke,20.007,2016-07-24,Batman: The Killing Joke,6.588,1780
"[878, 80, 53]",en,Alien Nation,20.006,1988-10-07,Alien Nation,6.062,297
"[28, 80, 53]",en,Swordfish,20.001,2001-06-08,Swordfish,6.239,2631
[35],it,La donna lupo,19.997,1999-08-26,The Man-Eater,5.2,33
"[35, 10749, 18]",en,The End of Sex,19.989,2023-04-28,The End of Sex,5.8,19
"[27, 53]",en,The Sacrament,19.989,2013-09-02,The Sacrament,5.959,432
"[35, 18, 10749, 53, 80]",fr,Coup de chance,19.984,2023-09-15,Coup de Chance,6.219,335
[10749],ko,여선생 3,19.983,2020-03-20,Schoolmistress 3,5.7,7
"[18, 10402]",en,Mr. Holland's Opus,19.977,1995-12-29,Mr. Holland's Opus,7.0,402
"[18, 53]",en,Syriana,19.975,2005-11-23,Syriana,6.434,1327
"[10402, 18]",en,Saturday Night Fever,20.246,1977-12-16,Saturday Night Fever,6.728,1888
"[99, 10770]",fr,"Jean-Claude Van Damme, coup sur coup",19.971,2023-03-17,Jean-Claude van Damme: Karate King,6.975,20
"[53, 9648, 27]",en,Velvet Buzzsaw,19.971,2019-02-01,Velvet Buzzsaw,5.369,1866
"[12, 14]",en,Legend,22.996,1985-08-28,Legend,6.2,1201
"[53, 18]",en,Margin Call,19.969,2011-02-11,Margin Call,6.857,1761
"[80, 18]",hi,सत्या,19.968,1998-07-03,Satya,7.0,55
[18],tl,Sugapa,19.965,2023-08-25,Sugapa,5.5,2
"[16, 35, 10751]",en,Diary of a Wimpy Kid Christmas: Cabin Fever,19.964,2023-12-07,Diary of a Wimpy Kid Christmas: Cabin Fever,6.8,61
[35],fi,Hevimpi reissu,22.475,2024-10-11,Heavier Trip,0.0,0
"[14, 28, 12]",en,Dragonheart: Vengeance,19.963,2020-02-04,Dragonheart: Vengeance,6.838,308
"[10751, 35, 16, 12]",en,Tom and Jerry: Snowman's Land,19.955,2022-09-06,Tom and Jerry: Snowman's Land,6.8,46
"[27, 35]",en,Cursed,21.244,2005-02-25,Cursed,5.434,684
"[10752, 36, 28]",ko,안시성,19.951,2018-09-19,The Great Battle,6.801,161
"[18, 36, 10749]",hi,पद्मावत,19.951,2018-01-25,Padmaavat,6.922,263
[35],en,The Little Hours,19.951,2017-06-30,The Little Hours,5.816,556
"[28, 12, 35, 80, 53]",en,Lethal Weapon 4,20.744,1998-07-10,Lethal Weapon 4,6.59,2596
[18],te,షాకోట్,20.124,2024-10-04,Shahkot,0.0,0
"[35, 18, 10749]",en,Moonrise Kingdom,19.949,2012-05-16,Moonrise Kingdom,7.694,5764
[37],en,Hondo,11.969,1953-11-26,Hondo,6.548,198
"[35, 18]",en,The Edge of Seventeen,19.947,2016-11-18,The Edge of Seventeen,7.162,4007
[37],en,Hondo,11.969,1953-11-26,Hondo,6.548,198
"[35, 18]",en,The Edge of Seventeen,19.747,2016-11-18,The Edge of Seventeen,7.162,4007
"[28, 35, 878]",en,Iron Sky,15.495,2012-04-04,Iron Sky,5.735,1583
"[27, 53]",en,Wolf Creek,19.993,2005-09-16,Wolf Creek,6.2,1134
[18],tl,Paluwagan,20.568,2024-09-17,Paluwagan,0.0,0
"[18, 10749]",en,Pure Country,11.966,1992-10-23,Pure Country,7.0,74
[18],tl,Kapalit,21.586,2024-03-08,Kapalit,0.0,0
"[27, 53]",en,The Collection,27.912,2012-11-30,The Collection,6.35,1000
"[80, 53]",en,Ocean's Thirteen,18.742,2007-06-05,Ocean's Thirteen,6.726,6245
"[18, 53]",de,Die Welle,16.492,2008-03-13,The Wave,7.498,3278
"[28, 27, 878]",en,Redcon-1,15.998,2018-09-07,Redcon-1,5.7,304
"[878, 28, 16, 12]",en,Justice League: Throne of Atlantis,20.994,2015-01-13,Justice League: Throne of Atlantis,7.001,904
"[35, 10751]",en,Old Dogs,14.492,2009-11-24,Old Dogs,5.551,723
"[28, 9648, 18]",ko,헌트,18.263,2022-08-10,Hunt,6.657,162
"[18, 10749, 80]",ko,빈집,25.24,2004-10-15,3-Iron,7.8,1119
"[35, 18, 10749]",en,Garden State,27.891,2004-07-28,Garden State,7.083,1806
"[28, 53]",en,Take Cover,26.441,2024-10-04,Take Cover,6.0,1
[],ko,아내의 여자 2,16.116,2024-05-02,Wife's Woman 2,0.0,0
"[27, 53, 9648]",en,Polaroid,15.495,2019-01-10,Polaroid,6.037,1023
"[35, 27, 9648]",en,Happy Death Day,24.243,2017-10-12,Happy Death Day,6.644,6040
"[10749, 18]",en,"Good Luck to You, Leo Grande",19.898,2022-06-16,"Good Luck to You, Leo Grande",6.938,510
"[18, 80]",en,American Hustle,19.897,2013-12-03,American Hustle,6.855,7174
"[99, 10402]",en,Miss Americana,19.896,2020-01-31,Miss Americana,7.914,582
"[27, 53]",en,Great White,19.887,2021-05-07,Great White,5.241,371
"[28, 12, 10751, 14]",zh,西遊記之大鬧天宮,19.886,2014-01-09,The Monkey King,5.59,205
"[18, 10402]",is,Málmhaus,19.881,2013-10-11,Metalhead,7.349,209
"[28, 12, 35]",en,The Man from Toronto,19.875,2022-12-23,The Man from Toronto,6.506,359
[99],en,Super/Man: The Christopher Reeve Story,19.874,2024-09-21,Super/Man: The Christopher Reeve Story,8.0,1
"[35, 10751]",en,The Beverly Hillbillies,19.874,1993-10-15,The Beverly Hillbillies,6.299,528
"[18, 80]",en,The Basketball Diaries,19.874,1995-04-21,The Basketball Diaries,7.397,1956
"[14, 27, 9648]",en,Gretel & Hansel,19.873,2020-01-30,Gretel & Hansel,5.98,1379
"[10749, 18]",ko,유열의 음악앨범,19.87,2019-08-28,Tune in for Love,7.837,273
"[28, 80, 53]",en,Marauders,19.868,2016-07-01,Marauders,5.819,639
"[18, 35]",en,Joy,19.866,2015-12-24,Joy,6.537,4042
"[35, 14, 10749]",zh,美人鱼,19.864,2016-02-08,The Mermaid,6.513,398
"[18, 10749]",fr,Contes immoraux,19.863,1974-08-28,Immoral Tales,5.829,240
"[18, 35]",es,Vivir es fácil con los ojos cerrados,19.862,2013-10-31,Living Is Easy with Eyes Closed,6.7,155
"[27, 53]",en,Poltergeist II: The Other Side,19.858,1986-05-23,Poltergeist II: The Other Side,5.987,660
"[14, 878, 12]",en,Chaos Walking,19.856,2021-02-24,Chaos Walking,6.6,2245
"[27, 9648, 14]",en,New Nightmare,19.852,1994-10-13,New Nightmare,6.431,1354
"[27, 9648, 14]",en,New Nightmare,21.228,1994-10-13,New Nightmare,6.431,1354
"[878, 53, 27]",en,Resurrected,16.605,2023-04-27,Resurrected,6.1,78
"[14, 12, 35]",en,The Librarian: The Curse of the Judas Chalice,18.228,2008-10-25,The Librarian: The Curse of the Judas Chalice,6.277,464
[18],zh,霸王别姬,20.225,1993-01-01,Farewell My Concubine,7.944,564
[28],en,Delta Force 2: The Colombian Connection,12.974,1990-08-24,Delta Force 2: The Colombian Connection,5.414,197
"[16, 14, 10751]",en,Barbie Mariposa,16.726,2008-02-26,Barbie Mariposa,6.8,506
"[16, 10751, 12, 35]",en,Frozen Fever,18.477,2015-03-09,Frozen Fever,6.837,1806
[27],en,Spin the Bottle,27.748,2024-10-03,Spin the Bottle,0.0,0
"[35, 18, 37]",en,Seven Brides for Seven Brothers,13.724,1954-07-22,Seven Brides for Seven Brothers,7.17,520
"[16, 12, 878, 10751]",ja,映画ドラえもん のび太と空の理想郷,22.436,2023-03-03,Doraemon the Movie: Nobita's Sky Utopia,7.1,31
"[16, 10751]",en,Mickey and Friends: Trick or Treats,18.736,2023-10-01,Mickey and Friends: Trick or Treats,7.1,32
"[28, 12, 878, 53]",en,Star Trek II: The Wrath of Khan,20.979,1982-06-04,Star Trek II: The Wrath of Khan,7.446,1887
"[12, 28, 53]",en,Never Say Never Again,15.222,1983-10-07,Never Say Never Again,6.058,1417
"[878, 12, 10751, 14]",en,Timescape,13.776,2022-08-19,Timescape,7.6,26
[18],en,Where Hope Grows,18.686,2014-04-06,Where Hope Grows,6.8,82
"[12, 18, 36]",en,Everest,23.477,2015-09-10,Everest,6.823,4803
[27],en,Bed Rest,16.504,2023-02-10,Bed Rest,6.265,215
"[18, 10749]",en,Wuthering Heights,13.222,1939-04-07,Wuthering Heights,7.215,258
[18],es,La habitación de al lado,20.225,2024-10-18,The Room Next Door,0.0,0
[27],en,Squirm,16.471,1976-07-30,Squirm,4.926,115
"[10751, 35]",en,Beethoven,27.221,1992-04-03,Beethoven,5.803,2038
"[35, 10749]",en,Spring Break,11.88,1983-03-25,Spring Break,4.9,70
"[27, 9648]",en,Final Destination: Bloodlines,20.47,,Final Destination: Bloodlines,0.0,0
"[35, 10749]",en,What Happens in Vegas,19.221,2008-05-07,What Happens in Vegas,6.092,3009
"[35, 80, 28]",tr,Kıyma: Orman Kanunları,19.399,2024-05-23,Kıyma: Orman Kanunları,7.0,1
"[12, 16, 14]",ja,平成狸合戦ぽんぽこ,16.217,1994-07-16,Pom Poko,7.176,1032
[18],en,Hateship Loveship,11.866,2014-04-11,Hateship Loveship,5.849,142
"[27, 35]",nl,Yummy,18.226,2019-12-13,Yummy,6.267,275
"[14, 12, 10751, 18]",ru,По щучьему велению,15.213,2023-10-26,Wish of the Fairy Fish,8.1,23
"[35, 10751, 14]",en,Charlotte's Web,16.717,2006-12-07,Charlotte's Web,6.208,1353
"[18, 80]",en,Mean Streets,17.965,1973-10-14,Mean Streets,7.081,2046
"[18, 14, 10749]",en,What Dreams May Come,19.715,1998-10-02,What Dreams May Come,7.195,2268
"[18, 10749]",en,Titanic,13.215,1953-04-11,Titanic,6.576,130
"[10749, 35]",de,Isi & Ossi,18.724,2020-02-14,Isi & Ossi,6.921,898
"[12, 35, 18, 10751]",en,Homeward Bound II: Lost in San Francisco,15.214,1996-03-08,Homeward Bound II: Lost in San Francisco,6.577,462
"[53, 9648, 27]",en,Dressed to Kill,21.213,1980-07-25,Dressed to Kill,6.934,915
"[16, 10751, 12, 35, 14]",en,Dragons: Dawn of the Dragon Racers,15.965,2014-11-01,Dragons: Dawn of the Dragon Racers,7.2,339
"[18, 35, 36]",en,Mrs. Harris Goes to Paris,19.233,2022-07-15,Mrs. Harris Goes to Paris,7.298,396
[35],en,Grudge Match,13.464,2013-12-25,Grudge Match,6.089,1261
"[28, 12, 14, 10770]",en,Dungeons & Dragons: Wrath of the Dragon God,21.711,2005-09-01,Dungeons & Dragons: Wrath of the Dragon God,4.5,123
"[14, 35, 12]",en,Dogma,17.461,1999-11-12,Dogma,6.921,2473
[18],tl,Mang Kanor,16.081,2023-01-28,Mang Kanor,2.3,3
[18],en,Camp X-Ray,19.198,2014-10-17,Camp X-Ray,6.72,999
"[27, 28]",en,V for Vengeance,14.48,2022-06-07,V for Vengeance,5.56,108
"[27, 18, 14]",es,La casa del fin de los tiempos,11.961,2013-06-21,The House at the End of Time,6.8,307
[18],fr,À ma soeur!,17.709,2001-03-07,Fat Girl,6.1,212
"[35, 12, 14, 878, 28]",en,Small Soldiers,22.459,1998-07-10,Small Soldiers,6.524,2087
"[53, 18]",en,Intrusion,11.831,2021-09-22,Intrusion,5.973,648
[27],en,Bait,19.211,2012-09-05,Bait,5.7,736
"[10749, 18]",en,The Souvenir,13.966,2019-05-17,The Souvenir,6.051,246
"[35, 28, 14]",en,Vampire Academy,13.211,2014-02-07,Vampire Academy,6.334,1722
[10749],en,Stealing Lust,20.004,2021-10-07,Stealing Lust,5.0,1
"[18, 10751]",en,A River Runs Through It,20.457,1992-10-09,A River Runs Through It,7.026,1055
"[53, 9648, 80]",en,The Number 23,18.709,2007-02-23,The Number 23,6.413,3163
"[28, 35, 80]",en,Batman,22.458,1966-07-30,Batman,6.421,936
[53],en,Eileen,20.271,2023-12-01,Eileen,6.153,209
[99],pt,Pelé,15.22,2021-02-23,Pelé,7.316,190
"[28, 12, 878, 10751]",en,Mighty Morphin Power Rangers: Once & Always,21.742,2023-04-19,Mighty Morphin Power Rangers: Once & Always,6.562,249
"[18, 10749]",fr,Confidences trop intimes,11.822,2004-02-05,Intimate Strangers,6.324,71
"[53, 27]",en,The Vatican Tapes,22.209,2015-07-23,The Vatican Tapes,5.3,743
"[18, 36]",en,King of Kings,19.701,1961-10-11,King of Kings,7.121,195
"[28, 12, 80, 18, 53]",en,A Force of One,19.701,1979-06-01,A Force of One,4.8,101
"[35, 14, 10749]",en,Topper,19.699,1937-07-16,Topper,6.748,115
"[28, 53, 878]",en,Upgrade,19.688,2018-05-31,Upgrade,7.494,4281
[35],es,Toc Toc,19.688,2017-09-01,Toc Toc,7.107,1195
"[18, 14, 10749]",en,Fallen,19.688,2016-11-10,Fallen,6.124,1566
"[27, 18]",en,The Woman Under the Stage,19.685,2023-08-03,The Woman Under the Stage,0.0,0
[18],fr,Mes chères études,19.682,2010-01-18,Student Services,5.223,121
"[9648, 53, 80]",en,Mindcage,19.677,2022-12-16,Mindcage,6.026,305
"[28, 12, 878]",ja,ゴジラvsキングギドラ,19.677,1991-12-14,Godzilla vs. King Ghidorah,7.01,207
"[80, 18]",en,Heist 88,19.674,2023-10-01,Heist 88,6.924,66
"[878, 28, 18, 53]",en,Chain Reaction,19.674,1996-08-02,Chain Reaction,5.732,1042
"[14, 18, 10749]",en,Beautiful Creatures,19.672,2013-02-13,Beautiful Creatures,6.03,2807
"[10402, 35, 18]",en,Sunshine on Leith,19.671,2013-10-03,Sunshine on Leith,6.6,125
"[27, 9648, 53]",es,Satánico pandemonium: la sexorcista,19.666,1975-06-26,Satanic Pandemonium,6.512,83
"[35, 10749]",ko,색즉시공,19.666,2002-12-12,Sex Is Zero,6.103,107
"[80, 18, 53]",en,Carlito's Way,19.665,1993-11-10,Carlito's Way,7.837,3096
"[27, 9648]",en,The Exorcist III,19.664,1990-08-17,The Exorcist III,6.222,742
"[18, 10752]",en,All Quiet on the Western Front,19.662,1930-04-29,All Quiet on the Western Front,7.757,781
[18],es,Como el mar,19.661,2024-02-08,Como el mar,5.0,1
[18],es,Como el mar,21.062,2024-02-08,Como el mar,5.0,1
"[80, 35]",en,The King of Bloody Fookin' Britain,16.827,2024-03-15,The King of Bloody Fookin' Britain,3.0,1
"[18, 12, 10751]",en,A Dog's Way Home,19.207,2019-01-10,A Dog's Way Home,7.373,1093
"[28, 53]",en,Sanctum,17.201,2011-02-03,Sanctum,6.045,1022
"[53, 80, 9648]",en,Solace,14.953,2015-09-03,Solace,6.415,2175
"[80, 18]",en,The Wrong Man,14.448,1956-12-22,The Wrong Man,7.138,533
"[12, 28, 35, 10751, 878]",en,Henry Danger: The Movie,16.447,,Henry Danger: The Movie,0.0,0
"[10751, 10749, 18, 35]",ta,லப்பர் பந்து,13.917,2024-09-20,Lubber Pandhu,8.0,2
"[18, 27]",de,Nosferatu - Phantom der Nacht,20.947,1979-01-17,Nosferatu the Vampyre,7.3,817
"[18, 35, 10749]",ru,Афоня,11.786,1976-01-01,Afonya,7.936,133
[35],en,Why Him?,16.952,2016-12-22,Why Him?,6.376,4093
"[37, 12]",en,Hidalgo,17.697,2004-02-04,Hidalgo,6.882,1191
"[80, 28, 53]",en,Bring Him to Me,27.434,2023-11-02,Bring Him to Me,5.8,31
"[16, 12]",ja,ONE PIECE 3D 麦わらチェイス,18.449,2011-03-19,One Piece 3D: Straw Hat Chase,6.8,150
"[10751, 12, 16, 14]",ja,劇場版ポケットモンスター ダイヤモンド&パール ギラティナと氷空（そら）の花束 シェイミ,12.948,2008-07-19,Pokémon: Giratina and the Sky Warrior,6.754,238
"[18, 9648, 53, 80]",en,Mulholland Falls,23.195,1996-04-26,Mulholland Falls,6.0,271
"[53, 28, 878]",en,Alien Outpost,23.199,2014-09-19,Alien Outpost,5.191,225
"[27, 53]",en,Return to House on Haunted Hill,15.697,2007-10-03,Return to House on Haunted Hill,5.448,288
"[18, 28, 53]",cn,死亡遊戲,27.482,1978-03-23,Game of Death,6.4,653
"[35, 80, 53]",en,Freeway,12.944,1996-08-23,Freeway,6.5,357
"[12, 18, 10749, 37]",en,Far and Away,19.194,1992-05-22,Far and Away,6.8,1171
[27],en,Oracle,14.447,2023-10-01,Oracle,6.594,90
"[16, 35, 14]",en,Cool World,23.443,1992-07-10,Cool World,5.599,722
"[28, 18, 36, 53]",en,The Finest Hours,16.698,2016-01-27,The Finest Hours,6.592,1579
"[28, 80, 18, 53]",en,I Am Wrath,16.698,2016-04-14,I Am Wrath,5.536,619
"[10751, 35]",en,Cats & Dogs,23.943,2001-07-04,Cats & Dogs,5.389,1595
"[18, 10749]",en,Vicky Cristina Barcelona,16.694,2008-08-15,Vicky Cristina Barcelona,6.797,3662
"[9648, 53]",fr,Les Traducteurs,15.952,2019-12-20,The Translators,6.499,476
"[878, 28, 80, 10770]",en,Spider-Man,14.941,1977-09-14,Spider-Man,6.154,179
"[18, 12, 14]",en,Dungeons & Dragons,20.442,2000-12-08,Dungeons & Dragons,4.372,613
"[28, 12, 16, 878]",en,Justice League: The New Frontier,15.942,2008-02-26,Justice League: The New Frontier,6.792,501
"[16, 10751, 35]",en,Fireheart,18.959,2022-01-16,Fireheart,7.252,246
"[28, 53, 80]",ko,짝패,11.761,2006-05-25,The City of Violence,6.559,135
"[18, 80]",fr,À bout de souffle,19.441,1960-03-16,Breathless,7.531,1774
"[80, 27, 878, 53]",ja,"デスノート, Light up the NEW world",12.195,2016-10-29,Death Note: Light Up the NEW World,6.427,157
"[10749, 35, 18]",en,What to Expect When You're Expecting,22.192,2012-05-17,What to Expect When You're Expecting,6.006,1757
"[18, 10749]",ko,불륜 동창회 2,23.027,2019-02-18,Adultery Alumni Association 2,4.4,36
"[18, 28]",te,మహర్షి,27.432,2019-05-09,Maharshi,6.879,29
"[27, 53]",en,Nurse 3-D,27.432,2013-09-28,Nurse 3-D,5.251,442
"[28, 18, 80]",en,Cool Hand Luke,18.44,1967-11-01,Cool Hand Luke,7.731,1394
[35],en,The Campaign,13.942,2012-08-09,The Campaign,5.83,1713
"[18, 35]",en,Pride,12.693,2014-09-12,Pride,7.712,1283
"[80, 53, 9648]",en,The Raven,13.691,2012-03-09,The Raven,6.3,1324
"[14, 53]",en,Skinford: Death Sentence,13.714,2017-03-12,Skinford: Death Sentence,5.2,9
"[16, 35, 10751, 37]",en,Tom and Jerry Cowboy Up!,17.706,2022-01-24,Tom and Jerry Cowboy Up!,6.9,438
"[18, 10749]",en,Step Up 3D,22.189,2010-08-04,Step Up 3D,6.817,1876
"[27, 53]",en,The Passenger,16.983,2023-08-04,The Passenger,6.0,102
[10749],ko,어린 형수 4,17.564,2019-01-25,Young Sister In Law 4,6.2,4
"[28, 37]",it,Django,22.437,1966-04-06,Django,7.2,883
"[35, 10749, 14, 18]",en,Ruby Sparks,27.404,2012-07-25,Ruby Sparks,7.111,1594
"[80, 53]",en,Double Indemnity,13.937,1944-07-06,Double Indemnity,8.1,1766
"[35, 18, 878]",hi,पीके,21.439,2014-12-18,PK,7.709,974
"[35, 10749]",en,Swept Away,20.686,2002-10-11,Swept Away,4.8,269
"[18, 10749]",en,The Last Letter from Your Lover,19.951,2021-07-23,The Last Letter from Your Lover,7.418,591
"[18, 53]",tl,Siklo,17.194,2022-01-07,Siklo,5.4,8
"[18, 35, 10749]",en,Licorice Pizza,22.203,2021-11-26,Licorice Pizza,6.978,2192
"[18, 10752]",it,Salon Kitty,20.185,1976-03-02,Salon Kitty,5.6,121
"[18, 27]",en,Summer Scars,11.74,2007-09-14,Summer Scars,5.4,21
"[18, 53]",en,Three,22.686,2006-05-05,Three,5.434,228
"[10402, 10770, 14]",en,Under the Sea: A Descendants Story,14.512,2018-09-28,Under the Sea: A Descendants Story,7.282,94
"[10402, 10770, 14]",en,Under the Sea: A Descendants Story,14.512,2018-09-28,Under the Sea: A Descendants Story,7.282,94
[18],cs,Hranice lásky,12.661,2022-11-03,Borders of Love,6.0,15
"[18, 35, 10402]",es,La fuga,14.5,2024-05-10,La fuga,6.417,6
"[37, 18]",en,The Outlaw,11.734,1943-02-05,The Outlaw,5.5,93
"[10749, 18, 14]",en,Intimacy,23.434,2001-01-20,Intimacy,6.287,499
"[53, 80, 9648, 18]",en,Evil Under the Sun,13.683,1982-03-05,Evil Under the Sun,6.9,420
"[28, 16, 14, 27]",en,Van Helsing: The London Assignment,18.434,2004-05-11,Van Helsing: The London Assignment,6.173,146
"[35, 10749]",en,Made of Honor,24.935,2008-04-30,Made of Honor,6.446,1637
"[10751, 14, 12, 35]",en,A Babysitter's Guide to Monster Hunting,18.944,2020-10-14,A Babysitter's Guide to Monster Hunting,6.2,294
"[16, 35, 10751]",en,Diary of a Wimpy Kid: Rodrick Rules,19.959,2022-12-02,Diary of a Wimpy Kid: Rodrick Rules,6.904,157
"[35, 18]",en,Local Hero,12.181,1983-02-17,Local Hero,6.712,332
[18],fr,Jeune & Jolie,18.934,2013-08-21,Young & Beautiful,6.5,1210
"[28, 35]",cn,醉拳,21.681,1978-10-05,Drunken Master,7.387,930
"[10770, 10751, 35, 14]",en,Life-Size,11.722,2000-03-05,Life-Size,6.338,401
"[80, 28, 35, 53]",cn,紅番區,20.18,1995-01-21,Rumble in the Bronx,6.807,1009
"[35, 16, 12, 10751]",en,Zambezia,27.348,2012-06-05,Zambezia,6.22,296
"[28, 35, 12, 10749, 18]",en,Every Which Way but Loose,20.43,1978-12-16,Every Which Way but Loose,6.128,448
"[28, 18, 9648]",en,Once Upon a Time in Mexico,27.181,2003-09-11,Once Upon a Time in Mexico,6.3,2124
[18],sv,Anita,17.469,1973-12-25,"Anita, Swedish Nymphet",5.1,68
"[12, 27, 28, 878]",en,Starship Troopers 2: Hero of the Federation,20.18,2004-05-19,Starship Troopers 2: Hero of the Federation,4.4,581
[18],en,Babel,19.526,2006-10-26,Babel,7.18,3681
"[28, 35]",en,If Looks Could Kill,19.519,1991-03-15,If Looks Could Kill,6.126,159
"[35, 53, 10749]",en,Do Revenge,19.518,2022-09-14,Do Revenge,6.4,849
[53],en,Fracture,19.517,2007-04-19,Fracture,7.277,3840
"[18, 53, 80, 12]",en,Thelma & Louise,19.517,1991-05-24,Thelma & Louise,7.6,3357
[18],en,The Old Oak,19.51,2023-09-29,The Old Oak,7.21,291
"[35, 18]",es,Casi divas,19.51,2008-08-21,Casi divas,6.6,74
"[28, 37]",en,Apache,19.508,1954-07-09,Apache,6.1,121
"[35, 10749]",es,¿Qué culpa tiene el niño?,19.507,2016-05-13,Don't Blame the Kid,7.698,621
[18],en,The Fabelmans,19.506,2022-11-11,The Fabelmans,7.631,2249
"[35, 14, 27, 878]",en,Leprechaun 4: In Space,19.504,1997-02-25,Leprechaun 4: In Space,4.567,218
"[27, 9648]",en,The Grudge,19.503,2019-12-31,The Grudge,5.446,1177
"[27, 9648]",en,Hellraiser,19.503,2022-09-28,Hellraiser,6.207,786
"[16, 10751]",en,PAW Patrol: Jet to the Rescue,19.498,2020-09-10,PAW Patrol: Jet to the Rescue,7.034,161
"[28, 12, 35]",en,Smokey and the Bandit,19.492,1977-05-26,Smokey and the Bandit,6.95,708
"[27, 878]",en,The Eden Theory,19.489,2021-05-05,The Eden Theory,5.0,3
"[53, 18, 9648, 80]",en,Gaslight,19.489,1944-05-04,Gaslight,7.47,479
"[18, 878, 53]",en,The Butterfly Effect 2,19.488,2006-08-17,The Butterfly Effect 2,4.943,890
"[10751, 16, 9648, 35]",en,"Happy Halloween, Scooby-Doo!",19.487,2020-10-06,"Happy Halloween, Scooby-Doo!",7.82,230
"[878, 53, 27]",en,Dark Skies,19.486,2013-02-21,Dark Skies,6.316,1750
"[878, 53, 27]",en,Dark Skies,23.426,2013-02-21,Dark Skies,6.316,1750
"[18, 80, 10749, 53]",en,Human Desire,11.69,1954-08-05,Human Desire,6.7,123
"[18, 27]",es,La abuela,18.441,2022-01-28,La Abuela (The Grandmother),5.837,439
"[28, 80, 27]",ja,殺し屋1,18.173,2001-12-22,Ichi the Killer,7.0,953
"[53, 36, 18, 28]",en,Hotel Mumbai,17.429,2019-03-14,Hotel Mumbai,7.539,1522
"[16, 35, 10751]",en,Oliver & Company,18.171,1988-11-18,Oliver & Company,6.7,1535
"[18, 27, 80]",en,The Devil's Rejects,18.422,2005-07-22,The Devil's Rejects,6.739,1391
"[28, 35, 12]",en,Kingsman: The Blue Blood,16.671,,Kingsman: The Blue Blood,0.0,0
[18],en,Burnt,12.926,2015-10-02,Burnt,6.517,3311
"[27, 878]",en,Lifeforce,27.262,1985-06-21,Lifeforce,6.257,590
"[35, 18, 10749]",en,Moonstruck,16.671,1987-12-16,Moonstruck,6.8,910
"[18, 35]",sv,En duva satt på en gren och funderade på tillvaron,27.258,2014-10-24,A Pigeon Sat on a Branch Reflecting on Existence,6.9,435
[10749],ko,여자 하숙집 3,20.239,2019-06-11,Female Hostel 3,9.8,2
"[14, 35, 10749]",en,A Midsummer Night's Dream,22.421,1999-05-20,A Midsummer Night's Dream,6.404,360
"[10751, 35, 14]",en,Under Wraps,12.607,2021-10-01,Under Wraps,6.787,89
"[16, 12, 10751, 14]",en,Over the Moon,20.931,2020-10-16,Over the Moon,7.221,1284
"[28, 80, 878]",en,Criminal,20.174,2016-04-07,Criminal,6.199,1711
"[10751, 18]",ta,மெய்யழகன்,13.974,2024-09-27,Meiyazhagan,8.0,3
"[53, 80, 18]",en,The Bank Job,15.171,2008-02-28,The Bank Job,6.827,2269
"[80, 18, 53]",es,Nahir,27.243,2024-05-22,Nahir,5.8,76
"[35, 10402, 10749]",en,Music and Lyrics,18.17,2007-02-09,Music and Lyrics,6.435,1639
[53],en,The Desperate Hour,17.183,2021-09-12,The Desperate Hour,6.0,424
[99],ja,河北彩花がご奉仕してくれる最高級5つ星ソープランド,19.966,2022-02-18,Saika Kawakita Services You At A 5-Star Top-Class Soapland.,7.0,1
"[10749, 18, 35]",en,Punch-Drunk Love,19.668,2002-10-11,Punch-Drunk Love,7.1,2289
"[35, 10749]",en,The Holiday,21.669,2006-12-08,The Holiday,7.094,4950
"[27, 28, 53]",en,The Hitcher,27.166,1986-01-17,The Hitcher,6.951,885
[53],en,Takedown,16.916,2000-03-15,Takedown,6.088,164
"[18, 36]",en,Rustin,11.722,2023-11-03,Rustin,6.69,168
"[18, 36]",ru,Зеркало,16.414,1975-03-07,Mirror,7.978,925
[27],en,Island of the Dolls,13.043,2023-01-13,Island of the Dolls,5.239,46
"[35, 10751, 12]",en,Paddington in Peru,15.971,2024-11-07,Paddington in Peru,0.0,0
"[18, 80]",en,Dancer in the Dark,19.664,2000-09-01,Dancer in the Dark,7.876,1764
"[16, 14, 10751, 12, 35, 10770]",en,Legend of the BoneKnapper Dragon,19.164,2010-10-14,Legend of the BoneKnapper Dragon,6.9,242
"[12, 14, 28]",en,Solomon Kane,17.914,2009-09-16,Solomon Kane,5.985,1355
"[35, 37]",en,Lucky Luke,11.644,1991-07-04,Lucky Luke,5.361,184
[35],en,Buddy Games,13.171,2019-11-18,Buddy Games,5.3,216
"[16, 28, 12, 878]",en,Ben 10 vs. the Universe: The Movie,12.922,2020-10-02,Ben 10 vs. the Universe: The Movie,7.5,119
"[10749, 35]",en,Can You Keep a Secret?,27.164,2019-09-13,Can You Keep a Secret?,6.4,893
"[16, 35, 10751]",en,Diary of a Wimpy Kid,17.678,2021-12-02,Diary of a Wimpy Kid,6.187,345
"[35, 28, 12]",en,The Spy Who Dumped Me,21.416,2018-08-02,The Spy Who Dumped Me,6.401,2190
"[10402, 18, 10749]",en,Honey,26.16,2003-11-24,Honey,6.324,1154
"[28, 53]",en,Savage Beach,20.938,1989-10-01,Savage Beach,4.6,51
"[16, 35, 18]",ja,劇場版 SHIROBAKO,27.138,2020-02-29,SHIROBAKO The Movie,7.2,17
"[35, 10770]",en,Reefer Madness: The Movie Musical,11.629,2006-03-29,Reefer Madness: The Movie Musical,6.547,74
"[18, 10752, 36]",tr,Ayla,14.163,2017-10-27,Ayla: The Daughter of War,8.1,351
"[27, 9648, 53]",en,One Missed Call,24.909,2008-01-04,One Missed Call,5.404,744
"[18, 35, 80]",en,To Die For,13.907,1995-09-22,To Die For,6.578,768
"[878, 28, 12, 53]",en,Star Trek: Nemesis,16.908,2002-12-13,Star Trek: Nemesis,6.298,1396
"[16, 10751, 35, 9648, 878]",en,Scooby-Doo and the Alien Invaders,15.157,2000-10-03,Scooby-Doo and the Alien Invaders,7.1,354
"[28, 12, 18, 36, 10749, 10752]",en,The Last of the Mohicans,23.406,1992-08-26,The Last of the Mohicans,7.387,3021
"[16, 35]",en,Welcome to the Club,20.681,2022-09-08,Welcome to the Club,6.448,181
"[18, 10770]",en,James Dean,11.62,2001-08-04,James Dean,6.874,103
"[18, 35]",en,T2 Trainspotting,15.661,2017-01-27,T2 Trainspotting,6.9,3086
"[35, 18]",en,The Road Within,14.658,2014-10-24,The Road Within,6.9,368
"[12, 28, 35, 37]",en,Shanghai Noon,21.405,2000-05-26,Shanghai Noon,6.417,2479
"[36, 18]",en,Tesla,15.166,2020-08-14,Tesla,5.859,323
"[10752, 28]",en,Wolf Hound,27.096,2022-06-03,Wolf Hound,6.5,89
"[35, 18]",en,A Real Pain,20.322,2024-11-01,A Real Pain,0.0,0
[10749],ko,빚에 팔려온 친구아내,24.296,2022-06-30,A Friend's Wife Sold in Debt,5.8,4
"[27, 53]",en,Fog City,19.068,2023-10-20,Fog City,5.5,37
[10749],ko,목공소에서 생긴 일,14.432,2020-03-05,What Happened at the Carpenter's Shop,5.7,9
"[16, 14]",ja,デンゼルを中心としたオリジナルアニメ,21.584,2009-04-16,Final Fantasy VII: On the Way to a Smile - Episode Denzel,5.6,31
"[18, 35]",en,The Bucket List,17.403,2007-12-25,The Bucket List,7.185,3717
"[27, 14, 16, 10751]",en,The Adventures of Ichabod and Mr. Toad,15.652,1949-10-05,The Adventures of Ichabod and Mr. Toad,6.4,588
"[16, 10751, 12, 35]",en,Rugrats Go Wild,11.603,2003-06-13,Rugrats Go Wild,6.222,293
"[27, 9648, 53]",en,Brahms: The Boy II,16.91,2020-02-20,Brahms: The Boy II,5.944,1218
"[16, 10751, 10770]",en,"Curious George: Go West, Go Wild",13.082,2020-09-08,"Curious George: Go West, Go Wild",6.0,89
"[80, 18, 53]",en,You Were Never Really Here,27.066,2017-11-08,You Were Never Really Here,6.557,2733
"[16, 35, 18]",en,Harvie Krumpet,11.599,2003-10-23,Harvie Krumpet,7.367,173
[35],en,National Lampoon's Christmas Vacation,16.9,1989-11-30,National Lampoon's Christmas Vacation,7.238,2307
"[53, 80, 28]",en,Copshop,15.915,2021-09-09,Copshop,6.235,747
"[18, 14]",en,Heavenly Creatures,26.398,1994-09-12,Heavenly Creatures,7.0,895
"[18, 10752]",ru,Небо,16.916,2021-11-18,Mission «Sky»,8.48,50
"[27, 9648, 53]",en,Stir of Echoes,22.899,1999-09-10,Stir of Echoes,6.68,1194
[18],tl,Tag-init,15.109,2023-01-20,Summer,4.2,6
"[27, 9648, 53]",en,The Entity,16.147,1982-09-30,The Entity,6.642,465
"[28, 53, 878]",en,Doomsday,27.041,2008-03-14,Doomsday,5.971,1261
"[35, 18, 10749]",en,Prime,14.398,2005-09-21,Prime,5.961,792
"[16, 35, 10751, 12]",en,Open Season: Scared Silly,14.651,2015-12-18,Open Season: Scared Silly,5.96,336
"[10751, 35]",en,The Sandlot,26.396,1993-04-07,The Sandlot,7.51,1144
"[10751, 35]",en,The Sandlot,19.309,1993-04-07,The Sandlot,7.51,1144
"[27, 878]",en,Alien: Covenant - Prologue: The Crossing,19.304,2017-04-26,Alien: Covenant - Prologue: The Crossing,6.369,137
"[35, 18]",en,Mainstream,19.303,2021-05-07,Mainstream,6.38,283
[18],en,The Last Temptation of Christ,19.301,1988-05-28,The Last Temptation of Christ,7.244,1044
"[53, 9648]",en,The Infernal Machine,19.296,2022-09-23,The Infernal Machine,6.277,251
"[28, 18, 53]",ta,ராயன்,19.294,2024-07-26,Raayan,6.5,11
"[12, 28, 18, 53]",en,Poseidon,19.294,2006-05-10,Poseidon,5.849,2112
"[18, 9648, 53, 80]",en,The Bone Collector,19.293,1999-11-04,The Bone Collector,6.792,3440
"[27, 9648]",en,Last Shift,19.292,2014-10-25,Last Shift,6.233,579
"[28, 12, 14, 53, 27]",zh,深海蛇难,19.29,2022-08-27,Deep Sea Mutant Snake,6.816,38
[18],tl,Kulong,19.287,2024-05-24,Kulong,5.5,2
"[16, 35, 12, 14, 10749, 10751]",ru,Кощей. Похититель невест,19.286,2022-06-09,How to Save the Immortal,7.417,24
"[10749, 18]",en,All the Bright Places,19.285,2020-02-28,All the Bright Places,7.651,2831
"[18, 53]",en,Room,19.284,2015-10-16,Room,8.022,9066
"[35, 18]",fr,La Fonte des neiges,19.284,2009-01-31,Thawing Out,5.8,35
"[10749, 53]",nl,Rendez-Vous,19.283,2015-06-04,Obsession,6.358,204
"[27, 80, 53]",en,Green Room,19.282,2016-04-15,Green Room,6.727,2630
"[28, 16, 12]",ja,ワンピース ねじまき島の冒険,19.277,2001-03-03,One Piece: Clockwork Island Adventure,7.0,263
"[28, 35, 80]",en,Pineapple Express,19.277,2008-08-06,Pineapple Express,6.635,3748
"[16, 10751, 12]",en,Walking with Dinosaurs,19.275,2013-12-18,Walking with Dinosaurs,6.147,467
"[16, 10751, 12]",en,Walking with Dinosaurs,18.395,2013-12-18,Walking with Dinosaurs,6.147,467
"[9648, 53]",en,Secret Window,16.392,2004-03-12,Secret Window,6.58,3548
"[35, 14, 10402, 10749]",en,Yesterday,18.9,2019-06-26,Yesterday,6.699,3863
"[53, 28, 878]",en,Outside the Wire,18.154,2021-01-15,Outside the Wire,6.361,1769
[35],en,Animal House,20.891,1978-07-28,Animal House,6.982,1501
"[35, 27]",en,Victor Crowley,14.896,2017-09-12,Victor Crowley,5.7,250
"[28, 18, 53]",de,Lola rennt,20.141,1998-08-20,Run Lola Run,7.289,2195
"[27, 53]",en,The Wolfman,22.642,2010-02-10,The Wolfman,5.864,1961
"[18, 80]",en,Mississippi Burning,19.14,1988-12-08,Mississippi Burning,7.673,1615
[35],es,La Sexóloga,21.06,2023-01-05,The Sexologist,6.776,38
"[99, 36]",en,To End All War: Oppenheimer & the Atomic Bomb,17.183,2023-07-09,To End All War: Oppenheimer & the Atomic Bomb,7.76,204
"[18, 14, 878]",ko,승리호,19.403,2021-02-05,Space Sweepers,7.081,1009
"[99, 80]",en,Capturing the Friedmans,14.891,2003-05-30,Capturing the Friedmans,7.182,327
"[99, 10402]",en,The Decline of Western Civilization,11.557,1981-07-01,The Decline of Western Civilization,7.168,98
"[80, 53, 28]",ko,낙원의 밤,17.901,2020-09-03,Night in Paradise,6.929,247
"[12, 18, 27]",en,Black Water,22.141,2007-06-01,Black Water,5.863,331
"[36, 18, 10402]",en,All Eyez on Me,20.645,2017-06-12,All Eyez on Me,6.702,1150
"[35, 27]",en,Student Bodies,11.555,1981-08-07,Student Bodies,5.32,97
"[28, 18, 12, 9648, 53]",en,Skydog,15.35,2020-10-20,Skydog,6.3,15
"[18, 53, 878]",es,Fin,12.891,2012-11-23,The End,4.9,116
[35],en,St. Vincent,20.848,2014-10-09,St. Vincent,7.113,1863
"[18, 10749]",pl,Bez wstydu,15.32,2012-07-20,Shameless,5.5,56
"[28, 35]",fr,Le Dernier Mercenaire,17.653,2021-07-30,The Last Mercenary,6.446,603
[18],pl,Zielona granica,26.939,2023-09-22,Green Border,7.5,77
"[27, 28]",en,Wolves,13.39,2014-08-28,Wolves,5.885,295
"[28, 878, 27]",ja,ゴジラvsデストロイア,17.386,1995-12-09,Godzilla vs. Destoroyah,7.844,240
"[16, 10751, 12, 878, 14]",en,Strange World,18.664,2022-11-23,Strange World,6.335,1230
"[28, 18]",en,G.I. Jane,17.637,1997-08-19,G.I. Jane,6.457,1644
"[10751, 18]",en,Anne of Green Gables,18.386,1985-12-01,Anne of Green Gables,8.096,229
"[16, 35]",en,Trolley Troubles,26.932,1927-09-05,Trolley Troubles,6.4,46
"[16, 12, 35, 14, 28]",ja,ワンピース～ハート オブ ゴールド～,18.321,2016-12-31,One Piece: Heart of Gold,7.5,81
"[10751, 12]",pt,Amazonia,11.542,2013-11-26,Amazonia,6.07,43
[35],en,The First Time,22.336,1969-06-11,The First Time,4.9,15
"[80, 18, 28]",en,Absolute Power,19.385,1997-02-14,Absolute Power,6.649,1075
"[18, 53, 10751]",si,ධර්මයුද්ධය,19.481,2017-07-14,Dharmayuddhaya,8.7,3
"[28, 18]",cn,黃飛鴻,25.135,1991-08-15,Once Upon a Time in China,7.134,411
"[35, 10749]",en,I Now Pronounce You Chuck & Larry,21.386,2007-07-12,I Now Pronounce You Chuck & Larry,6.046,2291
"[18, 36]",en,Spotlight,21.139,2015-11-06,Spotlight,7.818,8141
"[35, 14]",cn,非洲和尚,11.574,1991-07-05,Crazy Safari,5.063,48
[18],en,Awakenings,16.884,1990-12-04,Awakenings,7.769,2492
"[35, 14]",cn,非洲和尚,11.574,1991-07-05,Crazy Safari,5.063,48
[18],en,Awakenings,16.884,1990-12-04,Awakenings,7.769,2492
"[35, 18]",es,Fiesta en la Madriguera,26.915,2024-04-30,Down the Rabbit Hole,6.79,31
"[28, 35, 80]",en,CHiPS,19.889,2017-03-23,CHiPS,6.12,1267
"[35, 18]",en,My Girl,24.883,1991-11-27,My Girl,7.394,2051
"[10752, 18, 36]",en,Paths of Glory,19.883,1957-10-25,Paths of Glory,8.273,2862
"[28, 80, 9648, 53, 18]",en,Red Stone,16.96,2021-12-03,Red Stone,5.63,27
"[53, 28]",en,The Prince,15.24,2014-08-22,The Prince,4.9,479
"[28, 12, 36, 10749, 18]",en,Pompeii,17.136,2014-02-18,Pompeii,5.539,3187
"[28, 35]",fr,Taxi 4,15.634,2007-02-10,Taxi 4,5.599,1203
"[27, 53, 18]",es,Trauma,13.888,2017-12-25,Trauma,5.661,109
"[27, 53, 9648]",en,The Last Exorcism,21.633,2010-08-27,The Last Exorcism,5.669,998
"[16, 14, 28, 10751, 27]",es,La leyenda del Charro Negro,15.388,2018-01-19,The Legend of the Black Charro,8.083,168
"[28, 80, 10749]",en,True Romance,19.13,1993-09-09,True Romance,7.5,2668
[10749],en,The Matchmaker's Playbook,15.157,2018-03-15,The Matchmaker's Playbook,7.212,59
"[18, 878, 12]",de,Bis ans Ende der Welt,21.38,1991-09-12,Until the End of the World,6.821,195
[18],en,I'm Not Ashamed,15.885,2016-10-21,I'm Not Ashamed,7.2,269
"[80, 18]",ta,வேட்டையன்,21.251,2024-10-09,Vettaiyan,0.0,0
"[28, 53]",en,Unstoppable,11.515,2004-10-20,Unstoppable,5.135,100
"[16, 27, 28]",en,Biohazard: Damnation,20.881,2012-09-25,Resident Evil: Damnation,6.877,875
"[12, 14]",en,King Kong,20.128,1976-09-08,King Kong,6.224,819
"[27, 53]",en,The Stepfather,15.13,2009-10-16,The Stepfather,5.829,853
"[28, 18, 36]",ja,乱,26.859,1985-06-01,Ran,8.1,1511
"[18, 36, 10752]",en,A Bridge Too Far,23.628,1977-06-15,A Bridge Too Far,7.213,801
[27],en,Night Shift,15.695,2018-09-07,Night Shift,5.593,27
"[35, 18, 10749]",en,"New York, I Love You",23.878,2008-09-06,"New York, I Love You",5.94,526
"[27, 53]",en,Traffik,11.502,2018-04-20,Traffik,6.147,440
"[37, 12]",de,Winnetou II,11.502,1964-09-17,Last of the Renegades,6.6,106
[10749],tl,Sugar Baby,17.276,2023-11-24,Sugar Baby,4.0,3
"[18, 36, 28]",en,Dragon: The Bruce Lee Story,17.624,1993-05-07,Dragon: The Bruce Lee Story,6.894,723
"[18, 14, 10749]",en,Your Name,13.124,,Your Name,0.0,0
"[9648, 14, 35, 12]",en,Scooby-Doo! Curse of the Lake Monster,20.126,2010-10-16,Scooby-Doo! Curse of the Lake Monster,6.144,501
"[12, 16, 35, 10751]",en,TMNT,22.876,2007-03-23,TMNT,6.132,1078
"[18, 10749]",ko,두 엄마,21.719,2017-08-01,Two Mothers,5.0,3
"[10751, 12, 10402, 16, 35]",en,Blue's Big City Adventure,16.651,2022-11-18,Blue's Big City Adventure,7.252,105
"[80, 18]",en,Blow,26.816,2001-04-04,Blow,7.368,4230
"[28, 878, 53]",te,డబుల్ ఇస్మార్ట్,19.128,2024-08-15,Double iSmart,5.667,3
[18],en,Raging Bull,12.873,1980-11-14,Raging Bull,7.9,4250
"[16, 10752, 28, 878]",en,Halo Legends,17.874,2010-02-16,Halo Legends,7.4,157
"[35, 28]",en,Bride Hard,11.485,2024-09-26,Bride Hard,0.0,0
"[35, 28]",en,Bride Hard,11.485,2024-09-26,Bride Hard,0.0,0
"[18, 10749]",en,Before Sunset,16.372,2004-06-16,Before Sunset,7.817,3318
"[14, 16, 18, 878]",ja,時をかける少女,17.123,2006-07-15,The Girl Who Leapt Through Time,7.783,1989
"[18, 10749]",en,The Wrestler,14.373,2008-09-07,The Wrestler,7.53,3572
"[35, 18]",en,28 Days,24.122,2000-04-06,28 Days,6.129,970
"[18, 10749]",ko,시누이의 맛,18.931,2020-06-10,Sister-in-law's Taste,6.9,16
"[18, 10749, 12]",it,Emanuelle nera,15.831,1975-11-27,Black Emanuelle,4.9,82
"[18, 53]",en,The Babysitter,14.871,1995-10-17,The Babysitter,5.206,158
"[28, 80, 18, 53]",en,Street Kings,22.621,2008-04-10,Street Kings,6.626,1459
"[12, 16, 10751, 28]",en,PAW Patrol: Mighty Pups,17.376,2018-10-04,PAW Patrol: Mighty Pups,7.5,571
"[28, 18, 878, 10770]",en,The Death of the Incredible Hulk,12.967,1990-02-18,The Death of the Incredible Hulk,5.5,95
[35],en,The Grand Seduction,14.621,2014-05-30,The Grand Seduction,6.65,306
[18],en,Kid Cannabis,11.467,2014-04-18,Kid Cannabis,6.328,160
"[18, 36]",pt,Amor Estranho Amor,26.755,1982-01-11,Love Strange Love,5.7,49
"[36, 18]",en,Lincoln,18.12,2012-11-09,Lincoln,6.857,3722
"[35, 18, 10749]",en,Annie Hall,15.117,1977-04-19,Annie Hall,7.747,3838
[16],ja,劇場版 黒子のバスケ LAST GAME,17.122,2017-03-18,Kuroko's Basketball the Movie: Last Game,7.7,116
"[18, 10749, 36]",en,The Other Boleyn Girl,17.367,2008-02-28,The Other Boleyn Girl,6.679,2006
"[37, 12]",en,Stagecoach,26.734,1939-03-03,Stagecoach,7.632,1088
"[28, 53]",en,Breakout,13.53,2023-04-11,Breakout,4.7,21
"[12, 16, 14, 10751]",en,The Little Prince,26.729,2015-07-29,The Little Prince,7.611,2759
"[28, 53]",en,Ransom,18.364,1996-11-08,Ransom,6.674,1806
"[53, 9648, 27]",lv,Upurga,12.474,2022-04-21,River of Fear,5.7,53
[],es,Femdom: Dominación Femenina,16.109,2017-10-06,Femdom:  Female Dominance,5.563,8
"[14, 35, 18]",en,The Cobbler,17.117,2014-09-11,The Cobbler,5.858,1635
[18],de,Antares,11.452,2004-12-03,Antares,6.0,62
"[28, 35, 10752]",en,Hot Shots! Part Deux,20.113,1993-05-21,Hot Shots! Part Deux,6.541,1814
"[14, 12, 16, 28]",ja,獣兵衛忍風帖,19.362,1993-06-05,Ninja Scroll,7.745,619
[27],en,The Deep House,18.877,2021-06-30,The Deep House,6.046,965
"[80, 18, 9648, 53]",en,The Pledge,21.613,2001-01-19,The Pledge,6.546,999
"[18, 36]",en,Air,21.647,2023-04-05,Air,7.348,1852
"[28, 53]",en,The Peacemaker,17.613,1997-09-26,The Peacemaker,6.051,984
[18],tl,La Querida,14.074,2023-02-10,La Querida,4.2,6
"[53, 27]",en,Demonic,13.866,2015-02-12,Demonic,5.3,479
"[27, 9648, 53]",en,Prom Night,11.447,1980-07-18,Prom Night,5.7,415
"[12, 18, 28, 10749]",en,"Greystoke: The Legend of Tarzan, Lord of the Apes",21.862,1984-03-30,"Greystoke: The Legend of Tarzan, Lord of the Apes",6.34,453
"[35, 27]",en,Club Dread,18.362,2004-02-27,Club Dread,5.215,361
[10749],ko,엄마친구 5,19.398,2018-08-24,Mom's Friend 5,6.0,1
"[80, 9648]",en,Dead Reckoning,11.44,1946-12-31,Dead Reckoning,6.7,133
"[18, 53, 28]",ja,バトル・ロワイアル,18.111,2000-12-16,Battle Royale,7.3,3332
"[18, 10749]",fr,Tendres Cousines,14.559,1980-11-19,Tender Cousins,5.877,65
"[18, 10749]",ko,남과 여,18.854,2016-02-25,A Man and a Woman,6.759,58
"[80, 18, 53]",cn,黑社會,11.435,2005-10-20,Election,7.1,243
"[18, 35, 10749]",ru,Москва слезам не верит,11.435,1979-02-11,Moscow Does Not Believe in Tears,7.6,240
"[53, 28, 12]",fr,Le Chant du loup,24.117,2019-02-20,The Wolf's Call,7.555,1949
"[18, 10749, 35]",en,Stepmom,22.359,1998-12-25,Stepmom,7.144,1400
"[18, 53, 9648]",en,Double Jeopardy,19.859,1999-09-24,Double Jeopardy,6.594,1301
"[10751, 28, 35]",en,My Spy,20.618,2020-01-09,My Spy,6.904,1209
"[12, 35]",en,Rat Race,18.359,2001-08-17,Rat Race,6.258,1755
"[27, 53]",en,30 Days of Night: Dark Days,19.36,2010-10-04,30 Days of Night: Dark Days,4.982,504
"[28, 16, 53]",ja,劇場版 BLEACH The DiamondDust Rebellion もう一つの氷輪丸,12.609,2007-12-22,Bleach the Movie: The DiamondDust Rebellion,6.8,162
"[18, 10749]",en,You Can Live Forever,20.43,2023-03-24,You Can Live Forever,6.512,43
"[35, 27, 878]",en,Critters 2,23.855,1988-04-29,Critters 2,6.089,425
[53],tl,The Escort Wife,16.619,2022-09-16,The Escort Wife,4.75,8
"[18, 53]",en,Foxcatcher,18.108,2014-11-14,Foxcatcher,6.657,2256
"[28, 16, 878]",ja,ドラゴンボール エピソード オブ バーダック,15.857,2011-12-17,Dragon Ball: Episode of Bardock,6.9,379
"[99, 27]",en,Living with Chucky,17.737,2022-08-13,Living with Chucky,6.8,37
"[10770, 12, 35, 10751]",en,The Thirteenth Year,19.604,1999-05-15,The Thirteenth Year,6.603,219
"[27, 53, 9648]",en,Siren,11.41,2016-12-02,Siren,6.0,262
"[35, 10749]",en,Hope Springs,11.853,2003-05-09,Hope Springs,5.255,145
"[35, 18, 10749]",en,Four Weddings and a Funeral,21.852,1994-03-09,Four Weddings and a Funeral,6.77,2639
"[28, 80, 53]",en,The Dead Pool,19.852,1988-07-13,The Dead Pool,6.3,820
"[28, 12, 18, 878]",ja,ゴジラvsメカゴジラ,11.407,1993-12-11,Godzilla vs. Mechagodzilla II,7.224,192
"[18, 10749]",en,Jane Eyre,11.406,1943-12-24,Jane Eyre,6.9,128
"[878, 28, 12, 53]",en,Push,22.853,2009-02-04,Push,6.151,2240
"[28, 80, 18]",en,Cradle 2 the Grave,23.602,2003-02-28,Cradle 2 the Grave,6.094,895
"[12, 14, 10770, 28, 10751]",en,Voyage of the Unicorn,11.403,2001-03-02,Voyage of the Unicorn,6.745,53
"[35, 80, 53, 27]",cn,滅門慘案II：借種,16.41,1994-01-01,Daughter of Darkness 2,5.4,20
"[12, 28, 35, 10749]",en,The Jewel of the Nile,18.349,1985-08-01,The Jewel of the Nile,6.224,1125
"[16, 35, 28, 10749]",ja,らんま½ 劇場版 中国寝崑崙大決戦!掟やぶりの激闘篇!!,15.349,1991-11-02,Ranma ½: The Movie — The Battle of Nekonron: The Fight to Break the Rules!,7.24,100
"[28, 18, 80]",ja,東京リベンジャーズ,18.863,2021-07-09,Tokyo Revengers,7.873,228
"[28, 80, 12, 53]",it,Il mio nome è vendetta,24.376,2022-11-30,My Name Is Vendetta,6.62,589
"[28, 27, 53]",en,The Legend of Johnny Jones,26.58,2024-10-03,The Legend of Johnny Jones,0.0,0
"[35, 10749]",en,Bride Wars,19.35,2009-01-09,Bride Wars,6.238,2984
[18],ko,맛,14.691,2014-01-16,Taste,7.0,3
[18],en,The Secret Path,16.117,1999-04-02,The Secret Path,6.7,9
"[12, 35, 80]",ru,Бриллиантовая рука,11.382,1969-05-23,The Diamond Arm,7.847,278
"[28, 80, 18]",en,The Pastor,19.829,2024-10-11,The Pastor,0.0,0
"[12, 878, 10751]",en,"20,000 Leagues Under the Sea",22.846,1954-12-23,"20,000 Leagues Under the Sea",7.041,866
"[10751, 16, 35, 9648]",en,Big Top Scooby-Doo!,23.097,2012-10-09,Big Top Scooby-Doo!,7.763,198
"[10749, 18, 9648]",en,Entrapment,25.344,1999-04-29,Entrapment,6.221,1974
"[14, 18, 10749]",de,Rubinrot,19.345,2013-03-14,Ruby Red,7.0,1096
"[80, 18, 9648]",en,The Outsider,16.848,2018-03-09,The Outsider,6.192,632
[99],en,Nude,16.977,2017-10-29,Nude,6.0,21
[18],en,Blue Chips,11.363,1994-02-18,Blue Chips,6.043,173
[27],ja,呪怨,21.842,2002-10-18,Ju-on: The Grudge,6.7,777
[10749],ko,옆집소녀,18.936,2017-03-21,The Girl Next Door,5.0,3
"[14, 18, 53]",zh,不能說的秘密,11.362,2007-07-27,Secret,7.564,173
"[18, 53]",en,Aftermath,13.346,2017-02-28,Aftermath,5.745,881
"[80, 18, 27, 9648, 53]",en,Horsemen,13.842,2009-02-06,Horsemen,5.875,540
"[16, 12, 14, 28]",ja,劇場版 HUNTER×HUNTER 緋色の幻影,16.093,2013-01-12,Hunter x Hunter: Phantom Rouge,7.1,181
"[80, 18]",en,Wild Is the Wind,23.156,2022-10-28,Wild Is the Wind,5.772,68
"[12, 14, 10749]",en,The Secret of Moonacre,15.341,2009-02-06,The Secret of Moonacre,6.503,438
"[28, 12, 80, 14, 10770]",en,Spider-Man: The Dragon's Challenge,11.354,1981-05-09,Spider-Man: The Dragon's Challenge,5.183,41
"[10751, 18]",en,I Believe,18.347,2019-06-06,I Believe,7.609,138
[35],en,The Rink,11.35,1916-12-04,The Rink,6.6,121
"[28, 35, 80]",ja,ザ・ファブル 殺さない殺し屋,12.659,2021-02-05,THE FABLE: The Killer Who Doesn't Kill,7.091,77
"[18, 878, 10749]",en,Nineteen Eighty-Four,19.836,1984-11-09,Nineteen Eighty-Four,6.816,1400
"[35, 10749]",en,John Tucker Must Die,19.838,2006-07-27,John Tucker Must Die,6.127,1353
"[9648, 18, 35]",en,Six Degrees of Separation,11.341,1993-12-08,Six Degrees of Separation,6.4,319
"[9648, 18, 35]",en,Six Degrees of Separation,11.341,1993-12-08,Six Degrees of Separation,6.4,319
[18],pt,"Promiscuidade, os Pivetes de Kátia",13.505,1984-04-30,"Promiscuity, the Street Kids of Katia",4.5,14
"[12, 28, 18]",ru,Дуэлянт,17.629,2016-09-29,The Duelist,6.253,93
"[28, 18, 36]",cn,葉問3,18.437,2015-12-24,Ip Man 3,7.012,1706
"[35, 18]",fr,Paradis Paris,11.333,2024-06-12,Dear Paris,5.944,9
"[878, 10749]",en,Emmanuelle in Space 4: Concealed Fantasy,17.723,1994-09-27,Emmanuelle in Space 4: Concealed Fantasy,5.6,13
"[28, 12]",cn,十二生肖,21.085,2012-12-20,Chinese Zodiac,6.176,798
"[878, 12, 28, 35, 10751]",en,Teenage Mutant Ninja Turtles II: The Secret of the Ooze,22.582,1991-03-22,Teenage Mutant Ninja Turtles II: The Secret of the Ooze,6.159,1115
[14],en,Blade,22.134,2025-11-05,Blade,0.0,0
"[10751, 16, 12]",en,The Jungle Book 2,19.833,2003-02-07,The Jungle Book 2,5.9,1121
"[18, 36, 10749]",en,Caravaggio,11.325,1986-08-29,Caravaggio,6.165,139
"[18, 80, 53]",en,We Own the Night,15.083,2007-10-12,We Own the Night,6.695,1340
"[53, 12]",en,The Dive,26.419,2023-08-24,The Dive,6.403,185
[18],en,90 Minutes in Heaven,14.086,2015-09-11,90 Minutes in Heaven,6.01,155
"[80, 28, 53]",en,Dragged Across Concrete,23.588,2018-09-03,Dragged Across Concrete,6.6,969
[27],en,Frankenstein Meets the Wolf Man,11.318,1943-03-05,Frankenstein Meets the Wolf Man,6.216,194
"[35, 18]",sv,Tack och förlåt,26.408,2023-12-26,"Thank You, I'm Sorry",5.729,24
"[53, 14, 80, 27]",en,Skinford: Chapter 2,11.647,2018-11-21,Skinford: Chapter 2,4.5,2
"[28, 27]",en,Tremors: Shrieker Island,21.841,2020-10-20,Tremors: Shrieker Island,6.129,202
"[16, 18, 9648]",ja,クラユカバ,16.22,2024-04-12,Kurayukaba,7.0,1
"[35, 14, 10751, 10770]",en,You Wish!,18.837,2003-01-10,You Wish!,5.731,52
"[35, 10749]",de,Der Frühreifen-Report,18.836,1973-08-16,14 and Under,5.8,37
"[18, 27, 53]",en,The Woman in Black,18.831,2012-02-03,The Woman in Black,6.135,3407
[35],en,Napoleon Dynamite,18.83,2004-06-11,Napoleon Dynamite,6.772,1846
"[80, 18, 9648]",en,Anatomy of a Murder,18.83,1959-01-07,Anatomy of a Murder,7.829,947
"[28, 18, 53, 80]",en,Sabotage,18.829,2014-03-28,Sabotage,5.589,1391
"[53, 18, 27]",it,Gola profonda nera,18.828,1977-02-17,Black Deep Throat,3.3,11
"[12, 28, 14]",en,Pirates of the Caribbean: Tales of the Code: Wedlocked,18.826,2011-10-18,Pirates of the Caribbean: Tales of the Code: Wedlocked,6.8,83
[99],en,X-Men: The Mutant Watch,18.821,2000-07-02,X-Men: The Mutant Watch,6.998,215
"[18, 10749]",it,Tre metri sopra il cielo,18.82,2004-03-12,Three Steps Over Heaven,5.731,680
"[18, 28, 53]",en,SAS: Red Notice,18.819,2021-08-11,SAS: Red Notice,5.806,520
"[35, 80]",en,The Hustle,18.815,2019-05-09,The Hustle,6.193,2456
"[35, 18, 10751]",en,Uncle Buck,18.815,1989-08-16,Uncle Buck,6.787,1156
"[27, 53]",en,Leatherface,18.814,2017-09-14,Leatherface,5.6,1292
"[53, 28]",en,All the Old Knives,18.814,2022-04-08,All the Old Knives,6.013,526
"[28, 18, 10752]",en,Letters from Iwo Jima,18.814,2006-12-09,Letters from Iwo Jima,7.472,2018
"[18, 53]",en,The Guilty,18.813,2021-09-24,The Guilty,6.424,2603
"[18, 28, 53, 80]",cn,暗戰,18.812,1999-09-23,Running Out of Time,7.267,144
"[12, 16]",ja,遊☆戯☆王 THE DARK SIDE OF DIMENSIONS,18.811,2016-04-23,Yu-Gi-Oh!: The Dark Side of Dimensions,7.589,425
[],zh,動物感傷の清晨,18.806,2023-10-13,In the Morning of La Petite Mort,0.0,0
"[12, 14, 28]",en,Conan the Destroyer,19.321,1984-06-29,Conan the Destroyer,6.098,1456
"[18, 9648, 10749, 10770]",en,The Secret Sex Life of a Single Mom,13.985,2014-05-31,The Secret Sex Life of a Single Mom,4.9,22
"[18, 35, 80]",en,Madea's Witness Protection,18.804,2012-06-29,Madea's Witness Protection,6.096,172
[37],en,Pat Garrett & Billy the Kid,15.071,1973-05-23,Pat Garrett & Billy the Kid,7.186,392
"[18, 28, 53, 80]",en,The Siege,16.821,1998-11-06,The Siege,6.305,1305
"[10749, 18]",fr,Été 85,18.798,2020-07-14,Summer of 85,7.371,812
"[28, 16, 35]",ja,ワンピース ストロングワールド Episode 0,14.252,2010-04-24,One Piece: Strong World Episode 0,7.3,81
"[53, 80, 28]",en,Canary Black,18.794,2024-10-10,Canary Black,0.0,0
[18],ja,富美子の足,14.196,2018-02-10,Fumiko's Legs,4.0,4
"[28, 80, 53]",en,Exit Wounds,20.57,2001-03-16,Exit Wounds,5.727,470
"[35, 10749]",es,Donde caben dos,16.835,2021-07-30,More the Merrier,6.695,426
"[28, 53, 80]",en,Fortress,18.792,2021-12-17,Fortress,5.783,330
[18],en,Carmen,11.735,2023-04-21,Carmen,6.1,46
"[18, 80]",en,Miss Sloane,18.789,2016-11-25,Miss Sloane,7.4,1778
"[28, 16, 12, 14]",ja,犬夜叉 時代を越える想い,15.569,2001-12-15,Inuyasha the Movie: Affections Touching Across Time,7.6,181
"[35, 18, 10749]",en,Fools Rush In,14.318,1997-02-14,Fools Rush In,6.417,539
"[35, 10749]",pl,"Zabij mnie, kochanie",26.302,2024-02-13,Kill Me If You Dare,5.5,85
"[18, 10749]",it,Quella età maliziosa,18.787,1975-03-11,That Malicious Age,6.55,70
"[28, 27]",en,Day of the Dead: Bloodline,18.786,2017-12-29,Day of the Dead: Bloodline,4.7,608
[18],fr,La marge,18.785,1976-09-22,The Margin,5.9,31
"[35, 10751]",en,Diary of a Wimpy Kid: The Long Haul,18.574,2017-05-19,Diary of a Wimpy Kid: The Long Haul,5.314,467
[18],tl,Sila Ay Akin,16.614,2023-10-27,They Are Mine,5.2,8
"[10749, 18, 35]",en,Shortbus,25.319,2006-10-04,Shortbus,6.284,502
[99],en,Minecraft: Into the Nether,13.53,2015-01-27,Minecraft: Into the Nether,7.9,7
[27],fr,À l'intérieur,18.772,2007-06-13,Inside,6.7,801
"[16, 35, 10751, 14]",en,Ciao Alberto,16.833,2021-11-11,Ciao Alberto,7.416,655
"[53, 9648]",en,Red Eye,17.817,2005-08-19,Red Eye,6.4,2153
[18],en,Bird,11.26,2024-11-08,Bird,0.0,0
"[53, 878, 18, 27]",en,Seconds,11.26,1966-10-05,Seconds,7.3,345
[35],ru,Тайное влечение,13.65,2024-02-13,Secret Passion,0.0,0
"[37, 12]",de,Winnetou 1,11.258,1963-12-11,Apache Gold,6.9,146
"[12, 35, 18]",en,The Peanut Butter Falcon,15.573,2019-08-09,The Peanut Butter Falcon,7.401,1359
"[27, 53, 9648]",en,Haunting of the Queen Mary,21.608,2023-07-19,Haunting of the Queen Mary,5.155,145
[18],en,Boyhood,15.817,2014-06-05,Boyhood,7.503,5098
"[18, 53, 80, 10749]",en,Match Point,15.814,2005-10-26,Match Point,7.361,4005
"[53, 80]",en,Dial M for Murder,16.814,1954-05-29,Dial M for Murder,8.015,2552
"[27, 878]",en,The Thaw,15.064,2009-08-30,The Thaw,5.689,304
"[18, 36]",en,Wilde,11.248,1997-09-01,Wilde,6.6,270
"[53, 27]",es,[REC]⁴: Apocalipsis,16.566,2014-10-31,[REC]⁴ Apocalypse,5.57,1120
"[18, 53]",en,Thirteen Lives,17.584,2022-07-18,Thirteen Lives,7.901,1227
"[80, 18]",en,Ang Lihim Ni Antonio,18.742,2008-02-13,Antonio's Secret,5.412,17
"[16, 18, 12, 878]",ja,永遠の831,18.741,2022-03-18,Eternal 831,4.8,10
[53],fr,Inexorable,18.733,2022-03-31,Inexorable,6.0,71
"[28, 53]",en,Raven,18.732,1996-12-11,Raven,4.692,13
"[14, 10749]",ru,Он - дракон,18.729,2015-12-03,I Am Dragon,7.215,365
"[18, 28, 16, 27]",ja,東京喰種トーキョーグール【PINTO】,18.723,2015-12-25,Tokyo Ghoul: Pinto,7.4,78
[18],zh,清宫性史3之名妓风流,18.722,2002-01-01,清宫性史3之名妓风流,0.0,0
"[18, 80]",en,The Place Beyond the Pines,18.722,2013-03-20,The Place Beyond the Pines,6.97,4769
"[28, 12, 53]",kn,Kantara,18.721,2022-09-30,Kantara,7.1,87
"[878, 53]",en,Level 16,18.72,2018-02-20,Level 16,6.757,637
"[28, 80]",cn,猛龍過江,18.72,1972-12-30,The Way of the Dragon,7.379,1114
"[18, 27]",en,The Woman,18.717,2011-10-14,The Woman,6.026,521
"[16, 14]",ja,劇場版 遊☆戯☆王 ～超融合！時空を越えた絆～,18.716,2010-01-23,Yu-Gi-Oh!: Bonds Beyond Time,6.488,124
"[27, 53]",en,Haunt,18.714,2019-09-13,Haunt,6.687,1192
"[10749, 18, 53, 80]",en,The Next Three Days,18.711,2010-11-18,The Next Three Days,7.079,2818
"[18, 10749]",ko,가자! 장미여관으로,18.708,2013-08-14,Let's Go To Rose Motel,4.0,1
"[18, 36, 10752]",en,The Bridge on the River Kwai,18.705,1957-10-11,The Bridge on the River Kwai,7.831,2057
"[878, 18, 53, 12]",en,Stowaway,18.704,2021-06-24,Stowaway,5.985,507
"[18, 35]",es,Tótem,18.703,2023-09-07,Tótem,6.8,55
"[12, 35, 18]",en,A Walk in the Woods,18.703,2015-09-02,A Walk in the Woods,6.093,686
"[12, 35, 18]",en,A Walk in the Woods,13.81,2015-09-02,A Walk in the Woods,6.093,686
"[27, 878]",da,Reptilicus,11.222,1961-02-20,Reptilicus,3.599,96
"[18, 9648, 53]",en,The Little Girl Who Lives Down the Lane,11.22,1976-12-25,The Little Girl Who Lives Down the Lane,7.0,307
"[28, 12, 878, 53]",en,Futureworld,22.305,1976-08-13,Futureworld,5.922,306
"[28, 80, 18]",zh,军火大劫案,19.316,2022-04-09,The Great Arms Robbery,6.578,58
"[35, 28]",en,Return to the Batcave: The Misadventures of Adam and Burt,11.217,2003-03-09,Return to the Batcave: The Misadventures of Adam and Burt,5.7,46
"[99, 36]",en,Beyond Utopia,17.66,2023-10-23,Beyond Utopia,8.029,35
"[35, 10749]",en,Crushed,26.17,2022-04-01,Crushed,3.2,4
"[10751, 12, 14]",et,Erik Kivisüda,12.852,2022-12-05,Erik Stoneheart,5.9,9
"[10752, 28, 53]",en,Ambush,15.317,2023-02-24,Ambush,6.39,91
"[18, 36, 10749]",en,Quo Vadis,15.804,1951-11-08,Quo Vadis,7.088,397
"[53, 878, 27]",en,The Swarm,11.803,1978-07-14,The Swarm,4.9,163
"[12, 35, 14]",en,Candy,15.254,1968-12-17,Candy,5.162,65
"[28, 35, 53, 9648]",en,Skiptrace,16.058,2016-07-21,Skiptrace,5.692,671
"[18, 10770]",en,12 Angry Men,19.553,1997-08-17,12 Angry Men,7.653,354
"[10749, 14]",en,Every Day,20.309,2018-02-22,Every Day,7.235,2189
[35],en,Back to School,18.051,1986-06-13,Back to School,6.335,424
"[28, 12, 18]",zh,峰爆,18.567,2021-09-11,Cloudy Mountain,7.395,214
"[16, 10751, 35, 14]",en,Once Upon a Snowman,19.563,2020-10-23,Once Upon a Snowman,6.94,523
"[28, 53, 18]",en,Collateral Damage,19.552,2002-02-06,Collateral Damage,5.761,1349
"[10751, 28, 12, 35]",en,Speed Racer,18.802,2008-05-07,Speed Racer,6.279,1526
"[80, 18, 53]",en,Road to Perdition,16.301,2002-07-12,Road to Perdition,7.356,3563
"[35, 10749]",en,Overboard,19.799,1987-12-16,Overboard,6.845,831
"[14, 16]",en,Monster High: Why Do Ghouls Fall in Love?,17.802,2012-02-12,Monster High: Why Do Ghouls Fall in Love?,7.981,161
"[18, 36]",en,NYAD,16.355,2023-10-18,NYAD,7.099,425
"[18, 10402, 10749, 35]",en,We Are Your Friends,16.054,2015-08-26,We Are Your Friends,6.769,2307
"[53, 28]",fr,Roqya,15.74,2024-05-15,Hood Witch,6.3,10
[27],en,The Banishing,11.813,2021-04-29,The Banishing,5.2,132
"[28, 18, 53]",en,Road of No Return,11.195,2009-11-10,Road of No Return,5.941,93
"[10770, 53]",en,How to Murder Your Husband: The Nancy Brophy Story,13.528,2023-01-14,How to Murder Your Husband: The Nancy Brophy Story,6.133,15
"[28, 80, 53]",en,The Silent Hour,26.118,2024-10-03,The Silent Hour,0.0,0
"[27, 53, 18]",es,Cerdita,19.824,2022-10-07,Piggy,6.6,584
"[80, 28, 18]",en,Clean,17.067,2022-01-28,Clean,6.289,351
"[10751, 35]",en,102 Dalmatians,19.299,2000-10-07,102 Dalmatians,5.5,1338
"[10751, 12, 35, 10749]",en,Are We There Yet?,26.109,2005-01-20,Are We There Yet?,5.633,956
[27],en,The Hills Have Eyes,21.547,1977-07-22,The Hills Have Eyes,6.15,866
"[18, 878, 53]",en,Sunshine,20.299,2007-04-05,Sunshine,6.959,3718
"[28, 27, 14, 878]",ja,ゴジラvsビオランテ,18.547,1989-12-16,Godzilla vs. Biollante,7.4,237
"[35, 10751]",en,Diary of a Wimpy Kid: Dog Days,21.799,2012-08-02,Diary of a Wimpy Kid: Dog Days,6.305,943
"[53, 27]",fr,La Damnée,26.092,2024-10-02,The Damned,0.0,0
"[53, 27]",fr,La Damnée,26.092,2024-10-02,The Damned,0.0,0
"[18, 80, 36]",en,Black Mass,18.301,2015-09-17,Black Mass,6.511,3297
"[18, 10751, 14, 10770]",en,Twitches Too,13.547,2007-10-12,Twitches Too,6.729,339
"[12, 10749, 10752]",en,To Have and Have Not,11.181,1945-01-20,To Have and Have Not,7.463,507
"[28, 16, 14, 18]",ja,劇場版 BLEACH Fade to Black 君の名を呼ぶ,17.047,2008-12-13,Bleach the Movie: Fade to Black,7.117,166
"[35, 10749, 18, 10751]",en,What a Girl Wants,19.296,2003-03-27,What a Girl Wants,6.257,1593
"[53, 18, 28]",en,Snitch,24.048,2013-02-21,Snitch,6.1,2317
"[18, 10749]",hi,Raja Hindustani,19.064,1996-11-15,Raja Hindustani,6.398,59
"[16, 27, 12, 35, 10751]",es,La Leyenda de las Momias de Guanajuato,20.797,2014-10-30,Legend Quest: The Legend of the Guanajuato Mummies,8.032,140
"[16, 12, 14, 35]",ru,Мальчик-дельфин,15.723,2022-04-07,Dolphin Boy,6.5,72
"[35, 10751]",en,Blank Check,20.042,1994-02-11,Blank Check,5.895,484
"[28, 878, 80]",es,Control Zeta,18.169,2023-04-27,Control Zeta,3.0,3
"[53, 80, 18]",en,Promising Young Woman,16.804,2020-12-13,Promising Young Woman,7.437,3166
[35],en,The Change-Up,19.044,2011-08-05,The Change-Up,6.155,2712
[27],en,The Devil's Chair,11.164,2007-09-12,The Devil's Chair,4.1,60
"[18, 10749]",en,P.S. I Love You,16.293,2007-11-15,P.S. I Love You,7.199,3264
[99],zh,世界最高峰的情妇河北彩花为您服务到骨髓的3天SONE-118,18.425,2024-03-27,世界最高峰的情妇河北彩花为您服务到骨髓的3天SONE-118,6.0,1
[99],en,Lost in La Mancha,11.163,2002-02-11,Lost in La Mancha,7.0,212
[35],en,Road Trip: Beer Pong,13.793,2009-08-11,Road Trip: Beer Pong,5.377,207
"[16, 28, 12, 878]",ja,ドラゴンボール オッス!帰ってきた孫悟空と仲間たち!!,13.792,2008-09-21,Dragon Ball: Yo! Son Goku and His Friends Return!!,6.369,510
"[18, 53]",en,In the Bedroom,18.597,2001-11-23,In the Bedroom,6.9,341
"[12, 10751, 10749]",ru,Волшебная лампа Аладдина,18.596,1967-12-30,Aladdin and His Magic Lamp,6.3,15
[27],en,House of 1000 Corpses,18.596,2003-04-11,House of 1000 Corpses,6.2,1571
"[80, 18]",en,The Mule,18.594,2018-12-14,The Mule,6.847,4885
"[878, 53, 9648, 27]",en,Don't Let Go,18.592,2019-08-30,Don't Let Go,6.855,373
"[10749, 53, 80]",ja,蛇にピアス,18.591,2008-09-20,Snakes and Earrings,6.4,35
"[18, 53, 27]",en,The Reflecting Skin,18.591,1990-08-28,The Reflecting Skin,6.684,188
"[35, 27, 14]",en,Leprechaun 2,18.588,1994-04-08,Leprechaun 2,5.541,316
[27],en,The Pyramid,18.586,2014-12-04,The Pyramid,5.321,1039
[18],ja,東京ディープスロート夫人,18.584,1975-12-05,Deep Throat in Tokyo,3.9,5
"[80, 53]",en,Child 44,18.579,2015-03-15,Child 44,6.277,1625
"[35, 18]",en,Frances Ha,18.577,2013-05-17,Frances Ha,7.392,1575
[18],en,An Adventure in Space and Time,18.573,2013-11-21,An Adventure in Space and Time,7.7,195
"[35, 18]",en,"To Wong Foo, Thanks for Everything! Julie Newmar",18.569,1995-09-07,"To Wong Foo, Thanks for Everything! Julie Newmar",7.317,642
"[27, 28, 16, 18]",ja,東京喰種トーキョーグール【JACK】,18.568,2015-09-05,Tokyo Ghoul: Jack,7.7,81
"[18, 53]",en,Topaz,18.567,1969-12-17,Topaz,6.0,372
"[35, 10749]",en,Emma.,18.564,2020-02-13,Emma.,7.044,1692
[27],en,Prince of Darkness,18.563,1987-10-23,Prince of Darkness,6.794,981
"[28, 12, 35, 10749]",en,Bird on a Wire,18.562,1990-05-18,Bird on a Wire,6.21,914
"[18, 35]",es,"Patricia, Una Pasión Escondida",18.558,2020-01-21,"Patricia, A Hidden Passion",5.865,37
"[12, 16, 35, 10751, 14]",fr,Un monstre à Paris,20.786,2011-10-12,A Monster in Paris,6.86,1235
"[18, 36, 53]",es,La trinchera infinita,25.976,2019-10-31,The Endless Trench,6.86,239
[27],it,...E tu vivrai nel terrore! L'aldilà,17.033,1981-04-29,The Beyond,6.9,564
"[878, 12]",ru,Вратарь Галактики,20.294,2020-08-27,Cosmoball,6.376,226
"[18, 10749, 35]",en,EverAfter,20.283,1998-07-31,EverAfter,7.4,1427
"[10749, 28, 35, 80]",cn,快餐車,18.532,1984-08-17,Wheels on Meals,6.9,375
"[10402, 16, 10751, 14]",en,Strange Magic,18.536,2015-01-23,Strange Magic,7.098,482
"[27, 18, 53]",en,The Shallows,17.287,2016-06-24,The Shallows,6.351,5011
[18],en,The Color Purple,19.1,2023-12-25,The Color Purple,7.089,252
[35],cn,3D 豪情,22.205,2014-03-25,Naked Ambition 3D,5.2,39
"[10752, 36, 12]",en,War Horse,19.034,2011-12-25,War Horse,7.313,3362
[99],en,The Mission,25.952,2023-10-13,The Mission,7.1,11
"[18, 53]",en,Seven Days in May,11.122,1964-02-01,Seven Days in May,7.238,185
[18],en,The Babysitters,23.033,2008-05-09,The Babysitters,5.99,478
"[16, 28, 12, 27]",en,Constantine: The House of Mystery,18.051,2022-05-02,Constantine: The House of Mystery,6.8,144
"[35, 10751]",en,Problem Child 2,16.53,1991-07-03,Problem Child 2,5.862,594
"[35, 10749]",en,That Awkward Moment,13.533,2014-01-29,That Awkward Moment,6.149,2612
"[27, 53]",en,Dear David,19.514,2023-10-13,Dear David,4.652,56
"[12, 28, 35, 53, 80]",en,Lethal Weapon 3,23.779,1992-05-15,Lethal Weapon 3,6.701,2853
"[16, 35, 10751, 9648]",en,Scooby-Doo! Camp Scare,15.53,2010-09-14,Scooby-Doo! Camp Scare,7.886,294
"[27, 9648, 53]",en,Psycho,19.529,1998-12-04,Psycho,5.14,954
"[16, 35, 10751]",en,Marcel the Shell with Shoes On,21.801,2022-06-24,Marcel the Shell with Shoes On,7.669,525
"[28, 35, 878]",en,Monster Trucks,22.034,2016-12-21,Monster Trucks,6.109,838
"[18, 36, 53]",pl,Jack Strong,11.11,2014-02-07,Jack Strong,6.453,117
"[14, 28, 12]",en,The Librarian: Return to King Solomon's Mines,16.778,2006-09-09,The Librarian: Return to King Solomon's Mines,6.254,563
"[27, 9648, 53, 80, 18]",en,Abandoned,14.548,2022-06-17,Abandoned,6.0,265
"[16, 878, 28, 18]",ja,ヱヴァンゲリヲン新劇場版:Q,21.529,2012-11-17,Evangelion: 3.0 You Can (Not) Redo,7.216,806
"[28, 80, 53]",en,Cobra,20.526,1986-01-01,Cobra,6.104,1728
[35],en,Anchorman: The Legend of Ron Burgundy,22.027,2004-06-28,Anchorman: The Legend of Ron Burgundy,6.711,4099
"[10749, 35, 80]",en,Out of Sight,25.277,1998-06-26,Out of Sight,6.674,1233
"[27, 9648, 53]",en,AfterDeath,11.101,2015-10-19,AfterDeath,4.343,67
"[12, 16, 10751, 14]",en,James and the Giant Peach,19.275,1996-04-12,James and the Giant Peach,6.559,1295
"[18, 36]",en,The Post,18.782,2017-12-22,The Post,7.008,4530
"[27, 53, 18]",fr,Le couteau sous la gorge,25.897,1986-06-18,Knife Under the Throat,3.8,16
"[16, 10751]",en,"Snoopy Presents: It's the Small Things, Charlie Brown",16.365,2022-04-14,"Snoopy Presents: It's the Small Things, Charlie Brown",7.3,44
"[9648, 53, 27]",en,Nocebo,14.801,2022-11-03,Nocebo,6.115,143
"[35, 10749, 18]",en,People Will Talk,11.096,1951-08-29,People Will Talk,7.099,86
"[80, 18]",en,Requiem for a Dream,14.762,2000-10-06,Requiem for a Dream,8.017,9835
"[35, 10749, 18]",en,Father of the Bride,11.091,1950-05-18,Father of the Bride,7.0,199
"[18, 53]",es,El silencio de la ciudad blanca,25.872,2019-10-25,Twin Murders: The Silence of the White City,5.629,318
"[18, 53]",es,El silencio de la ciudad blanca,18.48,2019-10-25,Twin Murders: The Silence of the White City,5.629,318
"[27, 53]",id,Kuasa Gelap,18.477,2024-10-03,Dominion of Darkness,0.0,0
"[12, 14, 16, 35, 878]",en,Monkeybone,18.476,2001-02-23,Monkeybone,5.115,318
"[28, 12, 35, 10751, 80]",en,Kangaroo Jack,18.474,2003-01-17,Kangaroo Jack,5.296,908
"[53, 9648, 12]",en,A Perfect Getaway,18.473,2009-06-08,A Perfect Getaway,6.335,1240
"[878, 28]",en,Class of 1999,18.468,1990-04-01,Class of 1999,6.029,227
"[18, 10749]",en,Love in the Time of Cholera,18.465,2007-10-04,Love in the Time of Cholera,6.62,372
"[18, 10749]",tl,Kabit,18.462,2024-02-23,Kabit,4.8,2
"[18, 53]",en,Guilty by Suspicion,18.461,1991-03-15,Guilty by Suspicion,6.481,158
"[35, 10402]",en,The Cocoanuts,18.461,1929-05-23,The Cocoanuts,6.5,109
"[10749, 35]",fr,Qu'est-ce qu'on a tous fait au Bon Dieu ?,18.457,2021-12-21,Serial (Bad) Weddings 3,6.266,355
"[28, 18, 36, 10752]",hi,केसरी,18.456,2019-03-21,Kesari,7.0,98
"[18, 80]",en,Rounders,18.456,1998-09-11,Rounders,7.007,1700
"[10402, 35]",en,There's No Business Like Show Business,18.454,1954-12-16,There's No Business Like Show Business,6.0,94
"[28, 80, 18, 36, 53]",en,Patriots Day,18.45,2016-12-12,Patriots Day,7.055,2574
[18],en,Hitchcock,18.448,2012-11-22,Hitchcock,6.6,1486
[10749],ko,젊은 엄마 친구,18.447,2018-09-28,Young Mother's Friend,1.0,1
[878],en,Alien: Covenant - Prologue: Last Supper,18.446,2017-02-22,Alien: Covenant - Prologue: Last Supper,6.07,114
"[878, 16]",en,Wonder Woman: Bloodlines,18.444,2019-10-04,Wonder Woman: Bloodlines,6.901,468
"[35, 878, 14]",ja,リバー、流れないでよ,18.443,2023-06-23,River,7.1,35
"[16, 14, 27]",ja,バンパイアハンターD,17.516,1985-12-21,Vampire Hunter D,6.588,468
[27],en,Isabelle,25.815,2019-05-24,Isabelle,5.111,131
"[35, 80]",en,Jawbreaker,14.267,1999-01-30,Jawbreaker,6.3,519
"[53, 10749, 12]",en,Adrift,18.273,2018-05-31,Adrift,6.851,2545
"[53, 18, 80]",en,Perfect Sisters,11.062,2014-04-08,Perfect Sisters,5.82,244
"[37, 80, 18]",en,Hell or High Water,15.77,2016-08-11,Hell or High Water,7.296,4384
"[28, 18, 53]",en,Earthquake,13.765,1974-11-15,Earthquake,6.106,315
"[14, 12, 16, 35, 10751]",en,The Ant Bully,21.267,2006-07-28,The Ant Bully,5.729,1350
"[18, 36]",en,Malcolm X,18.015,1992-11-18,Malcolm X,7.535,1616
[18],zh,怨女,20.664,1988-03-26,Rouge of the North,5.2,5
"[878, 18]",en,We Are Animals,20.657,2013-06-28,We Are Animals,6.0,13
"[27, 18]",en,Hypochondriac,11.823,2022-03-14,Hypochondriac,5.167,18
"[35, 18]",en,Next Goal Wins,18.074,2023-11-16,Next Goal Wins,6.427,423
"[18, 10751]",fr,Oscar et la dame rose,16.635,2009-11-15,Oscar and the Lady in Pink,6.5,79
"[18, 36]",en,Creation,15.015,2009-09-25,Creation,6.441,220
"[35, 10749, 18, 10751, 10402]",en,High School Musical 3: Senior Year,17.514,2008-10-11,High School Musical 3: Senior Year,6.563,3423
"[35, 10751]",en,Mr. Popper's Penguins,14.765,2011-06-17,Mr. Popper's Penguins,5.955,2897
[27],en,The Exorcism of Molly Hartley,13.767,2015-10-09,The Exorcism of Molly Hartley,5.0,204
[18],en,Girl in the Box,19.767,2016-09-10,Girl in the Box,6.7,132
"[16, 10751, 10770]",en,Ice Age: A Mammoth Christmas,16.764,2011-11-24,Ice Age: A Mammoth Christmas,6.454,632
"[16, 10751, 10770]",en,Ice Age: A Mammoth Christmas,18.409,2011-11-24,Ice Age: A Mammoth Christmas,6.454,632
"[28, 18, 878, 53]",en,Outbreak,18.409,1995-03-10,Outbreak,6.552,2218
"[35, 27, 10749, 10752]",id,Kang Mak (from Pee Mak),18.408,2024-08-15,Kang Mak (from Pee Mak),7.6,5
"[18, 35, 28]",zh,热辣滚烫,18.404,2024-02-10,Yolo,6.155,58
"[18, 53]",en,The Royal Hotel,18.404,2023-10-06,The Royal Hotel,5.295,149
"[27, 9648]",en,Messiah of Evil,18.403,1974-12-11,Messiah of Evil,6.19,129
"[35, 18, 36]",en,Jakob the Liar,18.4,1999-09-16,Jakob the Liar,6.692,360
"[18, 10749]",tl,Pilya,18.399,2024-09-14,Pilya,0.0,0
"[12, 35, 10751, 14]",en,Christopher Robin,18.399,2018-08-01,Christopher Robin,7.314,2684
"[28, 12, 53]",en,The Price of Money: A Largo Winch Adventure,18.398,2024-07-31,The Price of Money: A Largo Winch Adventure,5.962,13
"[10749, 35]",tl,Totoy Mola,18.398,1997-01-01,Totoy Mola,5.7,5
"[10752, 18, 28, 36]",en,Windtalkers,18.397,2002-06-14,Windtalkers,6.296,1249
"[53, 27]",en,High Heel Homicide,18.396,2017-06-20,High Heel Homicide,5.4,29
"[12, 35, 10749]",en,National Lampoon's European Vacation,18.395,1985-07-25,National Lampoon's European Vacation,6.176,849
"[12, 35, 27]",jv,Sekawan Limo,18.391,2024-07-04,Sekawan Limo,7.0,4
"[80, 18, 10749]",en,Jamesy Boy,18.391,2014-01-03,Jamesy Boy,6.392,157
"[28, 53]",en,The Last Boy Scout,18.39,1991-12-13,The Last Boy Scout,6.811,1859
"[878, 28]",en,Independence Daysaster,18.389,2013-06-27,Independence Daysaster,4.468,79
"[35, 10749]",en,The Heartbreak Kid,18.389,2007-10-05,The Heartbreak Kid,5.7,1581
"[35, 80, 18]",en,Born to Win,18.385,1971-12-01,Born to Win,5.382,35
"[35, 28, 10751]",fr,Super-héros malgré lui,25.736,2022-02-02,Superwho?,6.355,490
"[28, 80, 18, 53]",en,Mobsters,11.028,1991-07-26,Mobsters,6.2,171
"[18, 10749, 10752]",en,A Farewell to Arms,11.026,1932-12-08,A Farewell to Arms,6.168,134
"[27, 35]",pt,The Amityville Exploitation,14.113,2024-09-29,The Amityville Exploitation,0.0,0
"[80, 18, 9648]",ta,ஜெய் பீம்,18.374,2021-11-02,Jai Bhim,7.5,147
"[80, 35, 18]",en,BlacKkKlansman,18.372,2018-08-09,BlacKkKlansman,7.51,7448
"[28, 80, 18]",cn,葉問外傳：張天志,22.014,2018-12-20,Master Z: Ip Man Legacy,6.465,523
"[878, 28, 12, 53]",en,Star Trek VI: The Undiscovered Country,13.879,1991-12-06,Star Trek VI: The Undiscovered Country,7.005,1248
[10749],ko,젊은장모,18.37,2018-03-09,Young Mother-in-Law,5.9,4
[18],ja,モーニング・ムーンは粗雑に,18.815,1981-06-21,Morning Moon Is Cruel,3.0,2
"[80, 27, 53]",fr,Le Mangeur d'âmes,16.578,2024-04-24,The Soul Eater,5.967,15
"[27, 53]",en,Fresh,16.525,2022-03-03,Fresh,6.974,1537
[37],en,A Tale of Two Guns,22.333,2022-02-17,A Tale of Two Guns,6.0,27
"[53, 14, 28, 35]",en,The Medallion,23.755,2003-08-15,The Medallion,5.588,1068
"[16, 10751]",en,Cat Pack: A PAW Patrol Exclusive Event,18.357,2022-06-24,Cat Pack: A PAW Patrol Exclusive Event,7.4,76
"[878, 53, 18, 12, 35]",en,The Kitchen,13.308,2023-10-15,The Kitchen,4.8,151
"[10751, 16, 12, 35, 80]",ja,ルパン三世 カリオストロの城,21.253,1979-07-06,Lupin the Third: The Castle of Cagliostro,7.539,1008
"[16, 35, 878, 10770]",en,South Park: Joining the Panderverse,18.349,2023-10-28,South Park: Joining the Panderverse,7.772,193
"[27, 9648]",en,Urban Legend,19.003,1998-09-25,Urban Legend,5.7,1270
[18],en,Origin,15.546,2023-12-08,Origin,6.707,41
[37],en,3:10 to Yuma,15.003,2007-09-06,3:10 to Yuma,7.206,3528
"[28, 12, 878]",en,Mount Adams,13.096,2021-07-21,Mount Adams,6.045,11
"[18, 10402, 99]",en,Milli Vanilli,14.55,2023-06-10,Milli Vanilli,7.238,42
"[35, 18]",en,Barbershop,20.251,2002-04-01,Barbershop,6.386,456
"[27, 9648]",pl,Ostatnia wieczerza,19.277,2022-10-26,Hellhole,6.137,293
"[27, 53, 35]",en,Piranha 3DD,16.753,2012-05-11,Piranha 3DD,4.331,1034
"[14, 16, 878]",ja,劇場版 BLEACH MEMORIES OF NOBODY,15.001,2006-12-16,Bleach the Movie: Memories of Nobody,6.9,190
"[35, 14]",en,A Dirty Shame,15.5,2004-09-24,A Dirty Shame,5.313,275
"[18, 10749]",en,Romeo and Juliet,18.0,1968-04-02,Romeo and Juliet,7.4,658
[16],en,Torchlighters: The Adoniram and Ann Judson Story,15.005,2017-01-01,Torchlighters: The Adoniram and Ann Judson Story,0.0,0
"[14, 35, 10749]",en,The Heavenly Kid,10.993,1985-07-26,The Heavenly Kid,6.561,107
"[16, 12, 10751]",en,Robin Robin,11.515,2021-10-09,Robin Robin,7.1,189
"[10749, 35]",en,Failure to Launch,16.999,2006-03-10,Failure to Launch,5.819,1620
"[18, 80, 10749]",en,The Thomas Crown Affair,16.498,1999-08-06,The Thomas Crown Affair,6.74,1148
"[35, 18, 14]",en,Being John Malkovich,14.498,1999-10-29,Being John Malkovich,7.414,4294
"[53, 18, 9648, 27]",en,The Vanishing,13.497,1993-02-05,The Vanishing,6.102,487
"[27, 18, 14]",en,The Craft: Legacy,23.508,2020-10-28,The Craft: Legacy,6.135,783
"[35, 18, 36]",en,The Death of Stalin,18.252,2017-10-20,The Death of Stalin,7.011,1831
"[18, 53, 27]",en,John and the Hole,17.762,2021-08-06,John and the Hole,5.475,122
"[10751, 12, 16, 14, 878]",ja,ポケモン・ザ・ムービーXY&Z ボルケニオンと機巧のマギアナ,16.501,2016-07-16,Pokémon the Movie: Volcanion and the Mechanical Marvel,6.726,175
"[10751, 12, 16, 14, 878]",ja,ポケモン・ザ・ムービーXY&Z ボルケニオンと機巧のマギアナ,18.306,2016-07-16,Pokémon the Movie: Volcanion and the Mechanical Marvel,6.726,175
"[14, 27]",en,Wishmaster 2: Evil Never Dies,18.301,1999-03-12,Wishmaster 2: Evil Never Dies,5.437,252
"[16, 10402, 10751, 35]",en,UglyDolls,18.297,2019-05-01,UglyDolls,6.623,428
"[28, 35]",en,Grimsby,18.297,2016-02-24,Grimsby,5.949,2256
[18],en,King of the Gypsies,18.297,1978-12-20,King of the Gypsies,5.6,19
"[35, 12, 28]",en,The Dukes of Hazzard,18.294,2005-08-05,The Dukes of Hazzard,5.548,1145
"[80, 18]",en,Bully,18.285,2001-06-15,Bully,6.658,453
"[53, 27, 18]",en,Kill,18.283,2024-09-13,Kill,4.6,4
"[16, 10751, 878, 35]",en,Magnum Opus,18.277,2022-07-18,Magnum Opus,7.347,251
"[99, 36]",es,Stranded: I've Come from a Plane That Crashed on the Mountains,18.277,2008-10-22,Stranded: I've Come from a Plane That Crashed on the Mountains,7.962,26
"[28, 35]",cn,醉拳二,18.275,1994-02-03,The Legend of Drunken Master,7.409,939
"[18, 9648, 80]",en,Witness for the Prosecution,18.272,1957-12-17,Witness for the Prosecution,8.206,1376
"[53, 18, 27]",en,What Ever Happened to Baby Jane?,18.272,1962-10-31,What Ever Happened to Baby Jane?,7.915,1019
"[16, 80, 28, 53]",ja,カイト,18.271,1998-02-25,Kite,6.579,133
"[80, 53]",fr,Le Samouraï,18.269,1967-10-25,Le Samouraï,7.771,1062
"[80, 18, 53]",en,The Lincoln Lawyer,18.268,2011-03-17,The Lincoln Lawyer,7.208,3192
"[35, 10749, 18]",sv,Fucking Åmål,18.267,1998-10-23,Show Me Love,7.12,516
"[10751, 10749, 35]",en,Lady and the Tramp,18.266,2019-11-12,Lady and the Tramp,7.22,1526
"[80, 18]",da,Pusher II,18.266,2004-12-25,Pusher II,7.167,437
"[37, 18, 28, 12]",en,Wyatt Earp,18.261,1994-06-24,Wyatt Earp,6.762,830
"[14, 28]",cn,倩女幽魂,11.988,1987-07-18,A Chinese Ghost Story,7.271,269
"[14, 28, 12]",ja,鋼の錬金術師 完結編 復讐者スカー,19.76,2022-05-20,Fullmetal Alchemist: The Revenge of Scar,6.6,218
"[14, 10402]",en,Moonwalker,20.738,1988-10-29,Moonwalker,6.925,530
"[18, 80]",zh,富都青年,25.55,2023-12-01,Abang Adik,7.4,27
"[10749, 35]",en,Set It Up,17.244,2018-06-15,Set It Up,6.949,2620
"[35, 12]",en,Year One,16.489,2009-06-18,Year One,4.95,1826
"[12, 28, 35]",en,Team America: World Police,25.543,2004-10-10,Team America: World Police,6.708,1816
"[28, 18, 80]",en,The Baker,20.741,2023-07-27,The Baker,6.476,82
"[53, 80, 27]",de,Angst,15.236,1983-01-01,Angst,7.1,343
"[878, 27, 53]",en,Supernova,15.487,2000-01-14,Supernova,4.939,379
"[18, 53]",tl,Silip Sa Apoy,18.243,2022-01-28,Silip Sa Apoy,5.817,30
"[28, 53]",en,Fire Down Below,14.986,1997-09-05,Fire Down Below,5.7,349
[18],tl,Liberated,12.476,2003-11-05,Liberated,3.6,8
"[27, 9648, 53]",en,Come Play,18.746,2020-10-28,Come Play,6.398,663
"[37, 18]",en,One-Eyed Jacks,11.235,1961-03-30,One-Eyed Jacks,6.7,208
"[80, 35]",en,Ocean's Eleven,13.235,1960-08-10,Ocean's Eleven,6.365,341
"[35, 10402]",en,Pitch Perfect 3,22.24,2017-12-20,Pitch Perfect 3,6.5,3259
[18],zh,大內密探之零零性性,11.654,1996-08-10,Yu Pui Tsuen III,5.7,23
"[16, 10751, 14, 35, 12]",en,My Little Pony: A New Generation,17.25,2021-09-22,My Little Pony: A New Generation,7.708,307
"[18, 27, 9648, 53]",en,What Lies Beneath,19.733,2000-07-21,What Lies Beneath,6.413,1789
"[18, 27, 9648, 53]",en,What Lies Beneath,18.215,2000-07-21,What Lies Beneath,6.413,1789
"[10749, 18]",en,Mansfield Park,18.214,1999-11-12,Mansfield Park,6.677,294
"[10749, 53]",es,En brazos de un asesino,18.213,2019-12-06,In the Arms of an Assassin,7.866,392
[35],en,Porky's,18.21,1981-11-13,Porky's,6.398,842
"[10751, 878, 35]",en,Lilo & Stitch,18.207,,Lilo & Stitch,0.0,0
"[18, 80, 53]",en,21 Grams,18.206,2003-09-06,21 Grams,7.328,3064
"[18, 14, 10749]",de,Der Himmel über Berlin,18.204,1987-09-23,Wings of Desire,7.764,1295
"[27, 53, 14]",en,Look Away,18.202,2018-10-12,Look Away,6.517,859
"[35, 18, 10749]",en,The Nanny Diaries,18.202,2007-08-24,The Nanny Diaries,6.368,1123
"[9648, 53, 18]",en,Wild Things,18.202,1998-03-20,Wild Things,6.363,1706
[18],en,Magnolia,18.198,1999-12-17,Magnolia,7.73,3500
"[18, 14]",ru,Мастер и Маргарита,18.197,2024-01-25,The Master and Margarita,7.0,52
"[27, 18]",en,Agnes,18.192,2021-12-10,Agnes,4.256,39
[18],en,Mysterious Skin,18.192,2005-03-30,Mysterious Skin,7.616,1030
"[16, 35, 10751]",en,Tom and Jerry: The Fast and the Furry,18.188,2005-10-11,Tom and Jerry: The Fast and the Furry,7.0,282
"[10749, 35]",en,The Wedding Singer,18.188,1998-02-13,The Wedding Singer,6.766,1709
"[18, 53]",ko,친절한 금자씨,18.188,2005-07-29,Lady Vengeance,7.545,1631
"[18, 10749]",en,The Theory of Everything,18.186,2014-11-26,The Theory of Everything,7.852,10445
"[80, 18, 53]",en,A Simple Plan,18.185,1998-12-11,A Simple Plan,7.178,890
"[12, 10751]",de,Ostwind,18.182,2013-03-21,Windstorm,7.4,270
"[28, 27, 53]",nl,Amsterdamned,11.477,1988-02-11,Amsterdamned,6.365,178
[18],es,Deseo,17.729,2013-09-13,Deseo,6.579,259
"[10749, 18]",ja,胸が鳴るのは君のせい,15.911,2021-06-04,Heart Beats,7.462,39
"[35, 10749, 18]",en,Serendipity,17.227,2001-10-05,Serendipity,6.94,1880
[35],en,Everything You Always Wanted to Know About Sex *But Were Afraid to Ask,20.226,1972-08-06,Everything You Always Wanted to Know About Sex *But Were Afraid to Ask,6.532,908
"[10751, 16, 35, 12]",en,Missing Link,15.234,2019-04-04,Missing Link,6.961,837
"[16, 12, 28, 35, 878, 14]",ja,ワンピース カラクリ城のメカ巨兵,17.477,2006-03-04,One Piece: Giant Mecha Soldier of Karakuri Castle,7.0,157
"[16, 9648, 28, 80]",en,"Batman: The Long Halloween, Part One",18.49,2021-06-21,"Batman: The Long Halloween, Part One",7.456,609
"[10751, 16, 35, 14]",en,The Reluctant Dragon,10.901,1941-06-19,The Reluctant Dragon,6.629,147
"[14, 27, 10749]",en,Queen of the Damned,19.726,2002-02-10,Queen of the Damned,6.083,1038
"[53, 80, 18, 28]",en,Destroyer,10.9,2018-12-25,Destroyer,5.89,699
"[16, 10751, 35, 18]",en,Descendants: The Royal Wedding,16.741,2021-08-13,Descendants: The Royal Wedding,6.683,153
"[28, 35, 80]",sv,Strul,25.427,2024-10-02,Trouble,0.0,0
"[35, 10751]",en,The Parent Trap,12.475,1961-05-13,The Parent Trap,7.011,366
"[35, 18]",en,The Royal Tenenbaums,16.475,2001-10-05,The Royal Tenenbaums,7.486,4478
"[16, 10751, 12, 35, 14]",en,Klaus,17.734,2019-11-08,Klaus,8.237,3952
[18],fr,Ma mère,19.725,2004-05-19,Ma mère,4.5,148
"[18, 10749]",en,Hemingway & Gellhorn,11.476,2012-08-27,Hemingway & Gellhorn,6.069,173
"[18, 10749]",en,Total Eclipse,12.723,1995-11-03,Total Eclipse,6.421,519
"[18, 10749]",en,Parachute,15.323,2024-04-05,Parachute,6.8,8
"[10751, 12, 18]",en,Free Willy,18.973,1993-07-16,Free Willy,6.176,1787
"[80, 18, 53]",en,Terminal,15.73,2018-05-10,Terminal,5.511,793
"[28, 35, 18]",da,Retfærdighedens ryttere,17.986,2020-11-19,Riders of Justice,7.27,820
"[14, 35, 10749]",en,Heart and Souls,21.222,1993-08-13,Heart and Souls,6.896,381
"[16, 14]",ja,聖闘士星矢 天界編 序奏 ~overture~,15.222,2004-02-14,Saint Seiya Heaven Chapter: Overture,7.6,249
"[35, 18]",en,American Fiction,25.397,2023-11-10,American Fiction,7.345,941
"[28, 35, 80]",en,National Security,16.722,2003-01-17,National Security,5.936,951
"[18, 35]",en,Red Rocket,14.489,2021-12-10,Red Rocket,6.766,446
"[10749, 18]",ko,선 섹스 후 사랑,22.967,2017-08-03,"Sex First, Love Second",5.4,8
[18],en,The Favourite Game,16.121,2003-02-28,The Favourite Game,3.6,5
"[53, 9648]",en,The Man Who Knew Too Much,19.22,1956-05-16,The Man Who Knew Too Much,7.463,1364
"[28, 12, 878]",en,Hardcore Henry,12.223,2015-09-12,Hardcore Henry,6.4,2383
"[10751, 12, 35]",fr,Astérix & Obélix : Au service de Sa Majesté,11.971,2012-10-17,Asterix & Obelix: God Save Britannia,5.096,1273
[35],en,New York Minute,15.719,2004-05-07,New York Minute,6.184,874
"[28, 12, 36, 18]",zh,叶问宗师觉醒,25.369,2021-09-16,Ip Man: The Awakening,6.9,157
"[10749, 28, 35]",hi,रमैया वस्तावैया,10.873,2013-07-19,Ramaiya Vastavaiya,6.176,34
"[53, 9648]",es,El cuerpo,16.471,2012-12-21,The Body,7.555,1237
"[28, 10751, 18, 12]",en,The Karate Kid Part III,21.218,1989-06-16,The Karate Kid Part III,5.887,1569
"[16, 12, 35]",en,Scooby-Doo! and the Cyber Chase,17.469,2001-10-09,Scooby-Doo! and the Cyber Chase,7.303,507
[27],en,The Demented,10.87,2013-07-30,The Demented,4.43,158
"[35, 80, 28]",en,Bulletproof,19.967,1996-09-06,Bulletproof,5.687,571
"[80, 18, 53]",en,Blood Simple,25.216,1985-01-18,Blood Simple,7.248,1387
"[10752, 35]",en,Catch-22,21.466,1970-06-24,Catch-22,6.7,298
"[18, 10749]",ko,막장자매 클라쓰,20.876,2020-05-01,Last Sister Class,5.2,5
"[53, 9648, 80]",en,Kimi,18.484,2022-02-10,Kimi,6.22,851
"[27, 53]",en,See No Evil,25.339,2006-05-19,See No Evil,5.45,628
"[35, 10752]",fr,La Grande Vadrouille,19.966,1966-12-08,Don't Look Now... We're Being Shot At!,7.931,1311
"[53, 80]",da,Klienten,13.236,2022-06-20,The Last Client,7.289,142
[37],en,Old Henry,13.981,2021-10-01,Old Henry,7.273,546
"[878, 53, 27]",en,Hardware,15.964,1990-09-14,Hardware,5.92,281
[53],en,Locked In,25.329,2023-11-01,Locked In,5.3,208
"[35, 18]",en,Being There,21.464,1979-12-19,Being There,7.617,960
"[80, 18]",en,American Pastoral,11.718,2016-10-20,American Pastoral,6.172,676
"[35, 27, 14]",en,House,16.963,1985-12-06,House,6.114,536
"[18, 10751]",ta,Suryavamsam,10.849,1997-06-27,Suryavamsam,7.1,4
"[10749, 35, 18]",en,Drive Me Crazy,15.463,1999-10-01,Drive Me Crazy,6.556,377
"[18, 14]",en,The Ten Commandments,14.463,1923-11-23,The Ten Commandments,6.52,75
[35],en,Bring It On,17.035,2000-08-25,Bring It On,6.241,1672
"[28, 18, 36, 10749, 10752]",en,El Cid,14.463,1961-10-24,El Cid,6.858,264
"[53, 28, 18]",ko,리멤버,14.328,2022-10-26,Remember,7.436,78
"[27, 12, 14]",en,Shortcut,16.973,2020-09-25,Shortcut,5.342,114
"[18, 14, 27]",eu,Errementari,12.468,2018-03-02,Errementari: The Blacksmith and the Devil,6.359,527
"[18, 36]",en,The Dig,25.298,2021-01-14,The Dig,6.873,1161
"[18, 878]",ca,Segon origen,15.666,2015-10-09,Second Origin,4.8,15
"[18, 10752]",en,Escape to Victory,14.71,1981-06-17,Escape to Victory,6.881,893
"[27, 37, 14]",en,West of Hell,25.292,2018-06-12,West of Hell,4.6,25
"[18, 10749, 80]",it,La migliore offerta,16.213,2013-01-01,The Best Offer,7.828,2793
[18],id,Kucing Liar,16.527,2023-05-04,Kucing Liar,2.0,1
"[16, 12, 10751]",en,Peter Rabbit,15.216,2018-02-07,Peter Rabbit,6.692,1753
"[35, 10749]",fr,Nouveaux riches,24.77,2023-11-17,All-Time High,5.76,121
"[10751, 16]",en,Recess: School's Out,11.96,2001-02-16,Recess: School's Out,6.579,337
[18],en,Hamlet,23.209,1996-12-25,Hamlet,7.337,460
"[16, 10751, 35]",en,Snoopy Presents: One-of-a-Kind Marcie,16.536,2023-08-17,Snoopy Presents: One-of-a-Kind Marcie,7.865,26
"[18, 53, 9648]",en,Conclave,17.581,2024-10-25,Conclave,0.0,0
"[10749, 18]",ko,여자 하숙집2,17.555,2018-03-22,Female Hostel 2,3.0,3
"[53, 18, 36]",sv,Hammarskjöld,18.507,2023-12-25,Hammarskjöld: Fight for Peace,6.969,16
[27],de,Blutgletscher,10.83,2013-09-27,Blood Glacier,5.698,159
"[28, 12, 16]",ja,ドラゴンボールZ外伝 サイヤ人絶滅計画,10.829,1993-09-23,Dragon Ball Z Side Story: Plan to Eradicate the Saiyans,6.528,54
"[28, 9648, 18, 53]",kn,ಟೋಬಿ,24.345,2023-08-25,Toby,8.3,3
"[35, 10749]",fr,Love Addict,10.829,2018-04-18,Love Addict,5.9,342
"[53, 9648]",en,Swimfan,10.828,2002-09-06,Swimfan,5.282,259
"[28, 18, 53]",ko,복수는 나의 것,17.458,2002-03-29,Sympathy for Mr. Vengeance,7.462,1427
[18],en,The New Boy,10.826,2023-07-06,The New Boy,5.6,18
"[28, 12, 35, 10770]",en,The Dukes of Hazzard: The Beginning,17.209,2007-03-04,The Dukes of Hazzard: The Beginning,6.2,189
"[10751, 35, 12]",fr,Astérix & Obélix : L'Empire du Milieu,23.987,2023-02-01,Asterix & Obelix: The Middle Kingdom,4.9,945
"[10749, 18]",ko,달콤한섹스,13.822,2017-07-06,Sweet Sex,6.417,12
[18],en,Nomadland,15.219,2021-01-29,Nomadland,7.207,2931
[35],fr,La Belle Verte,10.823,1996-09-18,La Belle Verte,7.188,237
"[35, 10751, 10749, 14]",en,Dr. Dolittle 2,16.707,2001-06-22,Dr. Dolittle 2,5.31,1639
"[16, 18, 10751]",en,Bambi II,25.252,2006-01-26,Bambi II,6.521,971
"[10749, 35, 18]",en,Say Anything...,14.455,1989-04-14,Say Anything...,7.045,968
[53],en,Dangerous Waters,11.489,2023-10-13,Dangerous Waters,5.817,41
[18],en,Pelé: Birth of a Legend,14.208,2016-05-06,Pelé: Birth of a Legend,7.374,1065
"[878, 28, 12, 14]",tr,Dünyayı Kurtaran Adam,10.813,1982-11-04,The Man Who Saved the World,4.82,103
"[27, 9648]",en,It Lives Inside,25.228,2023-09-06,It Lives Inside,5.872,215
"[16, 35, 10751, 10770]",en,A Charlie Brown Thanksgiving,19.203,1973-11-20,A Charlie Brown Thanksgiving,7.311,249
"[35, 80]",en,A Fish Called Wanda,18.952,1988-07-15,A Fish Called Wanda,7.209,2122
[35],en,Bad Teacher,22.455,2011-05-16,Bad Teacher,5.596,4618
[18],pl,Boże Ciało,15.711,2019-09-10,Corpus Christi,7.6,536
"[28, 53]",en,The Condemned,19.454,2007-04-27,The Condemned,6.095,770
"[9648, 53, 27]",en,Titanic 666,15.473,2022-04-15,Titanic 666,5.692,180
"[16, 10751, 35]",en,Minions: Home Makeover,25.214,2010-12-13,Minions: Home Makeover,6.751,175
"[27, 53]",en,Whisper,14.27,2022-01-23,Whisper,6.4,60
[35],en,Life of the Party,25.21,2018-05-10,Life of the Party,6.1,971
"[10749, 18]",en,Newness,13.707,2017-11-03,Newness,6.053,588
"[10751, 12, 14]",de,Die Schule der magischen Tiere,17.187,2021-10-14,The School of the Magical Animals,6.2,74
[35],en,Fired Up!,19.952,2009-02-20,Fired Up!,6.138,637
"[18, 10749, 10402]",en,Maestro,16.512,2023-11-22,Maestro,6.376,684
"[35, 18, 10749]",en,The English Teacher,14.203,2013-05-16,The English Teacher,5.606,348
"[35, 10749]",en,Don't Tell Her It's Me,10.798,1990-09-21,Don't Tell Her It's Me,5.7,52
"[878, 28]",en,The War of the Worlds,14.95,1953-08-13,The War of the Worlds,6.815,611
"[53, 18, 27]",en,Radius,14.705,2017-07-17,Radius,6.526,641
"[18, 10749]",en,Picture of Beauty,18.305,2017-03-14,Picture of Beauty,4.3,45
"[28, 80, 53]",en,Accident Man,19.206,2018-02-06,Accident Man,6.158,492
"[16, 18, 35]",ja,東京ゴッドファーザーズ,17.45,2003-12-05,Tokyo Godfathers,7.909,1236
"[878, 18]",en,I Origins,15.202,2014-07-18,I Origins,7.6,3183
"[878, 16, 28, 80, 53]",en,Batman: Gotham Knight,24.95,2008-07-08,Batman: Gotham Knight,6.725,675
"[28, 53]",en,Harley Davidson and the Marlboro Man,17.448,1991-08-23,Harley Davidson and the Marlboro Man,6.294,420
"[18, 10749]",fr,Un moment d'égarement,15.951,2015-06-24,One Wild Moment,5.834,1007
"[27, 878]",en,Ghost Project,25.173,2023-08-07,Ghost Project,6.1,36
[35],en,In & Out,21.448,1997-09-10,In & Out,6.473,679
"[16, 35, 10751]",en,Barnyard,16.449,2006-08-04,Barnyard,5.869,1067
"[27, 18, 9648]",en,Day of the Dead,17.197,1985-07-03,Day of the Dead,7.04,1198
[18],en,The Nun's Story,11.198,1959-06-18,The Nun's Story,7.1,171
[37],en,Hombre,17.977,1967-03-21,Hombre,7.0,208
"[28, 53]",en,The Day of the Jackal,17.446,1973-05-16,The Day of the Jackal,7.5,534
"[18, 10749]",no,Royalteen: Prinsesse Margrethe,17.974,2023-05-11,Royalteen: Princess Margrethe,6.5,114
"[35, 80, 27]",cn,八仙飯店：人肉叉燒包,17.973,1993-05-13,The Untold Story,6.189,127
"[53, 27]",en,Death Game,17.972,1977-05-01,Death Game,5.6,28
"[80, 18, 53]",en,Juice,19.446,1992-01-17,Juice,7.215,383
"[16, 10751, 14]",en,Barbie in A Mermaid Tale,17.97,2010-01-25,Barbie in A Mermaid Tale,7.2,753
"[18, 36]",it,Rapito,17.966,2023-05-25,Kidnapped,7.41,296
"[9648, 27, 18]",ja,奇妙なサーカス,18.196,2005-12-24,Strange Circus,7.158,177
[18],tl,Sweet Release,17.961,2024-04-12,Sweet Release,3.9,4
"[28, 53]",en,Last Flight,17.961,2014-03-21,Last Flight,3.2,5
"[53, 12, 18]",en,Sorcerer,17.957,1977-06-24,Sorcerer,7.42,528
"[10749, 35]",es,Nada que ver,17.953,2023-03-02,Nada que ver,8.112,103
[35],en,History of the World: Part I,18.443,1981-06-12,History of the World: Part I,6.783,779
[35],en,Vacation Friends 2,17.95,2023-08-25,Vacation Friends 2,6.329,222
"[28, 878, 12]",en,Bloodshot,17.949,2020-03-05,Bloodshot,6.7,4909
"[28, 878, 12]",en,Bloodshot,17.949,2020-03-05,Bloodshot,6.7,4909
"[18, 36]",en,Rudy,17.949,1993-09-17,Rudy,7.357,659
"[18, 36]",en,Little Buddha,17.949,1993-12-01,Little Buddha,6.2,395
"[27, 9648, 53]",en,The Omen,17.947,2006-06-06,The Omen,5.623,1053
"[53, 35, 9648, 28]",en,Arabesque,17.945,1966-05-04,Arabesque,6.234,169
"[10751, 35, 10770]",en,The Dog Who Saved the Holidays,17.942,2012-12-04,The Dog Who Saved the Holidays,5.1,15
"[35, 878]",en,Sharknado 4: The 4th Awakens,17.94,2016-07-31,Sharknado 4: The 4th Awakens,4.5,376
"[28, 12, 18, 53]",en,Dante's Peak,17.94,1997-02-07,Dante's Peak,6.196,1835
"[18, 80]",en,Spring Breakers,17.937,2013-03-06,Spring Breakers,5.229,3779
"[18, 10751]",nl,Young Hearts,17.935,2025-01-16,Young Hearts,0.0,0
"[18, 10749]",en,Disobedience,17.935,2018-04-24,Disobedience,6.9,1155
"[35, 18, 10749]",en,Maid in Manhattan,17.935,2002-12-13,Maid in Manhattan,6.106,1862
"[35, 18]",en,Scrapper,17.934,2023-08-25,Scrapper,6.741,85
"[878, 28, 12, 53]",en,Star Trek V: The Final Frontier,17.934,1989-06-09,Star Trek V: The Final Frontier,5.7,1158
"[16, 10751, 14]",en,Prep & Landing Stocking Stuffer: Operation: Secret Santa,17.933,2010-12-07,Prep & Landing Stocking Stuffer: Operation: Secret Santa,6.421,107
"[99, 18, 14]",it,Emanuelle e le porno notti nel mondo n. 2,17.93,1978-05-17,Emanuelle and the Porno Nights of the World N. 2,5.1,17
"[18, 27, 878, 53]",en,Godsend,17.929,2004-04-30,Godsend,4.866,473
"[80, 18, 53]",en,Fallen,17.929,1998-01-16,Fallen,6.783,1399
"[12, 35, 878]",en,Bill & Ted's Excellent Adventure,17.924,1989-02-17,Bill & Ted's Excellent Adventure,6.862,1818
"[27, 53]",en,Orca,17.922,1977-07-22,Orca,6.2,390
"[27, 878, 53]",en,Body Snatchers,11.437,1993-06-09,Body Snatchers,6.1,408
"[35, 10749]",en,Walking on Sunshine,16.691,2014-06-19,Walking on Sunshine,6.283,240
"[18, 10749, 878]",en,Z for Zachariah,13.941,2015-08-13,Z for Zachariah,5.668,919
"[27, 53]",en,Valentine,15.438,2001-02-02,Valentine,5.525,530
"[18, 35]",uk,Смак свободи,18.151,2024-03-07,Taste of Freedom,6.1,4
"[80, 27, 53]",en,Craving,10.746,2023-03-01,Craving,5.077,13
"[53, 80, 27]",en,Bad Samaritan,14.943,2018-04-19,Bad Samaritan,6.733,669
"[35, 80]",he,לצוד פילים,10.744,2013-07-03,Hunting Elephants,6.4,27
"[18, 10749]",en,Maudie,14.44,2016-06-16,Maudie,7.8,468
"[10751, 35]",en,Beethoven's 2nd,20.185,1993-12-14,Beethoven's 2nd,5.505,961
[18],ja,トパーズ,15.095,1992-01-06,Tokyo Decadence,5.938,97
"[53, 28]",ta,தம்பி,14.915,2019-12-19,Thambi,6.5,24
"[18, 10751]",de,Eine Million Minuten,17.205,2024-02-01,A Million Minutes,6.7,23
"[28, 53]",en,The Specialist,18.684,1994-10-07,The Specialist,5.88,1275
"[16, 10751, 35]",en,The Simpsons Meet the Bocellis in “Feliz Navidad”,15.593,2022-12-15,The Simpsons Meet the Bocellis in “Feliz Navidad”,5.819,71
[18],fr,Borgo,13.852,2024-04-17,Borgo,7.0,60
"[80, 27, 53]",en,Bloodline,25.038,2019-09-20,Bloodline,5.946,232
"[16, 28, 53]",ja,MEZZO FORTE,20.314,2000-05-25,Mezzo Forte,6.5,46
"[9648, 53, 12]",en,River Wild,18.977,2023-08-01,River Wild,6.408,147
[99],en,STILL: A Michael J. Fox Movie,18.463,2023-01-20,STILL: A Michael J. Fox Movie,7.631,149
"[18, 9648, 53]",en,The Firm,19.932,1993-06-30,The Firm,6.735,1969
"[28, 27, 12, 53]",ko,사자,15.708,2019-07-31,The Divine Fury,6.788,252
"[80, 18]",en,The Dark Corner,10.727,1946-04-09,The Dark Corner,6.4,54
"[27, 878]",en,Mimic,17.183,1997-08-22,Mimic,6.065,1082
"[35, 18]",es,Mujeres al borde de un ataque de nervios,18.931,1988-03-25,Women on the Verge of a Nervous Breakdown,7.4,873
"[12, 18, 878]",en,Okja,18.187,2017-06-28,Okja,7.366,4201
[12],pt,Gato Galáctico e o Feitiço do Tempo,16.971,2024-02-01,Gato Galáctico e o Feitiço do Tempo,7.1,7
"[16, 10751, 12, 35]",en,Toy Story That Time Forgot,19.684,2014-12-02,Toy Story That Time Forgot,7.01,960
[35],pl,Dzień świra,10.716,2002-06-07,Day of the Wacko,7.63,192
"[12, 14, 53]",en,Gwendoline,11.529,1984-02-08,Gwendoline,4.926,95
"[35, 18]",en,The Descendants,12.431,2011-09-09,The Descendants,6.844,2748
"[10749, 18]",ja,今夜、世界からこの恋が消えても,14.492,2022-07-29,Even if This Love Disappears from the World Tonight,6.778,18
"[10751, 35, 12, 14]",en,Gulliver's Travels,15.93,2010-12-23,Gulliver's Travels,5.204,2357
"[27, 53]",en,Soft & Quiet,10.712,2022-11-04,Soft & Quiet,6.376,149
"[16, 28]",ja,グリザイア：ファントムトリガー THE ANIMATION スターゲイザー,13.631,2020-11-27,Grisaia: Phantom Trigger The Animation - Stargazer,6.458,48
"[28, 18, 36, 10752]",en,Midway,16.428,1976-06-18,Midway,6.629,287
"[80, 18]",en,Boxcar Bertha,10.71,1972-06-14,Boxcar Bertha,5.85,210
"[35, 18, 10752]",en,M*A*S*H,21.677,1970-02-18,M*A*S*H,6.974,1009
"[10749, 18]",ko,정사: 친구의 엄마,13.833,2017-08-24,An Affair: My Friend's Mom,3.6,5
"[28, 12, 878]",ja,仮面ライダーW（ダブル）RETURNS 仮面ライダーエターナル,10.708,2011-07-21,Kamen Rider W Returns: Kamen Rider Eternal,6.647,85
"[10749, 18]",fr,Puppylove,17.845,2013-06-29,Puppylove,5.988,40
"[53, 80, 18]",es,La extorsión,10.706,2023-04-06,The Extortion,7.413,126
"[53, 28]",en,Hunting Ava Bravo,10.705,2022-04-01,Hunting Ava Bravo,6.218,108
"[18, 35, 80]",ko,브로커,20.948,2022-06-08,Broker,7.164,438
"[53, 18]",en,Asphalt City,16.401,2024-03-28,Asphalt City,5.987,79
"[27, 9648, 53]",en,The Curse of the Necklace,17.835,2024-09-27,The Curse of the Necklace,7.5,2
"[53, 9648, 80]",da,Kvinden i buret,17.835,2013-10-03,The Keeper of Lost Causes,7.062,730
"[27, 35]",en,Black Sheep,10.701,2007-03-29,Black Sheep,5.777,736
[10749],ko,착한 엄마 3,11.354,2019-08-26,Good Mother 3,6.0,14
"[12, 16, 18, 14, 10749]",ja,ノーゲーム・ノーライフ ゼロ,16.681,2017-07-15,No Game No Life: Zero,7.788,382
"[35, 10749, 10402]",en,A Night at the Roxbury,21.676,1998-10-01,A Night at the Roxbury,6.56,878
[35],en,The Little Rascals Save the Day,14.384,2014-03-25,The Little Rascals Save the Day,6.055,100
"[18, 53, 9648]",en,Lost Highway,15.674,1997-01-15,Lost Highway,7.6,2541
"[28, 80, 53]",en,Rampage,19.176,2009-09-27,Rampage,5.963,424
"[53, 80, 28]",en,Burn,17.826,2019-08-23,Burn,6.041,280
"[12, 35, 10751, 10749]",en,George of the Jungle,15.675,1997-07-15,George of the Jungle,5.609,2053
"[28, 12, 18, 10749]",sv,Arn: Tempelriddaren,23.926,2007-12-25,Arn: The Knight Templar,6.338,272
"[27, 9648, 53]",de,"Ich seh, Ich seh",14.427,2014-10-07,Goodnight Mommy,6.692,1543
"[878, 53]",en,Last Sentinel,17.821,2023-03-17,Last Sentinel,5.474,155
"[18, 10749, 53]",ja,聴かれた女,17.635,2006-10-30,"Man, Woman & the Wall",6.531,32
"[18, 14, 10749]",fr,La Belle et la Bête,15.674,1946-10-29,Beauty and the Beast,7.497,583
"[28, 53, 27]",fr,Vertige,12.925,2009-06-24,High Lane,6.065,402
[16],en,LEGO Disney Princess: The Castle Quest,15.919,2023-08-18,LEGO Disney Princess: The Castle Quest,6.488,40
"[35, 10749]",en,Sweet Home Alabama,19.673,2002-09-26,Sweet Home Alabama,6.406,1498
"[10402, 12, 18]",ja,舞台「鬼滅の刃」,14.931,2020-02-02,"Stage Play ""Demon Slayer: Kimetsu no Yaiba""",0.0,0
"[27, 53]",en,V/H/S/99,15.946,2022-09-15,V/H/S/99,5.9,255
"[878, 35, 18]",en,Dual,19.691,2022-03-18,Dual,5.988,302
"[35, 18, 14]",pt,O Auto da Compadecida,24.92,2000-09-15,A Dog's Will,8.4,1087
"[28, 16, 80]",en,Batman: Year One,20.673,2011-09-27,Batman: Year One,7.245,940
[18],fr,Drakkar,24.916,2015-06-15,Drakkar,4.563,8
"[28, 53, 80]",en,Trespass,15.169,1992-12-25,Trespass,6.286,191
"[10749, 18]",tl,Hibla,12.76,2002-11-13,Hibla,3.0,3
[27],en,Two Witches,12.331,2023-03-02,Two Witches,6.036,96
[35],en,Snack Shack,24.902,2024-03-15,Snack Shack,7.174,95
"[37, 28, 18]",en,Desperate Riders,10.672,2022-02-25,Desperate Riders,5.754,61
"[878, 27]",en,Six,17.238,2022-03-04,Six,7.1,10
"[28, 27, 878]",en,The Girl with All the Gifts,18.923,2016-09-23,The Girl with All the Gifts,6.545,1939
"[35, 80, 53]",es,Turno Nocturno,10.97,2023-10-03,Night Shift,0.0,0
"[18, 27]",en,The Offering,18.943,2022-09-23,The Offering,6.014,311
[99],en,Marvel Studios Assembled: The Making of She-Hulk: Attorney at Law,18.174,2022-11-03,Marvel Studios Assembled: The Making of She-Hulk: Attorney at Law,6.9,41
[99],en,Marvel Studios Assembled: The Making of She-Hulk: Attorney at Law,18.174,2022-11-03,Marvel Studios Assembled: The Making of She-Hulk: Attorney at Law,6.9,41
[35],ru,День выборов,10.667,2007-10-18,Elections Day,7.159,104
"[28, 80]",en,Lady Scorpions,10.666,2024-08-23,Lady Scorpions,6.1,13
"[35, 9648]",en,Reunion,16.861,2024-04-13,Reunion,6.393,61
[18],en,Papillon,18.42,2017-09-07,Papillon,7.347,1901
"[10751, 16]",en,The Trumpet of the Swan,24.863,2001-05-11,The Trumpet of the Swan,5.5,64
[18],en,Akeelah and the Bee,15.665,2006-04-28,Akeelah and the Bee,7.072,318
[27],en,1962 Halloween Massacre,24.138,2023-07-28,1962 Halloween Massacre,3.833,6
"[10751, 35, 18]",en,Imagine That,14.165,2009-06-19,Imagine That,5.951,550
"[27, 14, 878]",en,Twilight Zone: The Movie,19.913,1983-06-24,Twilight Zone: The Movie,6.465,703
"[28, 53, 18]",es,Celda 211,16.415,2009-11-06,Cell 211,7.448,1222
"[80, 18]",en,South Central,10.65,1992-09-18,South Central,6.799,82
[99],en,Tim's Vermeer,10.648,2013-12-06,Tim's Vermeer,7.221,149
"[14, 16, 35, 10751, 9648, 12]",en,Scooby-Doo! Pirates Ahoy!,18.663,2006-09-19,Scooby-Doo! Pirates Ahoy!,7.486,277
"[12, 35, 10751, 14]",en,Mirror Mirror,23.414,2012-03-15,Mirror Mirror,5.913,3123
"[27, 53]",en,I See You,19.17,2019-09-11,I See You,7.004,1432
"[53, 27, 878]",th,๑๐๐ ขา,17.757,2022-10-06,The One Hundred,6.1,19
"[28, 16, 10751]",en,Barbie: Spy Squad,16.415,2016-01-15,Barbie: Spy Squad,7.004,396
"[53, 27, 35, 10770]",en,Bring It On: Cheer Or Die,14.186,2022-09-27,Bring It On: Cheer Or Die,5.684,117
[35],en,La pretora,24.818,1976-11-05,My Sister in Law,5.5,30
[99],en,Game of Thrones: The Last Watch,17.724,2019-05-26,Game of Thrones: The Last Watch,7.117,321
"[16, 12, 9648]",ja,名探偵コナン ベイカー街（ストリート）の亡霊,20.66,2002-04-20,Detective Conan: The Phantom of Baker Street,7.7,194
"[14, 35, 10749]",en,Ghosts of Girlfriends Past,22.161,2009-05-01,Ghosts of Girlfriends Past,5.959,2266
"[27, 9648]",en,Night at the Eagle Inn,17.723,2021-10-08,Night at the Eagle Inn,5.3,16
[35],en,Flirting with Disaster,10.633,1996-03-22,Flirting with Disaster,6.2,233
"[53, 27]",en,V/H/S,17.717,2012-07-28,V/H/S,6.091,1497
"[14, 53, 9648]",ja,デスノート the Last name,17.409,2006-10-28,Death Note: The Last Name,7.029,485
"[28, 12, 878, 14, 53]",ja,ゴジラ ファイナルウォーズ,19.658,2004-12-04,Godzilla: Final Wars,7.038,293
"[28, 80]",zh,重生,17.713,2024-08-16,Go For Broke,4.0,1
"[80, 53]",ko,리볼버,17.713,2024-08-07,Revolver,5.0,15
[18],en,Dangerous Minds,21.657,1995-08-11,Dangerous Minds,6.97,1128
"[16, 14, 28, 10749, 35]",ja,劇場版 美少女戦士セーラームーンS 〜かぐや姫の恋人〜,17.712,1994-12-04,Sailor Moon S the Movie: Hearts in Ice,7.7,130
"[12, 18, 36]",en,Seven Years in Tibet,14.158,1997-09-12,Seven Years in Tibet,7.169,2779
"[16, 12, 14, 10751, 35]",fr,Pattie et la colère de Poséidon,17.706,2023-01-25,Epic Tails,6.823,79
"[35, 99, 10770]",en,Dave Chappelle: For What It's Worth,10.623,2004-09-04,Dave Chappelle: For What It's Worth,7.61,132
"[10749, 35]",pl,"Gorzko, gorzko!",17.704,2023-04-26,"Kiss, Kiss!",5.5,35
"[18, 10749]",en,Miss Julie,10.622,2014-09-07,Miss Julie,5.6,137
"[18, 36, 10749]",en,Mona Lisa Smile,17.407,2003-12-19,Mona Lisa Smile,6.937,1694
"[27, 9648, 53]",en,Night of the Hunted,17.703,2023-10-12,Night of the Hunted,6.063,88
"[27, 878]",en,Almost Human,17.703,2014-02-26,Almost Human,4.659,107
"[27, 878]",en,Almost Human,17.703,2014-02-26,Almost Human,4.659,107
"[18, 10749]",en,The Bridges of Madison County,17.702,1995-06-02,The Bridges of Madison County,7.709,2105
[18],fr,Entre nous,17.701,2023-07-12,Between Us,5.8,84
"[28, 53]",en,China Salesman,17.697,2017-06-16,China Salesman,5.543,92
"[35, 10751, 12]",en,Cheaper by the Dozen 2,17.695,2005-12-21,Cheaper by the Dozen 2,6.163,1952
"[80, 18, 9648]",en,American Gigolo,17.694,1980-02-01,American Gigolo,6.1,617
"[12, 27, 53]",en,Prey,17.692,2019-07-18,Prey,4.685,73
"[53, 18]",en,Inside,17.691,2023-03-09,Inside,5.637,343
"[28, 12, 14, 878, 53]",en,Dragonball Evolution,17.691,2009-03-12,Dragonball Evolution,2.894,2018
[18],it,Appassionata,17.687,1974-05-22,Appassionata,5.606,47
"[10749, 18, 36, 35]",ko,방자전,17.687,2010-06-02,The Servant,5.8,29
"[28, 53]",en,The Best Man,17.686,2023-04-21,The Best Man,6.069,108
"[10751, 12, 35, 10770, 80]",en,The Naughty Nine,17.686,2023-11-09,The Naughty Nine,6.2,58
"[18, 10749, 80, 28, 53]",tl,Gamitan,17.684,2002-08-21,Gamitan,3.7,3
"[28, 80, 18, 53]",en,"No Retreat, No Surrender 3: Blood Brothers",17.682,1990-01-25,"No Retreat, No Surrender 3: Blood Brothers",6.3,72
"[80, 37]",en,Yellow Sky,17.681,1948-12-24,Yellow Sky,6.9,111
"[16, 878, 28, 27]",en,Broken Lance,17.679,2024-03-13,Broken Lance,5.5,2
"[10751, 28, 12, 35]",en,3 Ninjas,17.678,1992-08-07,3 Ninjas,5.673,425
"[18, 10752, 36]",nl,WIL,17.676,2023-09-27,WILL,6.506,82
"[35, 18, 10749]",en,The Persian Version,17.671,2023-10-20,The Persian Version,6.18,25
"[80, 9648, 53]",en,Reptile,19.953,2023-09-29,Reptile,6.735,887
"[28, 53, 12, 10752]",en,The Delta Force,15.4,1986-02-14,The Delta Force,5.885,412
"[27, 53, 9648]",en,An American Haunting,24.734,2005-05-05,An American Haunting,5.574,481
[18],it,Top Sensation,18.811,1969-03-29,The Seducers,5.2,22
"[18, 10749, 10752, 36]",en,Barry Lyndon,20.4,1975-12-18,Barry Lyndon,8.01,2767
[99],en,The Armstrong Lie,10.598,2013-09-08,The Armstrong Lie,6.928,118
"[53, 27]",en,Exeter,10.597,2015-01-16,Exeter,4.668,182
"[35, 28, 878]",en,The Watch,15.152,2012-07-26,The Watch,5.587,2268
"[12, 35, 10752]",en,Kelly's Heroes,19.899,1970-06-22,Kelly's Heroes,7.344,707
"[37, 18, 10749]",en,The Dead Don't Hurt,23.037,2024-05-01,The Dead Don't Hurt,6.37,92
"[80, 28, 18, 53]",en,Max Payne,24.718,2008-10-15,Max Payne,5.373,2024
[18],da,Festen,12.149,1998-06-19,The Celebration,7.732,1050
"[53, 80, 18]",en,Locked Up,11.704,2017-06-20,Locked Up,5.786,35
[18],tl,Mapanukso,14.526,2024-03-15,Mapanukso,10.0,1
"[878, 53, 35]",en,Southland Tales,14.4,2007-11-14,Southland Tales,5.2,531
"[28, 12, 14, 10751]",en,The Kid Who Would Be King,16.156,2019-01-16,The Kid Who Would Be King,6.166,740
"[14, 10751, 10770]",en,Upside-Down Magic,19.159,2020-07-31,Upside-Down Magic,7.156,247
"[18, 80]",en,Menace II Society,14.397,1993-05-26,Menace II Society,7.506,757
"[53, 9648, 18]",en,Brazen,16.666,2022-01-13,Brazen,4.815,364
"[53, 18, 28]",hi,Madras Cafe,10.588,2013-08-23,Madras Cafe,6.544,114
"[53, 18, 28]",hi,Madras Cafe,17.647,2013-08-23,Madras Cafe,6.544,114
"[35, 80]",en,Life,23.648,1999-04-16,Life,6.662,762
[10749],ko,어린 이모 2,17.643,2019-08-22,Young Aunt 2,5.0,3
"[27, 53]",en,Play Dead,17.641,2022-12-09,Play Dead,6.088,148
"[53, 10749, 18]",es,Amor bandido,17.641,2021-03-18,Amor Bandido,6.643,115
[35],en,All About Steve,14.898,2009-08-06,All About Steve,4.939,973
"[28, 18, 14, 9648, 878]",zh,晴雅集,17.635,2020-12-24,The Yin-Yang Master: Dream of Eternity,7.368,189
"[16, 28, 35]",en,Teen Titans Go! & DC Super Hero Girls: Mayhem in the Multiverse,17.633,2022-05-24,Teen Titans Go! & DC Super Hero Girls: Mayhem in the Multiverse,5.907,118
"[53, 18]",es,Daniel & Ana,17.631,2009-10-14,Daniel & Ana,6.675,80
"[9648, 35, 53, 36]",zh,满江红,24.425,2023-01-22,Full River Red,5.886,136
"[27, 53]",en,The Last House on the Left,15.143,1972-08-30,The Last House on the Left,6.0,666
"[27, 28, 10770]",en,Malibu Shark Attack,17.62,2009-07-25,Malibu Shark Attack,4.2,97
"[18, 53, 80]",en,The Life of David Gale,14.144,2003-02-21,The Life of David Gale,7.429,1986
"[35, 28]",en,Tag,17.616,2018-05-30,Tag,6.707,3072
"[10402, 35]",en,This Is Spinal Tap,17.142,1984-03-02,This Is Spinal Tap,7.42,1388
[18],en,Richard Jewell,17.614,2019-12-13,Richard Jewell,7.427,2462
"[27, 28, 14, 12]",en,Angels Fallen: Warriors of Peace,22.806,2024-07-09,Angels Fallen: Warriors of Peace,4.083,6
[35],en,The Bubble,17.613,2022-03-25,The Bubble,4.619,443
"[18, 53]",en,City of Dreams,17.611,2024-08-29,City of Dreams,8.7,3
[27],es,Verónica,17.608,2017-08-25,Veronica,6.222,1708
"[12, 27, 28, 36]",fr,Le Pacte des loups,24.142,2001-01-31,Brotherhood of the Wolf,6.7,1500
"[28, 53]",en,Bloodsport III,10.561,1996-12-05,Bloodsport III,5.444,90
[28],ja,キューティーハニー,10.561,2004-05-29,Cutie Honey,6.3,77
"[80, 18, 53]",en,Emily the Criminal,19.664,2022-08-12,Emily the Criminal,6.691,795
"[10751, 16, 12, 14, 35]",en,Smallfoot,16.648,2018-09-20,Smallfoot,6.781,1489
"[12, 18, 36]",en,Mutiny on the Bounty,16.391,1935-11-22,Mutiny on the Bounty,7.346,328
"[28, 18, 53]",en,In Hell,13.39,2003-11-24,In Hell,6.525,522
"[28, 53, 878]",en,Gamer,12.891,2009-09-03,Gamer,5.712,2342
"[10752, 28, 12]",en,U-571,12.39,2000-04-20,U-571,6.5,1201
"[18, 10402]",en,Sparkle,10.556,1976-04-07,Sparkle,7.6,20
"[80, 18, 53]",en,Bandit,16.665,2022-09-23,Bandit,6.207,323
"[16, 27]",en,To Your Last Death,19.429,2019-11-30,To Your Last Death,5.804,51
"[16, 28, 12, 18, 9648]",ja,プリンセス・プリンシパル Crown Handler 第1章,24.626,2021-02-11,Princess Principal Crown Handler: Chapter 1,6.1,41
"[18, 9648, 53]",en,Beautiful,10.554,2009-08-28,Beautiful,5.0,47
"[80, 18]",en,King Cobra,10.643,2016-10-21,King Cobra,5.9,464
"[10749, 18]",en,The End of the Affair,13.639,1999-12-03,The End of the Affair,6.58,237
"[18, 53, 878]",es,Abre los ojos,18.889,1997-12-19,Open Your Eyes,7.446,1018
"[10749, 18]",ko,로기완,24.615,2024-02-19,My Name Is Loh Kiwan,7.472,106
"[27, 18, 53]",en,In the Tall Grass,16.146,2019-09-20,In the Tall Grass,5.543,2175
"[10751, 16, 35, 12]",en,Shaun the Sheep Movie,16.891,2015-02-05,Shaun the Sheep Movie,6.974,1368
"[27, 18, 53]",en,In the Tall Grass,17.58,2019-09-20,In the Tall Grass,5.543,2175
"[10751, 16, 35, 12]",en,Shaun the Sheep Movie,17.579,2015-02-05,Shaun the Sheep Movie,6.974,1368
[18],en,Vixen!,17.577,1968-10-15,Vixen!,5.394,80
[18],tl,...Sabik: Kasalanan Ba?,17.572,1986-05-01,...Sabik: Kasalanan Ba?,5.286,7
"[53, 80, 18, 27]",en,The Girl Next Door,17.57,2007-07-19,The Girl Next Door,6.648,697
"[28, 53]",en,Redline,17.564,2007-04-13,Redline,5.1,147
"[35, 10749]",en,Good Luck Chuck,17.564,2007-09-21,Good Luck Chuck,5.901,1468
"[27, 35]",en,Children Shouldn't Play with Dead Things,17.562,1972-06-09,Children Shouldn't Play with Dead Things,5.362,94
"[18, 53, 80]",en,Layer Cake,17.561,2004-09-30,Layer Cake,6.925,2039
[],cn,玉蒲團,17.557,1986-12-12,Yu Pui Tsuen,5.375,12
"[18, 36, 10752]",tr,Deliler,17.556,2018-11-23,Vlad the Impaler,5.925,40
"[35, 10749]",en,Sabrina,17.556,1995-12-15,Sabrina,6.173,608
"[12, 53, 18]",ru,Одна,17.553,2022-06-09,The One,6.186,35
"[36, 18]",hi,भाग मिल्खा भाग,17.553,2013-07-12,Bhaag Milkha Bhaag,7.434,242
"[10749, 18]",fr,Eiffel,17.552,2021-10-07,Eiffel,6.3,646
"[878, 27, 28]",en,Day of Reckoning,17.552,2017-05-18,Day of Reckoning,4.75,64
"[10751, 16, 12, 35, 10752]",en,Valiant,17.552,2005-03-25,Valiant,5.516,885
"[53, 80, 9648]",es,La isla mínima,17.55,2014-09-25,Marshland,7.041,943
"[80, 18, 53]",en,Reputation,17.549,2024-09-29,Reputation,0.0,0
"[18, 36, 10402]",de,Girl You Know It's True,17.549,2023-12-06,Girl You Know It's True,7.346,65
[],ko,정사：아내의 친구 2,16.141,2019-08-09,An Affair: My Wife's Friend 2,0.0,0
"[16, 28, 12, 878]",en,Deathstroke: Knights & Dragons - The Movie,17.547,2020-08-04,Deathstroke: Knights & Dragons - The Movie,6.96,435
"[18, 10749, 878]",en,In Your Eyes,17.543,2014-04-20,In Your Eyes,7.143,674
"[18, 35]",fr,Monsieur Lazhar,10.884,2011-09-10,Monsieur Lazhar,7.135,308
"[9648, 53]",en,Caddo Lake,17.541,2024-10-09,Caddo Lake,0.0,0
"[16, 14, 18, 12]",ja,さよならの朝に約束の花をかざろう,18.138,2018-02-24,Maquia: When the Promised Flower Blooms,8.2,622
"[18, 35, 80]",en,The Informant!,14.383,2009-09-18,The Informant!,6.102,860
"[28, 12, 80]",cn,黃金兄弟,17.538,2018-09-20,Golden Job,6.337,89
"[28, 12, 80, 18]",en,Shottas,18.132,2002-02-27,Shottas,7.672,325
"[28, 35, 80, 53]",en,Smokin' Aces,14.383,2006-12-09,Smokin' Aces,6.485,1615
[18],de,Duell der Brüder - Die Geschichte von Adidas und Puma,17.536,2016-03-25,Adidas Vs. Puma: The Brother's Feud,7.019,131
"[35, 12, 14]",en,Epic Movie,18.382,2007-01-25,Epic Movie,3.857,1510
"[28, 80, 53]",ko,B컷,24.42,2022-03-30,B Cut,5.1,9
"[27, 53]",en,The Tortured,11.132,2010-06-15,The Tortured,5.222,151
"[27, 9648, 53]",tl,Mallari,11.318,2023-12-25,Mallari,7.0,4
"[10749, 35]",en,The Perfect Find,18.42,2023-06-23,The Perfect Find,6.122,111
"[35, 18, 10749, 878]",en,Frequently Asked Questions About Time Travel,15.631,2009-04-24,Frequently Asked Questions About Time Travel,6.899,580
"[35, 10749, 18]",en,Dan in Real Life,18.631,2007-10-26,Dan in Real Life,6.549,1183
"[27, 35]",en,It's a Wonderful Knife,21.199,2023-11-10,It's a Wonderful Knife,5.228,92
"[27, 80, 53]",en,Little Bone Lodge,17.781,2023-11-23,Little Bone Lodge,6.934,53
"[18, 10749]",ru,Русская нимфетка: искушение,17.521,2004-11-28,Russian Nymphet: Temptation,6.0,8
"[35, 14]",en,Little Nicky,17.521,2000-11-10,Little Nicky,5.862,1780
"[18, 27, 878, 10749]",en,Mary Shelley's Frankenstein,17.521,1994-11-04,Mary Shelley's Frankenstein,6.407,1202
"[10749, 35, 80]",en,Prizzi's Honor,17.521,1985-06-14,Prizzi's Honor,6.376,368
"[27, 35]",en,Little Shop of Horrors,17.52,1986-12-19,Little Shop of Horrors,6.924,1414
"[28, 12, 14, 10770]",en,Ring of the Nibelungs,17.516,2004-11-19,Ring of the Nibelungs,6.227,131
"[35, 10749]",en,Hall Pass,17.514,2011-02-25,Hall Pass,5.693,1939
"[28, 35, 18, 53]",ta,சிறுத்தை,17.512,2011-01-14,Siruthai,5.875,24
"[12, 16, 10751]",en,The Tale of Despereaux,17.511,2008-12-18,The Tale of Despereaux,6.099,901
"[10749, 18]",en,Finding You,17.51,2021-05-13,Finding You,6.854,181
[27],en,Rings,17.51,2017-02-01,Rings,4.974,2454
"[28, 53]",en,Weekend Warriors,17.507,2021-04-01,Weekend Warriors,7.575,20
"[80, 35]",th,ปฏิบัติการกู้หวย,17.506,2022-11-16,The Lost Lotteries,6.8,25
"[18, 10749]",ko,불륜 동창회3,17.504,2020-11-09,Adultery Alumni Association 3,7.4,8
"[14, 10749, 10770]",en,Z-O-M-B-I-E-S 2,17.498,2020-06-13,Z-O-M-B-I-E-S 2,7.535,441
"[28, 53, 80]",en,One Day as a Lion,17.496,2023-04-04,One Day as a Lion,5.677,127
"[53, 878, 18]",en,Under the Skin,17.494,2014-03-14,Under the Skin,6.133,3378
"[27, 53, 14]",en,Hellbound: Hellraiser II,17.494,1988-12-23,Hellbound: Hellraiser II,6.396,1086
"[35, 18, 10749]",en,"Love, Simon",17.49,2018-02-16,"Love, Simon",8.008,5999
[35],es,Nosotros los nobles,17.488,2013-03-28,We Are the Nobles,7.862,489
"[28, 16, 12]",ja,ワンピース デッドエンドの冒険,17.488,2003-03-01,One Piece: Dead End Adventure,7.1,185
"[35, 16, 10751]",en,Hoodwinked Too! Hood VS. Evil,17.486,2011-04-29,Hoodwinked Too! Hood VS. Evil,5.093,535
"[28, 10751, 878]",en,Ben 10: Race Against Time,17.486,2008-02-11,Ben 10: Race Against Time,5.8,313
[35],es,"Amanece, que no es poco",17.484,1989-01-17,"Dawn Breaks, Which Is No Small Thing",7.008,120
"[18, 53, 10752]",en,Eye in the Sky,17.483,2015-09-07,Eye in the Sky,7.025,1541
"[28, 80, 53, 10749, 18]",en,Bullitt,17.483,1968-10-17,Bullitt,7.158,1113
"[18, 9648, 10749]",fr,Trois couleurs : Rouge,17.48,1994-05-12,Three Colors: Red,7.9,1355
"[35, 27, 878]",en,Happy Death Day 2U,17.479,2019-02-13,Happy Death Day 2U,6.304,3331
"[35, 10749]",en,Mischief,17.479,1985-02-08,Mischief,6.8,134
"[18, 35, 10749]",en,Imagine Me & You,17.479,2006-01-27,Imagine Me & You,7.571,1000
"[14, 18, 35, 10751]",en,The Odd Life of Timothy Green,17.475,2012-08-15,The Odd Life of Timothy Green,6.975,1150
"[53, 80, 10749]",en,5lbs of Pressure,17.467,2024-03-08,5lbs of Pressure,6.1,25
[18],en,The Florida Project,17.466,2017-10-06,The Florida Project,7.4,2700
[18],fr,Noces,17.465,2017-02-22,A Wedding,6.691,102
"[16, 878]",ja,キャプテンハーロック,17.462,2013-09-07,Space Pirate Captain Harlock,6.617,1015
"[28, 12, 35]",en,30 Minutes or Less,17.462,2011-08-11,30 Minutes or Less,5.771,1677
"[37, 10749, 18]",en,My Darling Clementine,17.462,1946-10-17,My Darling Clementine,7.435,414
"[27, 53, 9648]",es,Tin & Tina,17.459,2023-03-24,Tin & Tina,5.996,383
[99],en,Stephen Curry: Underrated,17.454,2023-07-21,Stephen Curry: Underrated,7.7,77
"[28, 35]",cn,夏日福星,17.454,1985-08-15,"Twinkle, Twinkle, Lucky Stars",6.6,133
"[16, 9648, 12]",ja,名探偵コナン 迷宮の十字路,17.369,2003-04-19,Detective Conan: Crossroad in the Ancient Capital,7.1,145
"[27, 53, 14, 9648]",en,The Haunting,18.619,1999-07-23,The Haunting,5.452,1339
"[18, 14, 16]",ja,ヴァイオレット・エヴァーガーデン 外伝 - 永遠と自動手記人形 -,14.376,2019-09-06,Violet Evergarden: Eternity and the Auto Memory Doll,8.197,361
"[18, 35, 10749]",en,The Escort,12.372,2015-11-05,The Escort,5.949,405
"[35, 10402]",en,Tenacious D in The Pick of Destiny,15.119,2006-11-22,Tenacious D in The Pick of Destiny,6.766,1571
"[28, 53, 9648]",en,Sniper: Rogue Mission,20.391,2022-08-16,Sniper: Rogue Mission,6.311,140
"[35, 14, 16, 18, 10751]",ja,ももへの手紙,24.423,2012-04-21,A Letter to Momo,7.4,362
"[18, 10749]",fr,Et Dieu… créa la femme,17.617,1956-11-28,...And God Created Woman,6.13,215
"[53, 27]",en,The Neon Demon,12.621,2016-05-31,The Neon Demon,6.514,3677
"[27, 878]",en,Frankenstein Must Be Destroyed,10.463,1969-05-22,Frankenstein Must Be Destroyed,6.429,113
[28],es,La princesa,15.794,2022-02-01,The Princess,7.572,97
[18],en,Quills,23.616,2000-11-22,Quills,7.143,630
"[10402, 14, 35, 878, 10751, 10770]",en,Z-O-M-B-I-E-S 3,20.387,2022-07-09,Z-O-M-B-I-E-S 3,7.4,386
"[28, 53, 80, 18]",fr,Antigang : La Relève,19.911,2023-08-25,The Squad: Home Run,6.425,120
[27],en,Sweetheart,13.871,2019-01-28,Sweetheart,6.355,358
"[35, 18]",it,Amarcord,10.863,1973-12-18,Amarcord,7.907,1083
"[10749, 18]",fr,Passages,12.905,2023-06-28,Passages,6.383,163
"[16, 12, 14, 10751]",ru,Урфин Джюс возвращается,18.013,2019-10-24,Fantastic Return to Oz,5.071,63
"[27, 9648, 53]",en,Hell House LLC,17.367,2015-10-16,Hell House LLC,6.503,431
"[80, 18]",hi,मक़बूल,10.448,2003-01-30,Maqbool,7.038,53
[18],it,La bella estate,21.42,2023-08-24,The Beautiful Summer,5.7,42
"[35, 18, 10749]",en,Café Society,10.444,2016-05-11,Café Society,6.454,2646
"[878, 12]",sv,UFO Sweden,15.47,2022-12-25,UFO Sweden,5.965,86
"[27, 53]",en,Hush,16.866,2016-03-12,Hush,6.73,4509
[35],en,18 Year Old Virgin,17.613,2009-01-20,18 Year Old Virgin,3.891,138
"[18, 28]",zh,黄飞鸿之英雄有梦,14.364,2014-11-20,Rise of the Legend,6.223,175
"[28, 878, 27]",en,Rakka,10.616,2017-06-14,Rakka,7.083,301
"[80, 53, 35]",en,A Simple Favor,16.617,2018-08-29,A Simple Favor,6.637,4086
"[27, 878, 9648, 53]",en,Color Out of Space,16.369,2019-09-07,Color Out of Space,6.017,1431
[18],en,Erótica: Luz de Luna,19.211,2008-12-19,Erotica:  Moonlight,5.825,20
"[18, 35]",en,The World According to Garp,19.358,1982-08-13,The World According to Garp,6.671,339
"[28, 80, 53]",cn,警察故事續集,24.34,1988-08-13,Police Story 2,6.993,520
"[28, 18, 53, 80]",en,Get Carter,20.359,2000-10-06,Get Carter,5.171,558
"[10751, 28, 12]",nl,De Piraten van Hiernaast II: De Ninja's van de Overkant,13.377,2022-04-20,Pirates Down the Street II: The Ninjas from Across,6.5,160
[35],en,Mean Girls 2,21.358,2011-01-23,Mean Girls 2,5.213,1219
[10749],ko,룸싸롱 여대생들,16.923,2018-03-29,Room Salon College Girls,8.0,2
"[9648, 80, 53]",en,The Big Sleep,21.106,1946-08-23,The Big Sleep,7.593,1018
"[18, 10749]",en,The Remains of the Day,17.105,1993-11-05,The Remains of the Day,7.38,1287
"[10770, 10749, 18, 37]",en,Love's Enduring Promise,10.42,2004-11-20,Love's Enduring Promise,6.8,65
"[12, 10751, 14]",en,Jason and the Argonauts,20.356,1963-06-19,Jason and the Argonauts,7.163,593
"[16, 12, 28, 14]",ja,ゴブリンスレイヤー -GOBLIN'S CROWN-,17.114,2020-02-01,Goblin Slayer -Goblin's Crown-,7.416,261
"[28, 35, 80]",en,One for the Money,24.308,2012-01-26,One for the Money,5.5,944
"[10749, 18]",zh,青春18x2 君へと続く道,24.307,2024-03-14,18×2 Beyond Youthful Days,6.6,21
"[16, 10751, 12]",en,The Swan Princess: Far Longer Than Forever,24.304,2023-09-19,The Swan Princess: Far Longer Than Forever,5.2,11
"[10749, 18]",it,Nuovo Olimpo,24.304,2023-11-01,Nuovo Olimpo,7.003,180
"[28, 18, 53, 10749]",en,Nowhere to Run,17.853,1993-01-15,Nowhere to Run,6.357,698
"[16, 12, 35, 878, 14, 10751]",ja,映画ドラえもん のび太の月面探査記,15.291,2019-03-01,Doraemon: Nobita's Chronicle of the Moon Exploration,7.6,56
"[35, 18, 878]",en,Nowhere,13.852,1997-05-09,Nowhere,6.8,161
"[28, 12, 878, 53]",en,Street Fighter: The Legend of Chun-Li,21.103,2009-02-27,Street Fighter: The Legend of Chun-Li,4.348,442
"[35, 10749]",en,"Dude, Where's My Car?",14.602,2000-12-15,"Dude, Where's My Car?",5.541,1838
"[35, 10749]",en,Van Wilder 2: The Rise of Taj,17.102,2006-12-01,Van Wilder 2: The Rise of Taj,5.041,393
"[28, 35, 80]",ko,베테랑,16.854,2015-08-05,Veteran,6.893,201
"[28, 53]",hi,Don 2,18.603,2011-12-23,Don 2,7.026,231
[18],ja,団鬼六　緊縛卍責め,17.19,1985-01-15,Double Rope Torture,2.0,3
"[18, 53, 80]",en,The Critic,15.477,2024-09-13,The Critic,4.9,11
[18],en,Sergio,10.397,2020-01-28,Sergio,6.585,325
"[35, 18, 10751, 10402, 10749, 10770]",en,High School Musical 2,21.601,2007-08-17,High School Musical 2,6.524,3678
"[18, 10749]",ko,부부의 스폰서,17.354,2016-09-09,The Couple's Sponsor,0.0,0
"[16, 10751, 35]",en,Kung Fu Panda: Secrets of the Scroll,13.604,2016-01-05,Kung Fu Panda: Secrets of the Scroll,6.842,209
"[28, 12, 10752]",cn,東方秃鷹,14.139,1987-07-09,Eastern Condors,7.274,93
"[35, 18, 10749]",en,Magic in the Moonlight,12.352,2014-07-25,Magic in the Moonlight,6.497,2049
"[16, 35, 10751]",en,Looney Tunes: Back in Action,22.099,2003-11-14,Looney Tunes: Back in Action,6.4,1481
"[12, 36, 18]",en,The Bible: In the Beginning...,16.099,1966-09-28,The Bible: In the Beginning...,7.26,248
"[28, 12, 35, 80, 53]",en,Lethal Weapon 2,18.348,1989-07-07,Lethal Weapon 2,7.014,3327
[35],en,Dude,24.247,2018-04-20,Dude,5.523,741
[99],en,Inay,17.318,2024-10-02,Inay,0.0,0
"[18, 53, 10770]",en,"My Teacher, My Obsession",17.317,2018-06-12,"My Teacher, My Obsession",5.079,95
"[27, 9648]",en,The Cellar,17.315,2022-03-25,The Cellar,6.547,445
"[35, 10749]",en,Runaway Bride,19.348,1999-07-30,Runaway Bride,6.11,1954
"[27, 878, 53]",en,Species: The Awakening,19.349,2007-10-02,Species: The Awakening,4.708,252
"[28, 53]",en,Blind Fury,18.846,1989-08-17,Blind Fury,6.547,444
"[53, 27]",en,Jessabelle,17.306,2014-11-07,Jessabelle,5.416,777
[18],it,Familia,17.305,2024-10-02,Familia,10.0,1
"[28, 12, 35, 37]",ko,"좋은 놈, 나쁜 놈, 이상한 놈",20.097,2008-07-16,"The Good, the Bad, the Weird",7.173,715
[35],es,El padrecito,17.302,1964-09-03,El padrecito,7.951,154
"[28, 53, 80]",cn,辣手神探,17.345,1992-04-16,Hard Boiled,7.53,776
"[16, 28, 14, 9648]",en,The Batman vs. Dracula,12.346,2005-10-18,The Batman vs. Dracula,6.95,333
"[28, 53]",en,Road House,21.548,1989-05-19,Road House,6.719,1251
"[35, 18]",sh,Nedostaje mi Sonja Henie,17.297,1971-01-20,I Miss Sonia Henie,5.778,18
"[18, 35]",en,La Tresse,17.296,2023-11-29,The Braid,7.653,131
[27],en,Crocodile 2: Death Swamp,24.214,2002-03-19,Crocodile 2: Death Swamp,5.144,94
"[10749, 18, 35]",en,Love Again,14.631,2023-05-04,Love Again,6.713,338
"[80, 18, 53]",en,The Night of the Hunter,19.095,1955-08-26,The Night of the Hunter,7.9,1579
"[18, 36]",ja,北斎漫画,12.644,1981-09-12,Edo Porn,6.1,35
"[14, 28, 12, 27, 53]",ru,Дневной дозор,13.345,2006-01-01,Day Watch,6.125,518
"[10749, 35]",tr,Sen İnandır,22.635,2023-06-23,Make Me Believe,6.514,107
[18],en,Unbroken: Path to Redemption,14.852,2018-09-14,Unbroken: Path to Redemption,6.6,140
"[16, 35, 9648, 10751, 14, 12, 27]",en,Straight Outta Nowhere: Scooby-Doo! Meets Courage the Cowardly Dog,19.359,2021-09-14,Straight Outta Nowhere: Scooby-Doo! Meets Courage the Cowardly Dog,7.8,381
"[35, 18, 10749, 10770]",en,Emma,15.843,1996-10-02,Emma,6.66,122
"[35, 10749]",en,Sex Appeal,15.862,2022-01-14,Sex Appeal,6.696,276
"[28, 36, 12, 18]",en,Ben-Hur,15.848,2016-08-17,Ben-Hur,5.737,1640
[27],es,Aterrados,22.1,2018-05-03,Terrified,6.708,632
[35],en,Video Vixens!,14.332,1975-06-01,Video Vixens!,5.1,8
[99],en,Friends: The Reunion,16.107,2021-05-27,Friends: The Reunion,7.87,1181
"[35, 10749]",en,Date Movie,23.343,2006-02-17,Date Movie,4.213,959
[18],en,Scoop,24.189,2024-03-27,Scoop,6.39,154
[18],es,El salto,17.046,2024-04-12,Jumping The Fence,6.0,3
"[35, 80]",en,Quick Change,24.186,1990-07-13,Quick Change,6.661,347
"[14, 12, 10751, 28]",en,Pan,14.346,2015-09-24,Pan,5.965,2696
"[53, 80, 18]",en,Side Effects,16.093,2013-02-07,Side Effects,6.601,3037
[],cn,激情艷女,14.34,1993-01-01,Journalist Story,0.0,0
"[12, 28]",en,Ben 10 Alien Swarm,13.342,2009-11-25,Ben 10 Alien Swarm,6.1,332
"[878, 53]",en,Looker,10.358,1981-10-30,Looker,6.09,117
"[18, 9648, 53]",es,Los renglones torcidos de Dios,18.615,2022-10-06,God's Crooked Lines,7.344,647
[99],en,The Cove,14.591,2009-07-31,The Cove,7.928,590
"[53, 9648, 14, 27]",en,Inland Empire,19.341,2006-12-06,Inland Empire,7.0,1060
"[28, 53]",en,Black Water,17.595,2018-05-18,Black Water,5.6,241
"[27, 14]",cn,聊齋艷譚續集：五通神,24.154,1991-01-23,Erotic Ghost Story II,5.2,21
[],ko,포토그래퍼,13.374,2017-02-10,The Photographer,10.0,1
"[18, 10749, 53]",it,Senso '45,14.188,2002-04-12,Black Angel,5.3,70
"[18, 10402]",en,Stomp the Yard,20.089,2007-05-16,Stomp the Yard,7.026,439
"[10752, 18]",no,Konvoi,14.096,2023-12-25,The Arctic Convoy,6.326,23
"[16, 10751, 12, 35]",en,Pets United,14.347,2019-11-08,Pets United,5.806,188
"[878, 53, 80]",en,Soylent Green,18.337,1973-04-18,Soylent Green,6.945,1240
"[27, 53]",en,La Llorona,15.855,2022-01-07,The Legend of La Llorona,5.916,101
"[16, 14, 12]",zh,哪吒之魔童降世,14.595,2019-07-26,Ne Zha,7.917,396
"[27, 53, 14, 878]",en,The Call of Cthulhu,10.345,2005-10-07,The Call of Cthulhu,7.1,151
[18],ta,கொட்டுக்காளி,15.644,2024-08-23,Kottukkaali,9.0,2
"[18, 10749]",hi,वीर-ज़ारा,22.336,2004-11-12,Veer-Zaara,7.4,255
"[35, 10402]",en,Work It,15.096,2020-08-07,Work It,7.565,1147
"[18, 10749]",hi,वीर-ज़ारा,17.233,2004-11-12,Veer-Zaara,7.4,255
"[35, 10402]",en,Work It,17.23,2020-08-07,Work It,7.565,1147
[18],en,Bringing Out the Dead,17.23,1999-10-22,Bringing Out the Dead,6.6,1050
"[16, 14, 10751, 35]",en,Trolls Holiday in Harmony,17.229,2021-11-26,Trolls Holiday in Harmony,7.2,178
"[28, 80, 53]",en,Brawl in Cell Block 99,17.228,2017-09-23,Brawl in Cell Block 99,6.968,1379
"[10749, 35, 878, 18]",hi,तेरी बातों में ऐसा उलझा जिया,17.225,2024-02-09,Teri Baaton Mein Aisa Uljha Jiya,5.482,28
"[99, 10402]",en,Billie Eilish: The World's a Little Blurry,17.225,2021-02-26,Billie Eilish: The World's a Little Blurry,8.363,293
"[80, 18]",en,White Boy Rick,17.225,2018-09-14,White Boy Rick,6.3,1053
[35],en,Booty Call,17.224,1997-02-26,Booty Call,5.288,111
[35],en,Adventures in Babysitting,17.22,1987-07-01,Adventures in Babysitting,6.861,654
"[53, 27, 28, 14]",en,Dracula 2000,17.216,2000-12-22,Dracula 2000,5.264,657
[18],en,The American,17.215,2023-11-02,The American,7.302,43
"[16, 35, 10751]",en,Inside Out 2: A Special Look,17.214,2024-07-15,Inside Out 2: A Special Look,8.0,1
"[18, 36]",hi,Mangal Pandey - The Rising,17.214,2005-08-12,Mangal Pandey - The Rising,6.148,61
"[18, 53]",es,Nina,17.213,2024-05-10,Nina,6.25,4
"[12, 27]",it,La montagna del dio cannibale,17.213,1978-07-12,Slave of the Cannibal God,5.2,95
"[12, 14, 16, 28, 878]",en,Batman: Mystery of the Batwoman,17.213,2003-10-21,Batman: Mystery of the Batwoman,6.6,384
"[18, 53]",en,Kidnap,17.212,2017-06-16,Kidnap,6.2,1273
"[53, 27]",ko,악마를 보았다,17.212,2010-08-12,I Saw the Devil,7.801,2522
"[27, 53]",ja,リング,17.211,1998-01-31,Ring,7.058,1408
"[37, 35]",en,Blazing Saddles,15.081,1974-02-07,Blazing Saddles,7.3,1825
[27],en,Eli,15.841,2019-10-18,Eli,6.006,1387
[53],en,Deadly Pickup,17.346,2016-07-26,Deadly Pickup,5.6,17
[35],en,Next Friday,20.831,2000-01-12,Next Friday,6.451,559
[10749],ko,어린 엄마 3,15.119,2019-05-30,Young Mom 3,1.5,1
[18],zh,新金瓶梅 第一集,18.79,1996-03-08,New Golden Lotus  I,7.0,7
"[35, 10749]",en,10,16.08,1979-10-05,10,5.719,254
"[18, 10770]",en,San Giovanni: L'Apocalisse,16.7,2004-12-03,The Apocalypse,5.448,29
"[14, 35, 10749, 878]",en,The Nutty Professor,17.829,1996-06-28,The Nutty Professor,5.634,2860
"[10749, 18, 28]",hi,औरों में कहां दम था,17.935,2024-08-02,Auron Mein Kahan Dum Tha,1.0,1
[18],en,The Boys Are Back,10.315,2009-09-25,The Boys Are Back,6.301,178
"[18, 53]",en,A Dangerous Method,20.832,2011-09-30,A Dangerous Method,6.356,2031
"[28, 10749, 10752]",en,Redemption Day,13.091,2021-01-08,Redemption Day,5.996,250
"[12, 14, 10751]",en,Chupa,19.863,2023-04-07,Chupa,6.402,333
"[27, 53]",en,Lowlifes,14.141,2024-04-11,Lowlifes,6.5,40
"[27, 35]",fr,Brain Freeze,17.186,2021-10-29,Brain Freeze,6.403,36
"[12, 35, 28, 27]",th,ไลโอ โคตรแย้ยักษ์,13.171,2022-07-28,The Beast Below,4.6,19
"[16, 10751]",fr,Nina et le secret du hérisson,14.582,2023-10-11,Nina and the Hedgehog's Secret,7.3,15
"[53, 9648, 27]",en,The Boat,17.179,2019-02-22,The Boat,5.441,128
"[9648, 53, 80]",en,Felony,17.179,2014-08-28,Felony,5.732,179
[37],en,The Naked Spur,10.305,1953-01-30,The Naked Spur,6.858,200
"[16, 35, 10751, 10770, 878, 12, 28]",en,Phineas and Ferb The Movie: Across the 2nd Dimension,21.579,2011-08-05,Phineas and Ferb The Movie: Across the 2nd Dimension,7.1,543
"[18, 35, 10749]",en,Waitress,24.044,2007-05-25,Waitress,6.741,514
"[18, 27, 9648]",en,The Mothman Prophecies,20.577,2002-01-25,The Mothman Prophecies,6.183,1101
[18],en,Goal!,15.827,2005-09-29,Goal!,6.76,1100
"[12, 28, 37]",en,Mackenna's Gold,14.327,1969-03-18,Mackenna's Gold,6.5,172
"[80, 18, 9648]",en,Changeling,18.828,2008-10-24,Changeling,7.6,4102
"[35, 10751]",en,Deck the Halls,17.327,2006-11-22,Deck the Halls,5.571,650
"[16, 10751, 14, 28, 12, 35]",en,G-Force,11.327,2009-07-24,G-Force,5.451,1840
[18],en,Secrets & Lies,18.074,1996-05-24,Secrets & Lies,7.553,635
"[28, 80, 35]",en,The Green Hornet,17.576,2011-01-12,The Green Hornet,5.594,3178
"[27, 878]",en,Sssssss,11.394,1973-07-06,Sssssss,5.181,94
"[16, 35, 10749]",ja,劇場版 からかい上手の高木さん,12.346,2022-06-10,Teasing Master Takagi-san: The Movie,8.5,125
"[28, 18, 10752]",fr,Forces spéciales,24.018,2011-11-02,Special Forces,6.72,569
"[28, 12, 53]",en,Behind Enemy Lines II: Axis of Evil,13.575,2006-10-17,Behind Enemy Lines II: Axis of Evil,4.768,112
"[53, 18, 27]",en,The Good Son,17.323,1993-09-24,The Good Son,6.762,929
"[80, 18, 35]",en,Family Business,24.016,1989-12-06,Family Business,5.698,236
"[28, 80, 53]",en,Miami Vice,20.825,2006-07-27,Miami Vice,6.004,1742
[35],en,Bad Words,12.326,2013-09-06,Bad Words,6.376,801
"[10770, 16, 10751, 35, 10402]",en,Big City Greens the Movie: Spacecation,14.951,2024-06-06,Big City Greens the Movie: Spacecation,7.6,7
"[14, 28, 12, 18]",en,DragonHeart,14.073,1996-05-31,DragonHeart,6.537,1946
"[80, 9648]",en,Dressed to Kill,10.289,1946-05-24,Dressed to Kill,6.505,110
"[10749, 18]",en,The Painted Veil,17.074,2006-12-09,The Painted Veil,7.243,1142
"[18, 10749]",zh,小城之春,10.285,1948-02-01,Spring in a Small Town,7.068,88
[37],fr,Soleil Rouge,19.071,1971-09-15,Red Sun,6.9,252
"[14, 18, 35, 10751]",en,The Santa Clause,23.071,1994-11-11,The Santa Clause,6.486,2010
"[28, 12, 14]",en,The Scorpion King 4: Quest for Power,13.575,2015-01-09,The Scorpion King 4: Quest for Power,5.1,211
"[35, 27]",en,What We Do in the Shadows,13.575,2014-06-19,What We Do in the Shadows,7.573,3469
"[18, 10770]",en,When He's Not a Stranger,14.91,1989-11-06,When He's Not a Stranger,5.0,3
"[10770, 27, 878]",en,Grave Halloween,10.279,2013-10-19,Grave Halloween,4.6,58
[18],en,Charm City Kings,15.83,2020-01-27,Charm City Kings,7.856,463
"[35, 10770]",en,Still Waiting...,17.331,2009-02-17,Still Waiting...,4.717,92
"[18, 10749]",en,Nights in Rodanthe,15.071,2008-09-26,Nights in Rodanthe,6.251,584
"[18, 80]",en,Midnight Express,15.819,1978-08-31,Midnight Express,7.509,1675
"[10749, 18, 14]",en,City of Angels,20.32,1998-04-10,City of Angels,6.794,2090
"[16, 28, 878, 80]",en,Batman vs Teenage Mutant Ninja Turtles,16.576,2019-03-31,Batman vs Teenage Mutant Ninja Turtles,7.141,480
[18],vi,Vợ ba,23.969,2019-01-11,The Third Wife,6.487,77
"[35, 14, 10749]",en,Little,17.576,2019-04-04,Little,6.882,704
"[12, 28, 35, 10749]",cn,玻璃樽,18.569,1999-02-12,Gorgeous,6.339,358
[35],en,DodgeBall: A True Underdog Story,19.569,2004-06-18,DodgeBall: A True Underdog Story,6.352,3431
"[10749, 35]",en,The House Bunny,18.57,2008-08-22,The House Bunny,5.655,1866
[35],en,Billy Madison,23.965,1995-02-10,Billy Madison,6.18,1610
"[10770, 10749, 35]",en,Beauty and the Billionaire,17.19,2022-07-25,Beauty and the Billionaire,6.75,20
"[28, 80, 18, 53]",cn,喋血雙雄,14.067,1989-03-24,The Killer,7.605,773
"[28, 12, 53]",en,American Siege,23.961,2022-01-07,American Siege,5.393,149
"[18, 36]",en,The Color Purple,16.317,1985-12-18,The Color Purple,7.753,1752
"[28, 12, 878]",en,Stargate: The Ark of Truth,20.569,2008-03-11,Stargate: The Ark of Truth,7.129,483
[99],es,Porno,13.218,2006-03-10,Porno,4.917,5
"[18, 36]",hi,महाराज,23.955,2024-06-21,Maharaj,6.58,25
[16],en,Barbie: Mermaid Power,16.973,2022-10-14,Barbie: Mermaid Power,6.7,71
[16],fr,"Maya, donne-moi un titre",23.953,2024-10-02,"Maya, donne-moi un titre",8.0,1
[18],ko,모두 그곳에 있다,13.346,2020-01-15,Everyone is There,7.956,34
"[28, 80, 18]",ja,次元大介,23.948,2023-10-12,Jigen Daisuke,6.773,77
"[35, 18, 10749]",en,Strictly Ballroom,11.066,1992-08-20,Strictly Ballroom,6.573,335
"[10751, 12, 35, 14]",fr,Astérix & Obélix contre César,15.067,1999-02-03,Asterix & Obelix Take on Caesar,6.006,1847
"[35, 10749]",en,Ibiza,10.263,2018-05-25,Ibiza,5.713,1158
"[35, 18]",en,Fitting In,11.566,2024-02-02,Fitting In,7.013,39
"[18, 35, 10749, 10402]",en,High Fidelity,18.066,2000-03-17,High Fidelity,7.128,1945
"[10749, 18]",en,Time Is Up,17.331,2021-09-09,Time Is Up,6.462,648
"[35, 10749]",en,Playing It Cool,19.346,2014-09-26,Playing It Cool,5.88,739
"[18, 10749]",en,The Mother,11.686,2003-11-14,The Mother,6.065,54
"[18, 28, 36, 53]",en,Munich,18.566,2005-12-23,Munich,7.149,2596
[99],en,Being James Bond,14.79,2021-08-29,Being James Bond,7.762,82
"[12, 36, 28]",en,Arthur & Merlin: Knights of Camelot,15.575,2020-05-28,Arthur & Merlin: Knights of Camelot,5.3,123
"[16, 28, 53]",ja,ルパン三世VS名探偵コナン THE MOVIE,15.068,2013-12-07,Lupin the Third vs. Detective Conan: The Movie,6.9,164
"[18, 10752]",en,Tigerland,23.929,2000-10-06,Tigerland,6.608,549
"[27, 53]",en,Jaws 2,18.064,1978-06-16,Jaws 2,5.983,1866
"[35, 14, 878]",en,Weird Science,19.564,1985-08-01,Weird Science,6.5,1360
"[18, 10749]",en,The Choice,16.068,2016-02-04,The Choice,7.195,1862
"[10770, 80, 18, 14, 53, 16]",ja,Death Note: デスノート,15.565,2007-08-31,Death Note Relight 1: Visions of a God,8.064,297
[18],ru,Лес,17.74,2018-04-05,The Forest,5.107,14
[27],en,Messengers 2: The Scarecrow,12.065,2009-07-21,Messengers 2: The Scarecrow,5.4,160
"[80, 18, 53]",es,Los violadores del amanecer,10.25,1978-05-03,The Dawn Rapists,4.647,17
[27],en,Skinamarink,21.342,2023-01-13,Skinamarink,5.41,255
"[27, 28, 10752]",en,Shadow in the Cloud,20.575,2020-12-31,Shadow in the Cloud,5.839,952
"[35, 10749, 10751]",es,Ocho apellidos vascos,12.316,2014-03-14,Spanish Affair,6.7,620
"[18, 10749]",fr,Goodbye Emmanuelle,10.247,1977-10-14,Emmanuelle 3,4.5,69
"[18, 10749]",en,Professor Marston and the Wonder Women,16.817,2017-10-13,Professor Marston and the Wonder Women,7.176,848
"[35, 27]",en,The Babysitter,18.567,2017-10-13,The Babysitter,6.138,3543
"[35, 18, 10749]",en,The Battle of Shaker Heights,10.244,2003-08-22,The Battle of Shaker Heights,5.683,52
"[35, 18, 10749]",en,The Battle of Shaker Heights,10.244,2003-08-22,The Battle of Shaker Heights,5.683,52
"[27, 53, 18, 9648]",en,The Fog,18.561,2005-10-14,The Fog,4.551,729
[18],th,ขังแปด,14.021,2002-11-03,Butterfly in Grey,4.857,7
"[16, 35, 10751, 14, 878]",en,Daffy Duck's Quackbusters,10.24,1988-09-24,Daffy Duck's Quackbusters,6.621,132
"[12, 28, 18, 36, 10770]",en,The Count of Monte-Cristo,15.06,1975-10-31,The Count of Monte-Cristo,6.691,144
"[80, 18]",en,Wall Street,16.81,1987-12-10,Wall Street,7.164,2005
"[18, 35, 53]",en,Hallam Foe,12.312,2007-02-16,Hallam Foe,6.612,161
"[18, 9648]",en,Brick,12.81,2006-03-31,Brick,6.813,1213
"[18, 27, 53]",id,Menjelang Ajal,23.881,2024-04-30,Menjelang Ajal,6.286,7
"[18, 16, 10751, 35, 14]",en,All Dogs Go to Heaven,18.059,1989-11-17,All Dogs Go to Heaven,6.8,1008
"[878, 28, 12]",en,Tron,20.059,1982-07-09,Tron,6.658,2252
[10749],ko,어린 형수 5,15.971,2019-11-20,Young Sister-in-Law 5,6.2,10
"[28, 12, 18, 10751]",en,White Fang,18.808,1991-01-18,White Fang,6.7,583
"[28, 18, 878, 16]",ja,ブラム,12.814,2017-05-20,BLAME!,6.448,296
"[28, 12, 80, 878, 53]",en,RoboCop 3,18.808,1993-01-21,RoboCop 3,4.833,1257
"[16, 14, 12]",ja,映画犬夜叉 天下覇道の剣,17.058,2003-12-20,Inuyasha the Movie 3: Swords of an Honorable Ruler,7.7,136
[10749],ja,女教師日記　禁じられた性,23.427,1995-09-08,Female Teacher's Diary Forbidden Sex,5.8,4
"[18, 35, 10749]",en,Quartet,16.56,2012-12-26,Quartet,6.494,357
[],ja,バージン協奏曲 それゆけ純白パンツ!,15.346,2019-10-05,Virgin Concerto,2.0,1
"[18, 14, 53]",en,Byzantium,23.81,2013-04-11,Byzantium,6.285,833
"[27, 53]",en,Simon Says,17.043,2007-09-25,Simon Says,5.079,89
[18],en,Still Alice,17.042,2014-12-05,Still Alice,7.494,3029
"[12, 18, 28]",ja,十三人の刺客,17.039,2010-09-09,13 Assassins,7.297,1097
"[28, 18, 10752]",de,Blood & Gold,17.033,2023-04-21,Blood & Gold,6.64,364
"[10751, 35, 14]",en,Like Mike,17.033,2002-07-03,Like Mike,6.107,505
"[14, 35, 10749]",en,Bedazzled,17.032,2000-10-19,Bedazzled,6.058,1861
"[28, 53]",en,Infidel,17.031,2019-11-08,Infidel,5.5,74
[18],en,The Danish Girl,17.029,2015-11-27,The Danish Girl,7.584,5709
"[35, 10749, 10751]",en,One Crazy Summer,17.029,1986-08-08,One Crazy Summer,6.0,188
"[35, 10749]",pt,Apaixonada,17.027,2024-03-07,Apaixonada,6.333,21
"[18, 36]",en,The Tragedy of Richard III,17.027,1983-01-23,The Tragedy of Richard III,6.0,1
"[28, 80, 12, 53]",en,Triple 9,17.025,2016-02-19,Triple 9,5.976,2099
"[27, 28, 12, 10770]",en,Anacondas: Trail of Blood,17.023,2009-02-27,Anacondas: Trail of Blood,4.727,291
"[16, 14, 12, 9648]",ja,イバラード時間,17.014,2007-07-04,Iblard Time,6.7,40
"[80, 18]",en,House of Bamboo,17.014,1955-07-01,House of Bamboo,6.1,62
"[53, 27]",en,Blair Witch,17.01,2016-09-15,Blair Witch,5.227,1884
[35],en,Scrambled,17.009,2024-02-02,Scrambled,5.521,24
"[28, 12, 878]",ja,ゴジラ2000 ミレニアム,17.009,1999-12-11,Godzilla 2000: Millennium,6.952,258
"[80, 53]",en,Insomnia,17.004,2002-05-24,Insomnia,6.942,4685
"[27, 53, 878]",en,Possessor,17.001,2020-10-02,Possessor,6.4,846
"[10751, 12]",en,Free Willy 3: The Rescue,11.551,1997-08-06,Free Willy 3: The Rescue,6.1,335
"[80, 28, 9648, 53]",en,The Long Kiss Goodnight,19.05,1996-10-11,The Long Kiss Goodnight,6.613,1157
"[28, 27, 53]",en,Hex,15.937,2022-11-01,Hex,5.8,87
"[16, 18]",fr,Persepolis,14.552,2007-06-27,Persepolis,7.899,1918
"[35, 18, 10402]",ga,Kneecap,18.795,2024-08-02,Kneecap,6.7,39
"[27, 53]",en,Night Shift,10.202,2023-03-03,Night Shift,6.31,79
"[36, 18, 12]",en,Barabbas,16.05,1961-12-23,Barabbas,6.841,151
"[18, 10749]",en,Fiddler on the Roof,19.549,1971-11-03,Fiddler on the Roof,7.682,557
"[10752, 18]",en,Macbeth,14.549,1971-12-20,Macbeth,7.106,273
"[27, 14, 35]",en,Leprechaun Returns,12.557,2018-12-11,Leprechaun Returns,6.153,623
"[12, 28, 53]",en,The Three Musketeers,23.789,2011-08-31,The Three Musketeers,5.801,2597
"[53, 28, 35, 80, 18]",en,48 Hrs.,21.549,1982-12-07,48 Hrs.,6.7,1460
"[10402, 18]",en,You Got Served,19.049,2004-01-30,You Got Served,6.349,420
[27],en,Night of the Living Dead,16.048,1990-10-19,Night of the Living Dead,6.861,818
"[53, 18, 9648]",en,Disturbia,15.55,2007-03-27,Disturbia,6.693,3623
"[18, 27, 878]",en,Frankenstein,20.049,1931-11-21,Frankenstein,7.467,1539
[27],en,The Borderlands,10.301,2014-03-28,The Borderlands,5.425,220
"[10751, 12, 18]",en,Le Loup et le Lion,16.564,2021-10-13,The Wolf and the Lion,7.5,390
"[878, 28, 27]",en,Breach,17.56,2020-12-17,Breach,4.2,635
"[35, 18, 10749]",en,Modern Times,13.548,1936-02-05,Modern Times,8.294,3648
"[16, 18, 10749, 53, 878]",ja,人狼 JIN-ROH,20.048,1999-11-17,Jin-Roh: The Wolf Brigade,7.404,473
"[18, 10749]",ko,18금 아이돌 승하의 섹스 스캔들,17.719,2020-07-17,R-Rated Idol Seung-ha's Sex Scandal,6.9,47
[18],it,Messalina Venere imperatrice,10.188,1960-03-12,Messalina,5.5,6
"[28, 53, 878]",en,The King of Fighters,12.049,2010-08-26,The King of Fighters,4.88,154
[27],es,La llorona,13.738,2006-06-20,The Wailer,6.878,98
"[18, 10749, 35]",ko,나인틴: 쉿! 상상금지!,17.67,2015-04-20,Nineteen: Shh! No Imagining!,5.0,4
[37],en,Cattle King,10.185,1963-07-08,Cattle King,6.0,11
"[16, 28, 14]",ja,るろうに剣心 -明治剣客浪漫譚- 維新志士への鎮魂歌,23.765,1997-12-20,Rurouni Kenshin: Requiem for the Ishin Patriots,7.047,85
"[12, 35, 878]",en,Land of the Lost,22.798,2009-06-05,Land of the Lost,5.419,1285
[35],it,Ari-Cassamortari,12.407,2024-09-23,Ari-Cassamortari,7.2,5
[10749],te,గీత గోవిందం,23.757,2018-08-15,Geetha Govindam,6.853,68
"[10749, 35]",en,The Break-Up,21.546,2006-06-01,The Break-Up,5.888,2633
"[12, 18, 53]",en,Survive,12.315,2022-05-12,Survive,4.8,25
[28],en,American Ninja,13.044,1985-08-30,American Ninja,5.909,421
"[28, 80]",en,Four Brothers,20.045,2005-08-11,Four Brothers,6.763,2087
[10749],ko,어린 처제 2,19.111,2018-08-14,Young Sister-in-law 2,4.0,2
"[53, 9648]",es,La cara oculta,16.297,2011-09-16,The Hidden Face,7.31,1024
"[27, 28, 878, 53]",en,Jeruzalem,10.174,2016-01-22,Jeruzalem,5.53,578
[35],en,How to Be a Latin Lover,17.049,2017-03-06,How to Be a Latin Lover,6.907,610
"[12, 35, 28, 10749]",en,Barely Lethal,17.047,2015-04-23,Barely Lethal,5.73,1038
"[28, 53, 35, 80]",en,Shoot 'Em Up,21.795,2007-07-26,Shoot 'Em Up,6.471,1838
"[53, 80, 18]",en,The Counselor,18.796,2013-10-25,The Counselor,5.268,1831
"[18, 10749]",es,El hilo rojo,16.797,2016-05-19,The Red Thread,6.683,175
"[80, 18, 10749]",cn,驚變,13.022,1996-06-14,All of a Sudden,6.125,16
"[16, 35]",ja,らんま½ 超無差別決戦! 乱馬チームVS伝説の鳳凰,14.242,1994-08-20,Ranma ½: The Movie 3 — The Super Non-Discriminatory Showdown: Team Ranma vs. the Legendary Phoenix,7.7,65
"[53, 18, 10749]",en,Bitter Moon,16.542,1992-09-02,Bitter Moon,7.108,741
"[27, 53]",en,Run Sweetheart Run,23.724,2020-01-27,Run Sweetheart Run,5.735,179
"[16, 10751, 35]",en,Get a Horse!,10.168,2013-11-27,Get a Horse!,7.6,245
[35],es,Sonríe,13.544,2011-01-02,Sonríe,0.0,0
"[12, 18]",en,Easy Rider,18.043,1969-06-26,Easy Rider,7.1,1928
[37],en,Hang 'em High,23.719,1968-04-12,Hang 'em High,6.817,745
[18],es,20.000 especies de abejas,22.157,2023-04-21,"20,000 Species of Bees",7.1,86
"[10751, 16, 12, 35]",fr,Astérix le Gaulois,23.717,1967-12-20,Asterix the Gaul,6.461,711
[10751],nl,De Grote Sinterklaasfilm: Stampij in de bakkerij,23.715,2024-10-02,De Grote Sinterklaasfilm: Stampij in de bakkerij,0.0,0
"[28, 9648, 12]",zh,老九门之青山海棠,17.3,2022-02-10,The Mystic Nine: Begonia from Qingshan,5.7,8
"[53, 18, 9648, 14]",es,Durante la tormenta,16.299,2018-11-30,Mirage,7.472,1773
"[27, 9648, 53]",fr,Megalomaniac,11.981,2023-09-08,Megalomaniac,5.776,38
"[53, 27]",es,[REC]²,17.292,2009-09-15,[REC]²,6.611,1951
"[10749, 35]",en,Monster-in-Law,18.541,2005-05-13,Monster-in-Law,6.207,1630
"[18, 35]",is,Undir trénu,10.16,2017-09-06,Under the Tree,6.735,149
"[10749, 18, 36]",en,Brooklyn,16.934,2015-10-20,Brooklyn,7.312,3055
[28],en,Fast & Furious Presents: Hobbs & Reyes,16.933,,Fast & Furious Presents: Hobbs & Reyes,0.0,0
"[10749, 35, 14, 27]",fr,Vampire humaniste cherche suicidaire consentant,16.931,2023-10-13,Humanist Vampire Seeking Consenting Suicidal Person,7.6,122
"[10749, 35]",en,The Wedding Date,16.931,2005-02-04,The Wedding Date,6.813,1156
"[16, 10751, 35, 9648]",en,Scooby-Doo! and WWE: Curse of the Speed Demon,16.93,2016-07-23,Scooby-Doo! and WWE: Curse of the Speed Demon,7.6,185
"[28, 80, 53]",en,Detective Knight: Independence,16.929,2023-01-20,Detective Knight: Independence,5.415,170
"[53, 80]",it,L'ultima notte di Amore,16.929,2023-03-09,Last Night of Amore,7.177,436
"[18, 10749]",es,El Crimen del Padre Amaro,16.929,2002-10-01,The Crime of Padre Amaro,6.577,267
"[878, 28, 53]",en,Æon Flux,16.928,2005-11-30,Æon Flux,5.613,2188
"[10749, 35]",ta,Vennira Iravugal,16.925,2014-03-06,Vennira Iravugal,10.0,1
"[12, 53, 18]",ml,മഞ്ഞുമ്മല്‍ BOYS,16.921,2024-02-22,Manjummel Boys,7.9,35
"[37, 10749, 18]",en,Duel in the Sun,16.919,1946-12-31,Duel in the Sun,6.3,163
"[27, 9648, 53]",en,Wer,16.918,2013-11-16,Wer,6.351,417
"[18, 10749]",pl,Znachor,16.917,2023-09-27,Forgotten Love,7.938,256
"[18, 53, 80, 9648]",fr,Ne le dis à personne,16.916,2006-11-01,Tell No One,7.253,1368
"[99, 18]",de,The Suit,16.915,2024-09-29,The Suit,0.0,0
"[16, 28]",en,Justice League: War,16.915,2014-01-21,Justice League: War,7.413,1063
[99],en,Young @ Heart,16.915,2008-10-02,Young @ Heart,7.3,49
"[18, 10749]",en,Inventing the Abbotts,16.915,1997-04-04,Inventing the Abbotts,6.293,220
"[14, 35, 18]",en,Scrooged,16.914,1988-11-22,Scrooged,6.799,1479
"[28, 18, 878, 53]",en,Extinction,15.297,2020-01-18,Extinction,6.327,668
"[28, 80]",en,Vendetta,14.809,2022-05-17,Vendetta,6.101,276
[28],en,Tracers,19.307,2015-01-15,Tracers,6.028,1065
"[18, 12, 10749, 53]",en,The Beach,11.788,2000-02-03,The Beach,6.482,4300
"[18, 28, 12]",ja,隠し砦の三悪人,23.538,1958-12-28,The Hidden Fortress,7.942,602
"[878, 27]",en,The Day of the Triffids,10.537,1963-04-24,The Day of the Triffids,6.122,168
[18],hi,तारे ज़मीन पर,17.038,2007-12-21,Like Stars on Earth,7.987,1144
"[18, 35]",hi,संजू,17.293,2018-06-29,Sanju,7.242,186
"[18, 10749, 53]",en,Possessed,10.143,1947-05-29,Possessed,6.9,80
"[878, 28, 18]",ja,メカゴジラの逆襲,11.285,1975-03-15,Terror of Mechagodzilla,6.9,207
"[18, 10749]",fr,Celle que vous croyez,23.663,2019-02-27,Who You Think I Am,6.547,317
"[35, 18, 10749]",en,All About Anna,13.518,2005-11-24,All About Anna,3.6,109
"[35, 18, 10749]",en,Now and Then,20.285,1995-10-20,Now and Then,6.9,419
"[16, 10751]",en,The Larva Island Movie,12.547,2020-07-23,The Larva Island Movie,7.2,174
"[28, 27, 14]",en,End of Days,18.786,1999-11-24,End of Days,6.08,1819
"[18, 27, 9648, 53]",en,The Night House,21.301,2021-07-15,The Night House,6.612,1103
[],ko,탈옥정사,18.494,2024-06-14,탈옥정사,10.0,1
[18],tl,Late Bloomer,11.441,2024-04-29,Late Bloomer,6.0,1
[35],en,Death at a Funeral,18.286,2010-04-15,Death at a Funeral,5.838,959
"[16, 28, 878, 14]",en,Green Lantern: Beware My Power,16.056,2022-05-19,Green Lantern: Beware My Power,6.793,213
[35],en,Death at a Funeral,18.286,2010-04-15,Death at a Funeral,5.838,959
"[16, 28, 878, 14]",en,Green Lantern: Beware My Power,16.056,2022-05-19,Green Lantern: Beware My Power,6.793,213
"[14, 12]",en,Dragonheart: Battle for the Heartfire,14.04,2017-07-09,Dragonheart: Battle for the Heartfire,6.066,213
"[28, 35]",ja,HK/変態仮面,12.036,2013-04-13,HK: Forbidden Super Hero,6.306,175
"[18, 10749]",en,A Room with a View,19.033,1986-03-07,A Room with a View,6.99,737
"[80, 35]",en,Dirty Rotten Scoundrels,18.533,1988-12-14,Dirty Rotten Scoundrels,7.073,854
"[37, 18, 9648]",en,High Plains Drifter,16.032,1973-04-19,High Plains Drifter,7.3,1134
"[18, 10749]",en,Brideshead Revisited,12.534,2008-07-25,Brideshead Revisited,6.4,148
"[35, 14, 10749]",en,Isn't It Romantic,13.04,2019-02-13,Isn't It Romantic,6.217,3446
"[12, 28, 35]",en,Casino Royale,19.783,1967-04-13,Casino Royale,5.282,720
"[10749, 35, 10751, 14]",en,Herbie Rides Again,20.782,1974-02-12,Herbie Rides Again,6.1,392
"[18, 53, 12]",fr,Le Salaire de la peur,17.533,1953-04-22,The Wages of Fear,8.036,923
"[18, 10749]",fr,Love,18.071,2015-07-06,Love,6.438,2437
[18],en,Brain on Fire,18.037,2017-02-22,Brain on Fire,7.049,1349
[35],en,The Party,20.282,1968-04-04,The Party,7.284,744
"[10402, 18, 35]",en,Rock Star,16.532,2001-09-04,Rock Star,6.727,726
"[35, 10751]",en,MouseHunt,18.032,1997-12-19,MouseHunt,6.5,1221
"[28, 10752]",ru,1941 жылдың жазы,21.612,2022-04-21,Summer 1941,5.7,27
"[28, 27, 878]",en,Doom,16.282,2005-10-20,Doom,5.142,2200
"[28, 16, 12]",ja,ドラゴンボール 超サイヤ人絶滅計画,15.532,2010-11-11,Dragon Ball Z: Plan to Eradicate the Super Saiyans,7.128,285
"[80, 18, 9648]",en,Gone Baby Gone,12.032,2007-09-18,Gone Baby Gone,7.304,3708
"[80, 18]",ko,보고타: 마지막 기회의 땅,23.614,2024-10-03,Bogota: City of the Lost,0.0,0
"[80, 35, 18]",en,Lying and Stealing,16.289,2019-07-12,Lying and Stealing,5.859,348
"[53, 27, 878]",en,Village of the Damned,23.28,1995-04-28,Village of the Damned,6.077,801
"[28, 80, 53]",en,Blood for Dust,23.612,2024-04-19,Blood for Dust,5.3,30
"[35, 80, 18]",en,Radioland Murders,10.119,1994-10-21,Radioland Murders,6.0,48
"[35, 10751, 16, 12, 9648]",en,Scooby-Doo! and the Curse of the 13th Ghost,12.787,2019-02-05,Scooby-Doo! and the Curse of the 13th Ghost,7.9,242
"[53, 10770, 9648, 18]",en,Dirty Teacher,10.114,2013-03-30,Dirty Teacher,6.1,49
[878],en,Cora,15.118,2024-05-31,Cora,4.3,6
"[12, 27, 878]",en,Creature from the Black Lagoon,17.029,1954-03-05,Creature from the Black Lagoon,6.83,742
"[28, 18, 53, 80]",ko,길복순,12.81,2023-02-17,Kill Boksoon,6.839,414
"[18, 10749]",en,Wuthering Heights,14.278,1992-10-16,Wuthering Heights,6.6,266
"[18, 10749]",tl,Stag,11.448,2024-04-05,Stag,3.0,2
[18],pa,Ranna Ch Dhanna,23.593,2024-10-02,Ranna Ch Dhanna,0.0,0
[35],es,El Día de los Albañiles,14.477,1982-01-13,The Day of the Bricklayers,5.7,15
"[27, 53]",en,Heretic,13.696,2024-11-01,Heretic,0.0,0
"[14, 16, 10751, 12]",en,The Last Unicorn,23.586,1982-11-19,The Last Unicorn,7.112,482
"[16, 10751, 12, 9648]",en,The Great Mouse Detective,17.527,1986-07-02,The Great Mouse Detective,7.056,1614
[27],en,47 Meters Down: Uncaged,19.786,2019-08-15,47 Meters Down: Uncaged,5.7,1392
"[16, 10751, 14, 10749]",en,Barbie Fairytopia: Magic of the Rainbow,13.529,2007-03-13,Barbie Fairytopia: Magic of the Rainbow,6.8,433
"[16, 10751, 14, 10749]",en,Barbie Fairytopia: Magic of the Rainbow,13.529,2007-03-13,Barbie Fairytopia: Magic of the Rainbow,6.8,433
"[18, 53]",en,The Postcard Killings,18.287,2020-03-13,The Postcard Killings,6.397,566
"[28, 12, 18]",en,The Eiger Sanction,12.026,1975-05-21,The Eiger Sanction,6.135,386
"[18, 10749]",hi,सनम तेरी कसम,16.781,2016-02-05,Sanam Teri Kasam,7.906,112
"[14, 10751, 27]",en,Nightbooks,16.541,2021-09-15,Nightbooks,6.122,370
"[28, 35]",it,Banana Joe,17.775,1982-03-24,Banana Joe,6.663,450
"[18, 35, 10749]",ko,엽기적인 그녀,19.525,2001-07-27,My Sassy Girl,7.517,553
"[16, 35, 10751, 14]",en,The Smurfs: The Legend of Smurfy Hollow,14.717,2013-09-12,The Smurfs: The Legend of Smurfy Hollow,6.8,98
"[16, 18, 27, 10749]",ja,地下幻燈劇画 少女椿,18.023,1992-05-02,Midori,6.24,131
"[12, 18]",en,The Eagle,18.026,2011-02-08,The Eagle,6.236,1267
"[10749, 18, 36]",en,Cinderella Man,15.774,2005-06-02,Cinderella Man,7.549,2145
[10752],en,Jarhead: Law of Return,15.282,2019-10-01,Jarhead: Law of Return,6.534,3338
"[18, 53]",en,Careful What You Wish For,16.527,2015-05-06,Careful What You Wish For,6.1,381
"[35, 10749, 18]",en,Hairspray,19.775,2007-07-19,Hairspray,6.667,2444
"[99, 10749, 18]",es,swingers ZwingerZ,17.823,2022-03-20,swingers ZwingerZ,2.0,1
"[18, 27]",it,L'anticristo,10.091,1974-11-22,The Antichrist,6.2,93
"[10752, 36, 28]",en,Battle for Saipan,15.68,2022-11-25,Battle for Saipan,5.655,71
[99],en,A Trip to Infinity,14.298,2022-09-26,A Trip to Infinity,7.198,105
"[35, 80]",en,Police Academy 5: Assignment Miami Beach,17.772,1988-03-17,Police Academy 5: Assignment Miami Beach,5.186,886
"[10749, 35]",de,Faraway,16.555,2023-03-08,Faraway,6.614,110
"[10749, 35]",en,"Love, Guaranteed",14.033,2020-09-02,"Love, Guaranteed",6.4,637
"[16, 28, 35, 80, 10770]",ja,ルパン三世VS名探偵コナン,13.273,2009-03-27,Lupin the Third vs. Detective Conan,6.9,122
"[18, 9648, 80, 53]",zh,查無此心,16.806,2023-09-08,The Abandoned,6.3,40
"[18, 10751, 10402]",en,Oliver!,18.022,1968-09-26,Oliver!,6.974,419
"[18, 35]",en,The King of Comedy,19.52,1982-12-18,The King of Comedy,7.791,2246
"[28, 12, 35]",en,Send It!,14.855,2021-05-11,Send It!,6.026,19
"[35, 28, 10751, 18]",en,D3: The Mighty Ducks,21.52,1996-10-04,D3: The Mighty Ducks,5.943,444
[878],en,Solar Crisis,10.079,1992-08-06,Solar Crisis,4.4,28
"[18, 36, 10752]",en,The Zookeeper's Wife,20.026,2017-03-24,The Zookeeper's Wife,7.346,1485
"[35, 10402]",en,Josie and the Pussycats,11.271,2001-04-06,Josie and the Pussycats,5.569,304
[18],tl,Huwad,17.227,2024-06-28,Huwad,0.0,0
"[53, 28, 80]",en,Honest Thief,18.281,2020-09-03,Honest Thief,6.496,1705
"[878, 28, 12, 10751]",en,A-X-L,18.776,2018-08-23,A-X-L,6.281,1161
"[27, 18, 878]",en,The Cured,11.775,2017-11-24,The Cured,5.518,359
[27],es,[REC]³ Génesis,19.022,2012-03-30,[REC]³ Genesis,5.277,1445
"[18, 10402, 36]",en,Selena,21.019,1997-03-21,Selena,7.719,1207
"[10749, 18]",zh,刻在你心底的名字,19.78,2020-09-30,Your Name Engraved Herein,7.9,249
"[12, 10751, 14, 878, 53, 28]",en,Race to Witch Mountain,23.505,2009-03-12,Race to Witch Mountain,5.816,1683
"[18, 10749]",es,Chabuca,17.031,2024-04-11,Chabuca,5.6,5
[35],de,Fack ju Göhte,13.772,2013-11-07,Suck Me Shakespeer,7.018,1641
[18],en,Boy Erased,12.275,2018-09-24,Boy Erased,7.033,1365
"[36, 18, 53]",fr,J'accuse,16.783,2019-09-30,An Officer and a Spy,7.1,1477
"[16, 12, 35, 10751]",en,Tadeo Jones 2: El secreto del rey Midas,17.773,2017-03-25,"Tad, the Lost Explorer, and the Secret of King Midas",6.651,400
"[16, 10751, 35, 12]",en,Winnie the Pooh,18.52,2011-04-06,Winnie the Pooh,6.895,854
"[27, 53]",en,Don't Hang Up,13.272,2016-10-22,Don't Hang Up,6.237,525
"[10770, 35, 10751, 27]",en,A Really Haunted Loud House,15.2,2023-09-28,A Really Haunted Loud House,6.238,21
"[35, 18]",en,Fremont,23.005,2023-08-25,Fremont,6.344,48
[18],ja,ドライブ・マイ・カー,15.783,2021-08-18,Drive My Car,7.417,1223
"[16, 28, 12]",ja,NARUTO -ナルト- 滝隠れの死闘 オレが英雄だってばよ!,14.267,2003-12-20,Naruto: The Lost Story - Mission: Protect the Waterfall Village!,7.3,131
"[12, 14, 10751]",en,Jungle Book,11.267,1942-04-03,Jungle Book,6.3,101
"[53, 27]",en,The Hoarder,10.064,2015-05-21,The Hoarder,4.447,161
"[18, 80, 10751, 9648]",en,Mr. Holmes,22.078,2015-06-19,Mr. Holmes,6.467,1826
"[14, 35, 10749]",en,The Purple Rose of Cairo,21.016,1985-03-01,The Purple Rose of Cairo,7.388,1029
[18],fr,Une Histoire d'amour,10.789,2013-01-07,Tied,4.735,34
"[16, 18, 14]",ja,打ち上げ花火、下から見るか？横から見るか？,12.271,2017-08-18,Fireworks,6.6,334
[18],en,The Skeleton Twins,12.519,2014-06-05,The Skeleton Twins,6.637,621
"[16, 10749, 18]",ja,海辺のエトランゼ,19.277,2020-09-11,The Stranger by the Shore,7.883,115
[80],en,The Good Liar,14.275,2019-11-08,The Good Liar,6.678,1094
"[28, 53, 18, 12]",en,Runaway Train,14.515,1985-11-15,Runaway Train,6.906,561
"[35, 18, 10402, 10749]",en,Coyote Ugly,22.265,2000-07-30,Coyote Ugly,6.258,2047
"[35, 18, 10402, 10749]",en,Coyote Ugly,16.762,2000-07-30,Coyote Ugly,6.258,2047
[18],en,Exhibition,16.761,2013-08-09,Exhibition,5.087,23
"[35, 18]",en,The Kid,16.761,1921-01-21,The Kid,8.177,2066
"[27, 9648, 53]",en,The Rental,16.757,2020-07-23,The Rental,5.546,873
"[18, 10749, 27]",en,The Hunchback of Notre Dame,16.754,1939-12-29,The Hunchback of Notre Dame,7.2,184
"[18, 14]",it,Fellini – satyricon,16.754,1969-09-18,Fellini Satyricon,6.7,328
[99],en,Supermensch: The Legend of Shep Gordon,16.752,2013-09-07,Supermensch: The Legend of Shep Gordon,7.056,71
"[27, 9648]",th,คนเล่นของ,16.752,2004-05-14,Art of the Devil,6.431,94
"[18, 10751]",en,Wild Hearts Can't Be Broken,16.751,1991-05-24,Wild Hearts Can't Be Broken,7.4,95
"[10751, 14, 16, 12]",en,FernGully: The Last Rainforest,16.75,1992-04-10,FernGully: The Last Rainforest,6.362,558
"[27, 53]",ko,귀문,16.744,2021-08-25,Guimoon: The Lightless Door,6.7,80
[35],en,Clerks II,16.744,2006-07-21,Clerks II,6.896,1311
[18],tl,Hombre,16.742,2017-03-27,Hombre,3.75,4
[35],en,Me Time,16.739,2022-08-26,Me Time,5.925,883
"[16, 10749, 18, 14]",ja,青春ブタ野郎はゆめみる少女の夢を見ない,16.739,2019-06-15,Rascal Does Not Dream of a Dreaming Girl,8.232,519
"[18, 9648, 53]",en,Searching,16.739,2018-08-24,Searching,7.582,3795
"[28, 12, 9648]",ru,Майор Гром: Игра,16.737,2024-05-23,Major Grom: The Game,6.7,19
"[27, 9648, 53]",en,I Still Know What You Did Last Summer,16.735,1998-11-13,I Still Know What You Did Last Summer,5.4,1459
"[35, 18]",en,Little Miss Sunshine,16.734,2006-07-26,Little Miss Sunshine,7.691,7004
[35],en,Last Vegas,16.732,2013-10-31,Last Vegas,6.409,2100
"[16, 35, 14, 27]",en,Wendell & Wild,16.73,2022-10-21,Wendell & Wild,6.71,314
"[28, 12, 27, 53]",en,The Cave,16.73,2005-08-26,The Cave,5.376,897
"[53, 28, 18]",ko,2009 로스트메모리즈,16.729,2002-02-01,2009: Lost Memories,6.214,70
"[10752, 18, 36]",en,Flags of Our Fathers,16.729,2006-10-18,Flags of Our Fathers,6.9,1810
"[35, 18]",en,The Rum Diary,16.728,2011-10-13,The Rum Diary,5.872,1205
"[35, 10749]",ja,ネオ チンピラ 鉄砲玉ぴゅ～,16.726,1990-05-11,Neo Chinpira: Zoom Goes the Bullet,5.0,2
"[28, 12]",en,Cutthroat Island,16.726,1995-12-22,Cutthroat Island,5.787,535
"[878, 28, 12]",en,Ender's Game,16.724,2013-10-24,Ender's Game,6.595,5742
"[18, 9648]",de,Das weiße Band - Eine deutsche Kindergeschichte,16.721,2009-09-24,The White Ribbon,7.501,992
"[35, 18, 10749]",en,Chasing Amy,16.719,1997-04-04,Chasing Amy,6.764,1362
"[35, 53, 80]",es,El robo del siglo,16.718,2020-01-16,The Heist of the Century,7.778,774
"[35, 18, 10749]",en,Where the Heart Is,16.716,2000-04-27,Where the Heart Is,7.1,673
"[35, 10749, 18]",en,Woman of the Year,16.713,1942-02-05,Woman of the Year,6.9,141
[35],tl,Liberated 2,16.71,2004-07-14,Liberated 2,4.0,4
"[35, 10749]",en,Starting Over,16.71,1979-10-05,Starting Over,6.394,52
"[27, 28, 878]",ja,Gantz,16.707,2010-11-29,Gantz,6.561,296
"[53, 18]",en,Crash,16.707,1996-07-17,Crash,6.4,1089
"[28, 80, 53]",en,Run Hide Fight,16.705,2021-06-17,Run Hide Fight,6.757,284
"[53, 18]",en,Calibre,16.701,2018-06-22,Calibre,6.466,644
"[12, 14, 28]",zh,西游·伏妖篇,16.698,2017-01-28,Journey to the West: The Demons Strike Back,5.82,100
"[28, 80, 18]",en,Brick Mansions,18.259,2014-04-22,Brick Mansions,5.894,1498
[18],tl,Hosto,10.017,2023-06-16,Hosto,2.0,2
"[35, 18]",en,10 Items or Less,14.256,2006-09-11,10 Items or Less,6.185,239
[37],en,The Searchers,18.255,1956-05-16,The Searchers,7.706,1380
[18],es,Las Pequeñas Cosas,23.111,2024-03-14,Las Pequeñas Cosas,8.294,17
"[18, 36]",pl,Wałęsa. Człowiek z nadziei,10.013,2013-09-23,Walesa: Man of Hope,5.8,74
"[10749, 18]",is,Snerting,16.12,2024-05-29,Touch,7.453,32
[27],es,Mal de ojo,17.778,2022-09-22,Evil Eye,6.722,230
"[12, 10751, 14]",en,Percy Jackson: Sea of Monsters,16.353,2013-08-07,Percy Jackson: Sea of Monsters,6.035,5071
"[35, 18]",en,Due Date,16.755,2010-11-03,Due Date,6.373,5323
"[35, 18, 10749]",en,Life or Something Like It,20.753,2002-04-24,Life or Something Like It,5.68,486
"[27, 53, 9648]",fr,Haute tension,17.503,2003-06-18,High Tension,6.738,1279
[18],da,Pelle Erobreren,23.002,1987-12-21,Pelle the Conqueror,7.3,144
"[18, 9648]",en,The Tale,21.008,2018-01-20,The Tale,7.097,422
"[18, 27, 878, 53]",en,Dreamcatcher,15.002,2003-03-21,Dreamcatcher,5.621,1714
"[12, 16, 35, 10751]",en,Curious George,15.751,2006-02-10,Curious George,6.4,496
"[10751, 12, 35]",en,Bean,23.334,1997-07-03,Bean,6.461,2366
"[27, 53]",en,Hell Fest,18.258,2018-09-27,Hell Fest,5.671,797
"[16, 10751, 12, 35]",en,The Nut Job 2: Nutty by Nature,16.756,2017-08-11,The Nut Job 2: Nutty by Nature,6.0,401
"[878, 53]",en,Spiderhead,20.022,2022-06-17,Spiderhead,5.8,1505
"[878, 10752]",zh,上海堡垒,16.758,2019-08-09,Shanghai Fortress,5.4,141
"[35, 18]",en,Man on the Moon,15.75,1999-12-22,Man on the Moon,7.252,1748
"[27, 53, 9648]",en,The Unborn,19.001,2009-01-09,The Unborn,5.185,1337
"[12, 14, 35, 10751, 10402, 16]",en,Bedknobs and Broomsticks,20.749,1971-10-07,Bedknobs and Broomsticks,7.029,940
"[14, 35, 10751, 12]",en,Herbie Goes Bananas,10.499,1980-06-25,Herbie Goes Bananas,5.2,220
"[14, 35, 27]",es,El Conde,16.658,2023-09-08,El Conde,6.19,252
"[80, 28]",en,Avengement,16.657,2019-05-24,Avengement,6.769,480
"[35, 18]",fr,Iris et les hommes,16.655,2023-12-21,It's Raining Men,5.595,37
"[878, 18, 10749]",en,Mr. Nobody,14.5,2009-11-06,Mr. Nobody,7.819,5758
"[35, 27, 10749, 53, 80, 28]",en,Bitten,12.1,2008-06-29,Bitten,5.6,70
[18],tl,Call Me Alma,16.653,2023-08-10,Call Me Alma,5.5,4
"[16, 10751, 10749, 10752]",en,گلاس ورکر,16.653,2024-07-26,The Glassworker,10.0,1
"[18, 80, 53, 35]",th,ฉลาดเกมส์โกง,16.653,2017-05-03,Bad Genius,7.905,772
"[10751, 12, 35, 14, 28, 16]",en,Cats & Dogs: The Revenge of Kitty Galore,16.652,2010-07-29,Cats & Dogs: The Revenge of Kitty Galore,5.221,618
[18],en,God's Not Dead: A Light in Darkness,16.65,2018-03-30,God's Not Dead: A Light in Darkness,6.578,212
"[28, 12, 14, 878]",en,The Scorpion King 2: Rise of a Warrior,19.75,2008-07-19,The Scorpion King 2: Rise of a Warrior,4.717,573
"[35, 37, 10402]",en,Paint Your Wagon,9.989,1969-10-15,Paint Your Wagon,6.4,243
"[18, 10749, 878]",en,Never Let Me Go,16.647,2010-03-18,Never Let Me Go,6.851,2242
"[35, 10749]",en,My Life in Ruins,14.249,2009-06-05,My Life in Ruins,6.14,406
[99],en,The In Between,16.645,2024-09-29,The In Between,0.0,0
"[28, 27, 53]",en,Squealer,11.375,2023-11-03,Squealer,5.943,44
[53],de,Early Birds,13.872,2023-10-12,Early Birds,5.895,19
"[35, 37]",it,"Un genio, due compari, un pollo",21.997,1975-12-16,"A Genius, Two Friends, and an Idiot",6.3,154
"[99, 27]",en,The Last Sacrifice,11.538,2024-09-29,The Last Sacrifice,0.0,0
[35],en,Bad News Bears,21.247,2005-07-22,Bad News Bears,5.859,256
"[53, 80]",en,Body Brokers,9.984,2021-02-19,Body Brokers,6.2,100
"[35, 80, 10749]",cn,卿本佳人,12.766,1991-12-06,Pretty Woman,4.1,9
"[28, 14, 12]",cn,笑傲江湖II東方不敗,11.246,1992-06-26,The Legend of the Swordsman,6.5,110
[18],tl,Litsoneras,19.881,2023-07-28,Litsoneras,3.7,3
"[14, 35, 28, 12]",ko,내안의 그놈,14.253,2019-01-09,The Dude in Me,7.82,133
"[28, 53, 12]",en,Broken Arrow,18.245,1996-02-09,Broken Arrow,6.046,1478
[10749],ko,어린 형수 2,14.021,2017-02-08,Young Sister-In-Law 2,5.2,9
"[28, 18, 80]",ko,달콤한 인생,21.996,2005-04-01,A Bittersweet Life,7.485,854
"[28, 53]",en,Final Score,15.252,2018-09-07,Final Score,6.059,511
"[35, 18, 10751, 10749]",en,"Angus, Thongs and Perfect Snogging",18.496,2008-07-25,"Angus, Thongs and Perfect Snogging",6.5,787
"[35, 18]",de,100 Dinge,23.275,2018-12-06,100 Things,6.7,287
"[28, 12, 878]",en,Tremors: A Cold Day in Hell,14.5,2018-05-01,Tremors: A Cold Day in Hell,5.931,403
"[18, 10749, 35]",en,Ajosepo,14.353,2024-04-05,Ajosepo,0.0,0
"[28, 18]",zh,长空之王,21.59,2023-04-28,Born to Fly,6.298,52
"[16, 10751, 12, 10749]",en,Pocahontas II: Journey to a New World,21.696,1998-08-04,Pocahontas II: Journey to a New World,5.48,1314
"[27, 9648, 53]",en,From Hell,16.62,2001-02-08,From Hell,6.693,2753
"[35, 18]",en,¿Y Cómo Es Él?,16.619,2022-04-07,¿Y Cómo Es Él?,7.5,252
"[99, 18]",en,The Social Dilemma,16.619,2020-01-26,The Social Dilemma,7.466,1566
"[18, 10749]",ko,예쁜 여동생,16.611,2020-08-14,Pretty Young Sister,6.3,3
"[28, 35, 14, 27]",en,Slaughterhouse Rulez,16.611,2018-10-31,Slaughterhouse Rulez,5.584,443
"[9648, 27, 28]",en,The Crazies,16.61,2010-02-26,The Crazies,6.263,1999
[18],es,XXY,16.609,2007-06-14,XXY,6.847,285
"[10751, 35]",en,Yes Day,16.607,2021-03-12,Yes Day,6.715,1179
"[9648, 53]",ko,내일의 기억,16.605,2021-04-21,Recalled,6.931,87
"[18, 27, 53]",en,Stoker,16.601,2013-02-28,Stoker,6.7,2190
"[10749, 35]",en,Zoey 102,16.6,2023-07-27,Zoey 102,6.852,172
"[28, 12, 878]",en,The Host,16.6,2013-03-22,The Host,6.3,3877
"[35, 80, 27]",en,Spree,16.599,2020-08-14,Spree,6.465,427
"[28, 18, 53]",en,Sudden Death,16.598,1995-10-27,Sudden Death,5.972,706
"[28, 53]",en,Killing Season,16.597,2013-07-12,Killing Season,5.524,963
"[28, 12, 80, 35]",ja,クローズ EXPLODE,16.596,2014-04-12,Crows Explode,6.135,96
"[18, 12, 878, 10749]",en,The Fountain,16.594,2006-11-22,The Fountain,6.931,2725
"[27, 18, 9648]",ja,牛首村,16.593,2022-02-18,Ox-Head Village,5.649,37
[18],en,Any Given Sunday,16.591,1999-12-22,Any Given Sunday,6.821,1607
"[878, 18]",en,The Midnight Sky,16.59,2020-12-10,The Midnight Sky,5.75,1797
"[18, 36]",nl,De Dirigent,23.225,2018-10-25,The Conductor,7.8,140
"[9648, 53]",en,The Devil You Know,9.953,2013-07-09,The Devil You Know,4.635,26
"[28, 53, 80, 18]",cn,新警察故事,23.225,2004-09-23,New Police Story,7.133,704
"[28, 80, 53]",en,Heist,14.743,2015-11-13,Heist,6.118,909
[37],en,How the West Was Won,18.989,1962-11-02,How the West Was Won,7.0,422
"[10402, 35, 10749, 18]",en,My Fair Lady,21.739,1964-10-21,My Fair Lady,7.51,1280
"[80, 18, 9648]",en,Wild Things 2,15.989,2004-02-19,Wild Things 2,5.149,188
"[27, 878, 28]",en,Scarecrow,9.95,2013-10-05,Scarecrow,4.9,83
"[28, 80, 53]",cn,赤裸羔羊,13.927,1992-12-03,Naked Killer,5.9,73
[27],es,Jugaremos en el bosque,16.581,2024-05-01,Jugaremos en el bosque,0.0,0
[35],en,About My Father,13.276,2023-05-25,About My Father,6.1,283
"[18, 27, 9648]",en,Let Me In,18.739,2010-10-01,Let Me In,6.777,1974
"[10749, 878, 18]",en,Fingernails,15.794,2023-10-27,Fingernails,5.845,152
"[28, 16, 18, 14, 10749]",ja,劇場版「Fate/stay night [Heaven’s Feel]」Ⅰ.presage flower,14.993,2017-10-14,Fate/stay night: Heaven's Feel I. Presage Flower,7.483,232
[18],en,The Pawnbroker,9.947,1965-04-20,The Pawnbroker,7.2,154
"[878, 53, 27]",en,Gods of the Deep,12.241,2023-12-04,Gods of the Deep,5.063,48
"[16, 10751]",en,Monster High: Friday Night Frights,15.49,2012-07-13,Monster High: Friday Night Frights,7.758,128
"[18, 28, 53, 80, 9648]",sv,Flickan som lekte med elden,14.989,2009-09-18,The Girl Who Played with Fire,6.999,1604
"[18, 10749]",fr,À nos amours,9.946,1983-11-16,A Nos Amours,6.8,188
[18],en,The Case for Christ,13.492,2017-04-07,The Case for Christ,6.817,271
[18],en,The Case for Christ,13.492,2017-04-07,The Case for Christ,6.817,271
"[10751, 16]",en,Barbie: The Princess & The Popstar,14.739,2012-09-13,Barbie: The Princess & The Popstar,7.145,591
"[27, 9648, 53]",en,Hellraiser: Deader,10.487,2005-06-07,Hellraiser: Deader,4.655,316
"[10749, 18, 12]",fr,Le Grand Bleu,21.235,1988-05-10,The Big Blue,7.455,1412
"[27, 14, 28]",en,Warlock,14.985,1989-06-01,Warlock,6.258,384
"[16, 35, 10751, 14, 27]",en,Igor,21.487,2008-09-19,Igor,5.931,554
"[99, 10751, 36]",fr,Cérémonie de clôture des Jeux Olympiques de Paris 2024,15.727,2024-08-11,Paris 2024 Olympic Closing Ceremony,5.4,12
"[80, 53]",en,London Fields,11.492,2018-09-20,London Fields,5.097,258
[53],en,A Most Wanted Man,14.488,2014-07-25,A Most Wanted Man,6.473,1332
"[27, 878, 53]",th,บึงกาฬ,14.878,2022-08-18,The Lake,5.785,79
"[28, 53, 18]",en,Kickboxer,23.185,1989-04-20,Kickboxer,6.81,1379
"[35, 10751, 16, 14, 10402]",en,Rock-A-Doodle,9.935,1991-08-02,Rock-A-Doodle,6.223,276
"[28, 80, 53]",en,Dirty Harry,19.984,1971-12-23,Dirty Harry,7.462,2406
[35],fr,Dans la peau de Blanche Houellebecq,18.601,2024-03-13,Being Blanche Houellebecq,5.875,9
"[12, 18, 10749]",en,The Aeronauts,12.744,2019-11-04,The Aeronauts,6.8,1078
"[27, 9648, 53]",en,Shutter,23.18,2008-03-21,Shutter,5.55,721
[18],en,Now & Later,19.675,2009-02-18,Now & Later,5.188,48
"[28, 18, 53]",ja,東京喰種 トーキョーグール,11.989,2017-07-16,Tokyo Ghoul,7.096,353
"[53, 28, 9648]",en,The Night Crew,11.966,2015-03-17,The Night Crew,5.3,66
"[28, 35, 18]",en,Fred Claus,23.169,2007-11-09,Fred Claus,5.808,827
"[35, 10749]",en,It Happened One Night,14.983,1934-02-22,It Happened One Night,7.819,1223
"[18, 10749]",id,Mobil Goyang,16.547,2023-04-24,Mobil Goyang,0.0,0
"[16, 14, 12]",zh,山海经之再见怪兽,16.547,2022-08-13,Goodbye Monster,6.0,11
"[18, 10749]",en,The Human Stain,20.983,2003-10-29,The Human Stain,6.011,440
"[27, 9648]",es,La casa,16.543,2020-01-30,La Casa,6.3,92
"[16, 878, 12, 10751]",ja,映画ドラえもん のび太の宇宙小戦争 2021,16.542,2022-03-04,Doraemon the Movie: Nobita's Little Star Wars 2021,5.9,106
"[53, 28, 12]",en,Killer Fish,16.542,1979-12-07,Killer Fish,4.6,57
"[10749, 36, 35]",en,Shakespeare in Love,14.232,1998-12-11,Shakespeare in Love,6.87,2944
[99],pt,Cidade de Deus: 10 Anos Depois,16.539,2013-10-05,City of God: 10 Years Later,6.796,98
"[18, 36, 53, 9648, 10752]",en,K-19: The Widowmaker,16.732,2002-07-19,K-19: The Widowmaker,6.537,1003
"[37, 27, 18]",en,Bone Tomahawk,16.537,2015-10-23,Bone Tomahawk,6.855,2168
"[28, 12, 53]",en,Passenger 57,15.481,1992-11-06,Passenger 57,6.0,984
"[28, 12, 53]",en,Into the Blue 2: The Reef,11.232,2009-04-21,Into the Blue 2: The Reef,5.138,149
"[28, 12, 18, 10751]",en,Sidekicks,9.98,1992-12-17,Sidekicks,5.233,161
"[35, 80]",fr,C'est arrivé près de chez vous,17.73,1992-08-20,Man Bites Dog,7.222,896
"[27, 53]",en,Hellraiser III: Hell on Earth,19.98,1992-09-11,Hellraiser III: Hell on Earth,5.651,730
"[18, 10749]",en,Revolutionary Road,16.982,2008-12-19,Revolutionary Road,6.987,3748
"[28, 80, 878]",cn,力王,13.48,1991-10-05,Riki-Oh: The Story of Ricky,6.8,309
"[53, 80, 18]",en,Rope,16.981,1948-03-11,Rope,7.947,2646
[99],en,Spielberg,16.531,2017-10-05,Spielberg,7.576,277
[99],en,Spielberg,10.486,2017-10-05,Spielberg,7.576,277
[18],en,Blue Jasmine,12.233,2013-08-01,Blue Jasmine,6.993,3392
"[18, 53]",en,Detour,9.917,1945-11-30,Detour,7.2,348
"[18, 53, 28, 80]",en,Backdraft,23.141,1991-05-24,Backdraft,6.651,1392
"[18, 53]",ru,Соври мне правду,22.735,2021-09-09,Fib the Truth,4.803,33
"[28, 53, 80, 18]",en,Get the Gringo,16.982,2012-03-15,Get the Gringo,6.567,1613
"[10751, 16, 10749, 12]",en,Lady and the Tramp II: Scamp's Adventure,17.979,2001-02-18,Lady and the Tramp II: Scamp's Adventure,6.366,1221
[28],en,The Man with the Iron Fists,14.231,2012-11-02,The Man with the Iron Fists,5.515,1103
"[18, 10402]",en,Staying Alive,19.728,1983-07-11,Staying Alive,5.724,460
"[28, 35, 80]",fr,Sentinelle,18.275,2023-08-27,Sentinelle,5.275,251
"[18, 35, 10749]",en,Raising Helen,13.228,2004-05-27,Raising Helen,6.134,649
[18],fr,Anatomie de l'enfer,16.978,2004-01-28,Anatomy of Hell,4.845,119
[35],en,Extract,10.479,2009-09-03,Extract,5.8,586
"[10749, 18]",en,Game of Love,14.253,2022-10-14,Game of Love,6.226,184
"[10402, 18, 36]",en,Notorious,22.729,2009-01-16,Notorious,6.906,702
"[10751, 28, 16, 12, 14, 878]",ja,劇場版ポケットモンスター アドバンスジェネレーション 七夜の願い星 ジラーチ,11.978,2003-07-19,Pokémon: Jirachi - Wish Maker,6.566,259
"[14, 18, 53]",en,Dorian Gray,14.228,2009-09-09,Dorian Gray,6.027,2091
"[18, 878, 27]",en,Flatliners,12.976,1990-08-10,Flatliners,6.488,1520
"[10749, 18]",ko,너의 결혼식,23.107,2018-08-22,On Your Wedding Day,7.536,169
"[28, 12, 35, 80, 18, 53]",cn,警察故事4之簡單任務,19.476,1996-02-10,Police Story 4: First Strike,6.4,470
"[18, 53]",en,The Insider,14.726,1999-10-28,The Insider,7.454,1781
"[10751, 16]",en,My First Barbie: Happy DreamDay,15.766,2023-02-01,My First Barbie: Happy DreamDay,6.147,17
"[35, 18]",en,The Lady in the Van,15.229,2015-10-30,The Lady in the Van,6.42,721
"[18, 10749]",id,Laut Tengah,23.093,2024-10-03,Laut Tengah,0.0,0
"[28, 53]",en,The Numbers Station,14.727,2013-04-18,The Numbers Station,5.525,547
"[16, 10751, 14]",no,Helt super,12.57,2022-09-30,Just Super,5.632,19
"[35, 10749]",en,Little Fockers,13.976,2010-12-21,Little Fockers,5.646,3182
[35],de,Blutjunge Verführerinnen,9.895,1971-07-29,The Young Seducers,4.0,14
[18],en,Wolf,14.331,2021-12-03,Wolf,5.2,78
"[878, 9648, 53]",en,Mute,23.078,2018-02-23,Mute,5.575,1046
"[28, 12, 16, 27]",en,Dante's Inferno: An Animated Epic,13.457,2010-02-09,Dante's Inferno: An Animated Epic,6.937,508
[35],en,Zoolander,17.723,2001-09-28,Zoolander,6.2,4384
"[99, 10751]",en,The Elephant Queen,23.075,2019-10-18,The Elephant Queen,7.4,68
"[27, 9648]",en,Boarding School,23.075,2018-08-30,Boarding School,6.382,212
"[12, 35, 10402]",en,Get Him to the Greek,17.474,2010-06-03,Get Him to the Greek,5.977,1733
"[16, 878, 10402, 12]",en,Interstella 5555: The 5tory of the 5ecret 5tar 5ystem,19.973,2003-05-28,Interstella 5555: The 5tory of the 5ecret 5tar 5ystem,7.781,411
"[878, 28, 12]",en,Halo: Nightfall,12.976,2014-02-05,Halo: Nightfall,6.883,162
"[99, 36, 10752]",en,They Shall Not Grow Old,23.069,2018-11-09,They Shall Not Grow Old,7.79,567
[28],en,Born to Race: Fast Track,10.696,2014-03-20,Born to Race: Fast Track,6.556,99
"[16, 10751]",en,Belle's Magical World,15.723,1998-02-16,Belle's Magical World,6.154,450
"[10770, 10749, 18]",de,Für immer Freibad,10.262,2024-09-29,Für immer Freibad,0.0,0
"[27, 9648]",en,Separation,13.735,2021-04-30,Separation,5.764,276
"[80, 35]",en,Going in Style,18.726,2017-04-06,Going in Style,6.703,2748
[27],en,Camp Pleasant Lake,16.39,2024-02-27,Camp Pleasant Lake,5.1,11
[35],en,The Jerk,14.97,1979-12-14,The Jerk,6.902,800
"[35, 18]",fa,زودپز,9.879,2024-10-09,Zoodpaz,0.0,0
"[27, 53]",en,Children of the Corn,19.72,1984-03-09,Children of the Corn,5.734,970
"[16, 10751, 14, 878]",en,Pinocchio 3000,9.878,2004-05-14,Pinocchio 3000,4.326,141
"[28, 36, 10752]",en,Outlaw King,13.977,2018-09-06,Outlaw King,6.83,1519
"[18, 80, 10770]",en,Cleveland Abduction,13.222,2015-05-02,Cleveland Abduction,7.208,372
"[878, 53, 28]",en,Spectral,19.474,2016-12-09,Spectral,6.465,1684
"[16, 10751, 10402]",en,The Three Caballeros,12.469,1944-12-21,The Three Caballeros,6.283,697
"[80, 27, 53]",en,Dark Country,10.72,2009-10-05,Dark Country,5.423,104
"[10749, 18]",en,Before Midnight,21.471,2013-04-05,Before Midnight,7.513,2346
"[18, 14]",pl,Diabelska edukacja,23.031,1995-01-11,Devilish Education,6.583,12
"[27, 9648, 53]",en,Nocturne,12.479,2020-10-13,Nocturne,5.898,441
"[18, 9648, 878]",en,Kafka,9.868,1991-11-15,Kafka,6.357,133
[18],es,Los pequeños amores,13.772,2024-03-08,Little Loves,6.857,7
"[28, 12, 35, 36, 14]",ko,해적: 바다로 간 산적,15.721,2014-08-06,The Pirates,7.007,212
[18],en,The Color of Money,21.967,1986-10-17,The Color of Money,6.9,1331
[18],en,Ken Park,23.022,2003-01-30,Ken Park,5.988,590
"[28, 80]",en,Out for Justice,19.716,1991-04-12,Out for Justice,6.1,429
[35],en,Problemista,13.997,2024-03-01,Problemista,6.774,73
[18],en,Tigertail,23.015,2020-04-10,Tigertail,6.729,85
"[10752, 18, 36, 28]",en,The Monuments Men,22.22,2014-01-24,The Monuments Men,6.059,3535
"[18, 14, 10749]",en,Beastly,11.218,2011-01-21,Beastly,6.328,2731
"[28, 27, 18, 14]",ko,창궐,23.01,2018-10-25,Rampant,6.855,197
"[53, 80]",it,Autostop rosso sangue,23.009,1977-04-30,Hitch Hike,6.9,87
"[28, 18, 36]",ko,택시운전사,19.221,2017-08-02,A Taxi Driver,8.063,958
"[16, 35, 10751]",en,Scared Shrekless,23.005,2010-10-28,Scared Shrekless,6.653,449
"[18, 27, 9648]",en,Antlers,17.232,2021-10-28,Antlers,6.243,1072
"[10751, 16]",en,The Wild,18.966,2006-04-06,The Wild,5.55,1030
"[53, 80, 18]",ko,신세계,14.217,2013-02-21,New World,7.434,447
"[28, 878]",en,The Chronicles of Riddick,17.993,2004-06-11,The Chronicles of Riddick,6.523,4000
"[80, 9648, 53]",zh,默杀,16.427,2024-07-03,A Place Called Silence,6.6,12
"[18, 36, 53, 10752, 80]",ko,서울의 봄,14.986,2023-11-22,12.12: The Day,7.543,82
"[18, 10749]",en,Frida,18.215,2002-08-29,Frida,7.414,1990
"[27, 14, 53, 18]",en,Wildling,9.855,2018-04-13,Wildling,5.4,346
"[878, 53, 18]",en,Replicas,21.472,2018-10-25,Replicas,6.021,1326
"[35, 10749]",ja,チェリまほ THE MOVIE 〜30歳まで童貞だと魔法使いになれるらしい〜,18.685,2022-04-08,Cherry Magic! THE MOVIE,7.1,15
"[80, 18, 53]",en,Trafficking,16.417,2023-04-24,Trafficking,6.203,37
"[16, 28, 878]",en,Rise of the Teenage Mutant Ninja Turtles: The Movie,16.416,2022-08-04,Rise of the Teenage Mutant Ninja Turtles: The Movie,7.254,167
"[35, 18, 53]",en,The Cable Guy,16.413,1996-06-10,The Cable Guy,5.992,2375
"[878, 28, 12, 53]",en,Star Trek: Generations,16.413,1994-11-18,Star Trek: Generations,6.503,1310
[35],it,La soldatessa alla visita militare,16.412,1977-09-02,The Nurse on a Military Tour,4.667,33
"[28, 18]",zh,七劍,16.412,2005-07-25,Seven Swords,6.282,174
"[35, 36]",fr,Edmond,16.411,2018-11-10,"Cyrano, My Love",7.495,491
"[16, 878, 18, 10402]",ja,竜とそばかすの姫,16.41,2021-07-16,Belle,7.689,710
"[18, 16, 10751, 35]",en,Arthur Christmas,16.41,2011-11-10,Arthur Christmas,6.759,1437
"[35, 18, 9648, 53]",fr,Dans la maison,16.407,2012-09-26,In the House,7.258,819
"[27, 35, 28]",en,Return of the Living Dead: Rave to the Grave,16.407,2005-10-15,Return of the Living Dead: Rave to the Grave,5.228,202
"[10751, 18]",en,Soul Surfer,16.406,2011-04-08,Soul Surfer,7.033,1169
"[27, 9648]",ja,呪怨,16.404,2000-02-11,Ju-on: The Curse,6.804,245
"[35, 10751]",en,Don't Tell Mom the Babysitter's Dead,16.404,1991-06-07,Don't Tell Mom the Babysitter's Dead,6.094,422
"[27, 9648]",en,Paranormal Activity 3,16.403,2011-10-19,Paranormal Activity 3,5.883,2145
[28],en,The Substitute,16.403,1996-04-19,The Substitute,6.896,475
"[28, 18, 9648, 53, 80]",en,Murder at 1600,16.403,1997-04-18,Murder at 1600,6.061,521
"[27, 53]",en,Amityville II: The Possession,16.402,1982-09-24,Amityville II: The Possession,5.6,340
"[27, 9648, 53]",en,The Requin,16.401,2022-01-28,The Requin,4.83,330
"[18, 36]",en,Harriet,16.4,2019-11-01,Harriet,7.343,762
"[27, 9648, 53]",en,The Requin,21.729,2022-01-28,The Requin,4.83,330
"[18, 36]",en,Harriet,17.97,2019-11-01,Harriet,7.343,762
"[10770, 37, 10749, 18]",en,Love Comes Softly,13.961,2003-04-13,Love Comes Softly,6.668,125
[27],en,13 Ghosts,18.711,1960-07-18,13 Ghosts,5.713,143
"[53, 28, 80]",en,6 Bullets,14.713,2012-09-11,6 Bullets,6.199,349
[35],en,Twins,20.709,1988-12-09,Twins,6.019,2219
"[10751, 18, 10749]",en,Anne of Green Gables: The Sequel,16.459,1987-05-19,Anne of Green Gables: The Sequel,7.96,113
[18],en,Angela's Ashes,22.95,1999-12-25,Angela's Ashes,7.254,305
"[10749, 18]",en,Endless Love,17.209,1981-07-17,Endless Love,5.629,213
"[27, 18, 53]",en,The Haunting in Connecticut 2: Ghosts of Georgia,15.712,2013-02-01,The Haunting in Connecticut 2: Ghosts of Georgia,5.9,500
"[18, 35, 10749]",en,Can't Buy Me Love,22.939,1987-08-14,Can't Buy Me Love,6.93,655
[27],en,The Fog,20.208,1980-02-07,The Fog,6.7,1513
"[28, 35]",en,The Debt Collector,16.715,2018-06-05,The Debt Collector,5.823,203
[99],en,Jurassic Greatest Moments: Jurassic Park to Jurassic World,11.499,2022-06-04,Jurassic Greatest Moments: Jurassic Park to Jurassic World,6.278,9
"[878, 35, 10749, 18]",en,The Pod Generation,18.753,2023-08-11,The Pod Generation,5.9,175
[35],en,Robin Hood: Men in Tights,22.935,1993-07-28,Robin Hood: Men in Tights,6.6,2038
"[35, 12, 18]",en,Cool Runnings,13.957,1993-10-01,Cool Runnings,6.993,2012
"[18, 35, 36]",en,Battle of the Sexes,16.712,2017-09-22,Battle of the Sexes,6.772,1825
"[10752, 18]",en,Taps,15.206,1981-12-20,Taps,6.756,262
[18],tl,Daddysitter,14.562,2024-08-02,Daddysitter,7.0,1
"[35, 18]",it,Roma,18.456,1972-03-16,Roma,7.3,308
"[12, 18, 36, 28, 10752]",zh,赤壁,17.958,2008-07-10,Red Cliff,7.143,798
"[16, 10751]",en,Barbie Presents: Thumbelina,12.958,2009-02-24,Barbie Presents: Thumbelina,6.7,477
"[18, 10749]",en,Words on Bathroom Walls,14.968,2020-08-21,Words on Bathroom Walls,7.814,590
"[9648, 18, 10749]",en,Paper Towns,15.21,2015-06-18,Paper Towns,6.152,5010
"[35, 10402]",en,Eurovision Song Contest: The Story of Fire Saga,22.918,2020-06-26,Eurovision Song Contest: The Story of Fire Saga,6.438,1396
"[28, 27, 878]",en,Deep Blue Sea,19.457,1999-07-28,Deep Blue Sea,5.981,2385
"[10749, 18]",en,See You on Venus,21.749,2023-07-21,See You on Venus,7.076,165
[35],en,Boat Trip,16.206,2002-10-01,Boat Trip,5.266,636
"[18, 10749]",hi,मिस्टर एंड मिसेज माही,13.045,2024-05-31,Mr. & Mrs. Mahi,6.3,6
"[18, 9648, 53]",en,The Constant Gardener,14.956,2005-08-31,The Constant Gardener,6.992,1462
"[53, 37, 9648]",en,Breakheart Pass,13.955,1975-12-09,Breakheart Pass,6.545,188
"[16, 12, 10751, 35]",fr,Minuscule 2 - Les mandibules du bout du monde,14.963,2019-01-30,Minuscule 2: Mandibles from Far Away,7.1,197
"[18, 12]",en,Arctic,17.213,2018-11-21,Arctic,6.503,1187
"[35, 80, 12, 14]",fr,Fantômas contre Scotland Yard,12.955,1967-03-16,Fantomas vs. Scotland Yard,6.743,504
"[12, 35, 80]",en,"O Brother, Where Art Thou?",17.705,2000-08-30,"O Brother, Where Art Thou?",7.3,4086
"[18, 27, 10749, 878]",en,Hostile,13.461,2018-03-08,Hostile,5.838,354
[18],en,"There, There",10.747,2024-09-29,"There, There",0.0,0
"[28, 80, 53]",en,John Wick: Chapter 5,15.453,,John Wick: Chapter 5,0.0,0
"[18, 10749]",en,American Kamasutra,15.882,2018-12-13,American Kamasutra,4.464,42
"[18, 10749]",en,American Kamasutra,15.882,2018-12-13,American Kamasutra,4.464,42
"[35, 18, 27, 53]",ja,ビジターQ,16.203,2001-03-17,Visitor Q,6.389,487
"[18, 10749]",hi,गोलियों की रासलीला रामलीला,13.456,2013-11-14,Goliyon Ki Raasleela Ram-Leela,6.969,178
"[10770, 18, 14]",en,The Book of Esther,13.495,2013-05-31,The Book of Esther,5.472,18
"[10402, 36, 18]",en,Whitney Houston: I Wanna Dance with Somebody,16.481,2022-12-20,Whitney Houston: I Wanna Dance with Somebody,7.031,408
[18],zh,風流名妓蘇小小,17.512,1999-12-11,Loving Girl,2.0,2
"[53, 80, 27]",en,Deliver Us from Evil,21.455,2014-07-01,Deliver Us from Evil,6.238,2008
"[28, 35]",it,Miami Supercops,17.701,1985-12-11,Miami Supercops,6.42,414
"[80, 35]",en,Chain of Fools,9.804,2001-03-03,Chain of Fools,5.739,69
"[12, 18]",en,Walkabout,13.701,1971-07-01,Walkabout,7.3,386
"[28, 18, 10749, 80]",en,Gypsy Eyes,12.601,1993-01-01,Gypsy Eyes,4.0,5
"[80, 18]",en,American Murderer,17.007,2022-10-21,American Murderer,6.01,51
"[10752, 18, 36]",de,Der Hauptmann,15.207,2018-02-02,The Captain,7.204,429
"[14, 16, 18, 10749, 10751]",en,Quest for Camelot,14.451,1998-05-15,Quest for Camelot,6.845,791
"[80, 28, 12, 53]",te,పుష్పా 2 - The Rule,16.514,2024-12-05,Pushpa 2 - The Rule,0.0,0
"[28, 36, 12, 18]",ko,대호,12.955,2015-12-16,The Tiger,7.704,243
[10749],ko,엄마의 유혹,22.855,2018-07-31,Mother's Seduction,4.0,2
"[28, 35, 12]",cn,洪熙官之少林五祖,14.949,1994-02-05,Legend of the Red Dragon,6.943,140
"[35, 18, 10751]",en,Uncle Buck,16.322,1989-08-16,Uncle Buck,6.8,1156
"[35, 18]",en,The Re-Education of Molly Singer,11.301,2023-09-29,The Re-Education of Molly Singer,6.186,35
"[878, 28, 53, 12]",en,Cyborg,22.697,1989-04-07,Cyborg,5.663,705
"[18, 28, 53]",cn,掃毒,11.361,2013-11-29,The White Storm,6.428,97
[27],es,La Exorcista,21.974,2022-11-02,The Exorcist,6.19,113
"[10751, 16, 35]",en,Dog Man,13.151,2025-01-09,Dog Man,0.0,0
"[878, 28, 16, 14]",ja,劇場版 魔法科高校の劣等生 星を呼ぶ少女,16.553,2017-06-17,The Irregular at Magic High School: The Girl Who Summons the Stars,6.3,70
"[18, 10402]",en,Center Stage,17.198,2000-05-12,Center Stage,6.934,327
[18],en,HAPPYEND,16.309,2024-10-04,Happyend,0.0,0
"[53, 27]",hi,शैतान,22.831,2024-03-08,Shaitaan,6.068,37
"[10749, 35]",pl,Nic na siłę,22.827,2024-03-27,No Pressure,5.256,45
"[18, 53]",en,Animal Instincts 2,10.826,1994-08-24,Animal Instincts 2,4.2,21
"[35, 14]",en,Joe's Apartment,16.946,1996-07-26,Joe's Apartment,5.672,331
[35],en,Prom Dates,22.826,2024-05-02,Prom Dates,5.114,22
"[53, 28]",en,Escaping Paradise,14.249,2023-07-08,Escaping Paradise,6.029,17
"[16, 28]",en,Superman/Shazam!: The Return of Black Adam,14.697,2010-11-16,Superman/Shazam!: The Return of Black Adam,7.055,1496
"[18, 80]",en,Things to Do in Denver When You're Dead,22.824,1995-12-01,Things to Do in Denver When You're Dead,6.471,366
"[37, 10752]",en,The Horse Soldiers,12.196,1959-06-11,The Horse Soldiers,7.0,234
"[35, 53]",en,Poison,22.813,2023-09-29,Poison,6.87,393
"[28, 12, 16, 10751]",ja,劇場版ポケットモンスター ベストウイッシュ 神速のゲノセクト ミュウツー覚醒,14.697,2013-07-13,Pokémon the Movie: Genesect and the Legend Awakened,6.389,148
"[35, 27, 878]",en,Critters 4,12.944,1992-08-20,Critters 4,4.921,277
"[35, 10749]",en,Valentine's Day,12.695,2010-02-10,Valentine's Day,5.913,3001
"[28, 35, 37, 80]",en,Bandidas,14.194,2006-01-18,Bandidas,6.011,1072
"[14, 27]",en,Snow White: A Tale of Terror,14.694,1997-07-18,Snow White: A Tale of Terror,6.066,249
"[878, 35, 12, 14]",ja,キングコング対ゴジラ,12.444,1962-08-11,King Kong vs. Godzilla,6.836,296
[27],es,Virus: 32,15.714,2022-04-21,Virus:32,6.85,287
"[35, 27, 878]",en,Body Melt,9.77,1994-10-28,Body Melt,5.198,96
[18],en,"To Sir, with Love",13.443,1967-06-14,"To Sir, with Love",7.5,305
"[878, 27, 18]",en,The Fly,20.443,1958-07-16,The Fly,7.01,525
"[80, 53, 9648]",en,The Dry,13.955,2021-01-01,The Dry,6.825,640
"[27, 53]",en,Eradication,12.214,2022-07-15,Eradication,6.236,146
"[16, 28, 14]",en,The Witcher: Nightmare of the Wolf,18.956,2021-08-23,The Witcher: Nightmare of the Wolf,7.511,930
"[35, 10749]",es,El amor menos pensado,22.777,2018-08-02,An Unexpected Love,6.339,62
[18],fr,La Promesse,22.777,1996-08-07,La Promesse,7.2,163
[10402],en,Michael Jackson: Live in Bucharest - The Dangerous Tour,14.94,1992-10-02,Michael Jackson: Live in Bucharest - The Dangerous Tour,8.514,106
"[16, 35, 10751]",en,Tom and Jerry: Willy Wonka and the Chocolate Factory,14.196,2017-06-28,Tom and Jerry: Willy Wonka and the Chocolate Factory,6.705,149
"[27, 14]",en,Wishmaster 4: The Prophecy Fulfilled,13.191,2002-06-10,Wishmaster 4: The Prophecy Fulfilled,4.5,148
"[18, 9648, 53, 10749]",en,Passengers,19.692,2008-09-26,Passengers,6.076,886
"[53, 9648, 18, 80]",en,Dark Places,9.758,2015-04-08,Dark Places,5.903,1265
"[53, 80, 18, 28]",en,Blood and Money,9.757,2020-05-15,Blood and Money,5.3,130
"[27, 35, 10749]",en,Warm Bodies,19.692,2013-01-31,Warm Bodies,6.454,5992
"[18, 36, 10770]",en,Prayers for Bobby,16.441,2009-01-24,Prayers for Bobby,8.073,576
"[53, 18]",en,No Way Out,15.439,1987-08-14,No Way Out,6.895,678
"[10402, 18, 10749]",en,Step Up Revolution,17.942,2012-07-26,Step Up Revolution,6.921,2015
"[16, 35, 10751]",en,Prep & Landing: Naughty vs. Nice,14.601,2011-12-05,Prep & Landing: Naughty vs. Nice,6.9,72
"[35, 18]",en,Something to Talk About,12.688,1995-08-04,Something to Talk About,5.7,235
"[878, 12]",en,The Fantastic Four: First Steps,16.508,2025-07-23,The Fantastic Four: First Steps,0.0,0
"[35, 10749]",en,What's Your Number?,18.691,2011-09-30,What's Your Number?,6.486,2304
[18],es,La casa,17.826,2024-05-01,The House,6.735,17
"[28, 9648, 53]",en,The Black Book,11.829,2023-09-22,The Black Book,6.7,78
"[18, 35]",en,Terms of Endearment,17.687,1983-11-20,Terms of Endearment,7.091,738
"[18, 14]",en,Orlando,13.437,1992-12-11,Orlando,6.916,311
[18],fr,"L'Apollonide, souvenirs de la maison close",15.689,2011-09-21,House of Pleasures,6.6,241
"[28, 18, 53]",en,The Towering Inferno,18.186,1974-12-14,The Towering Inferno,7.014,909
"[35, 80, 28]",en,Mafia Mamma,15.472,2023-04-13,Mafia Mamma,6.076,243
"[28, 35]",en,Tower Heist,14.689,2011-11-02,Tower Heist,6.103,2894
"[18, 10749]",en,Wild Orchid,20.436,1989-12-22,Wild Orchid,5.3,271
"[18, 80]",es,La mala educación,17.686,2004-03-19,Bad Education,7.369,936
"[18, 10749, 35]",it,Matrimonio all'italiana,13.186,1964-12-18,Marriage Italian Style,7.732,498
"[12, 35, 10751, 14, 878]",en,Aliens in the Attic,18.187,2009-07-30,Aliens in the Attic,5.694,977
"[35, 10749]",tr,Özel Ders,19.464,2022-12-16,Private Lesson,6.796,103
"[35, 10749]",en,"I Love You, Beth Cooper",19.187,2009-07-10,"I Love You, Beth Cooper",5.959,851
"[35, 10749]",en,"I Love You, Beth Cooper",19.187,2009-07-10,"I Love You, Beth Cooper",5.959,851
"[10749, 35]",en,French Girl,17.663,2024-03-15,French Girl,6.7,46
"[27, 9648, 53]",en,My Bloody Valentine,22.721,1981-02-11,My Bloody Valentine,6.4,466
"[10752, 36, 18]",en,Tora! Tora! Tora!,21.434,1970-01-26,Tora! Tora! Tora!,7.2,524
"[14, 9648, 53]",ja,デスノート,22.185,2006-06-17,Death Note,7.0,691
"[16, 28, 14, 12]",en,"Justice League x RWBY: Super Heroes & Huntsmen, Part Two",20.538,2023-10-17,"Justice League x RWBY: Super Heroes & Huntsmen, Part Two",6.729,35
[18],de,Paradies: Liebe,15.936,2012-04-27,Paradise: Love,6.838,188
"[18, 10749, 53]",en,Labor Day,20.437,2013-12-27,Labor Day,6.989,1093
"[16, 28, 12, 14]",ja,劇場版総集編 オーバーロード 漆黒の英雄【後編】,13.949,2017-03-11,Overlord: The Dark Hero,7.206,17
"[35, 10749]",en,Rye Lane,13.217,2023-03-17,Rye Lane,7.076,185
[53],en,The Scribbler,9.731,2014-09-19,The Scribbler,5.028,163
"[12, 28, 878, 53]",en,Universal Soldier: Regeneration,15.185,2009-10-01,Universal Soldier: Regeneration,5.616,448
"[18, 10751]",tl,Lolo and the Kid,22.701,2024-08-07,Lolo and the Kid,6.8,15
"[10770, 18, 36]",en,61*,9.728,2001-04-28,61*,6.949,127
"[28, 12, 35]",en,"It's a Mad, Mad, Mad, Mad World",15.183,1963-11-07,"It's a Mad, Mad, Mad, Mad World",6.957,578
[18],ja,東京物語,16.183,1953-11-03,Tokyo Story,8.176,1030
"[9648, 53, 80]",en,Mindhunters,18.933,2004-05-07,Mindhunters,6.479,1157
"[18, 10749]",en,We Don't Live Here Anymore,9.727,2004-08-13,We Don't Live Here Anymore,5.609,101
"[12, 35]",en,Beat the Devil,9.727,1953-11-26,Beat the Devil,6.2,143
"[878, 35]",en,Office Invasion,18.955,2022-08-10,Office Invasion,5.537,108
"[10749, 18]",ko,캘린더걸,11.275,2016-04-07,Calendar Girl,5.0,3
"[53, 27, 878]",en,The Dead Zone,14.43,1983-10-21,The Dead Zone,7.027,1604
"[80, 18]",es,Togo,12.466,2022-10-05,Togo,6.5,67
[18],en,Rebel Without a Cause,20.181,1955-10-27,Rebel Without a Cause,7.536,1586
"[10749, 18]",fi,Odotus,15.789,2022-04-01,The Wait,5.929,28
"[18, 12, 28]",en,10.0 Earthquake,13.933,2014-10-15,10.0 Earthquake,4.899,119
[99],en,Marvel Studios Assembled: The Making of Moon Knight,22.658,2022-05-24,Marvel Studios Assembled: The Making of Moon Knight,7.118,38
"[28, 27]",en,Wake Up,15.421,2024-05-08,Wake Up,7.5,12
"[35, 18, 10749]",en,Mermaids,16.677,1990-12-14,Mermaids,6.709,494
"[878, 18, 53]",en,Risen,11.693,2021-08-20,Risen,5.129,143
"[28, 80, 18]",zh,英雄本色,14.677,1986-08-02,A Better Tomorrow,7.414,502
"[878, 53]",en,Europa Report,15.43,2013-06-27,Europa Report,6.268,1358
"[10749, 80, 53]",en,The Hot Spot,19.427,1990-10-12,The Hot Spot,6.3,256
"[35, 18]",cn,色情男女,18.987,1996-11-28,Viva Erotica,6.6,27
[35],fr,Neuilly-Poissy,13.492,2024-05-08,Neuilly-Poissy,5.5,6
"[10402, 99]",en,Marley,21.93,2012-04-20,Marley,7.56,243
"[28, 14, 16]",ja,Fate/stay night UNLIMITED BLADE WORKS,11.459,2010-12-17,Fate/stay night: Unlimited Blade Works,7.033,76
"[35, 10751]",en,Hotel for Dogs,15.679,2009-01-16,Hotel for Dogs,6.029,852
"[18, 10402, 10749]",da,A Beautiful Life,16.715,2023-06-01,A Beautiful Life,6.929,232
"[16, 878, 14, 28]",en,Injustice,14.693,2021-10-09,Injustice,7.393,766
[35],en,Labor Pains,10.678,2009-06-19,Labor Pains,5.438,420
[18],en,Mud,16.171,2013-04-26,Mud,7.059,2744
"[18, 53]",fr,Un condamné à mort s'est échappé,19.427,1956-11-11,A Man Escaped,7.951,513
"[80, 18]",en,Green Street Hooligans,17.926,2005-09-09,Green Street Hooligans,7.267,2319
"[35, 14, 878]",en,Status Update,16.182,2018-02-09,Status Update,7.345,515
"[28, 35, 80]",en,Showdown in Little Tokyo,22.425,1991-08-23,Showdown in Little Tokyo,6.352,464
"[35, 10402]",en,Wayne's World,16.674,1992-02-14,Wayne's World,6.702,2193
"[28, 16, 18, 878]",ja,新世紀エヴァンゲリオン劇場版 DEATH(TRUE)²／Air／まごころを､君に,16.162,1998-03-07,Revival of Evangelion,7.604,48
[99],en,Unknown: Killer Robots,16.159,2023-07-10,Unknown: Killer Robots,6.947,47
"[18, 10749]",hi,मेरा नाम जोकर,9.694,1970-12-18,Mera Naam Joker,7.308,60
"[35, 10749]",en,Blame It on Rio,22.618,1984-02-17,Blame It on Rio,5.7,168
[18],en,Hands of Stone,16.155,2016-08-26,Hands of Stone,6.575,399
"[10751, 35]",pl,Za duży na bajki 2,16.154,2024-03-15,Too Old for Fairy Tales 2,6.5,33
"[53, 80, 18]",en,Sharper,16.705,2023-02-10,Sharper,6.97,492
[27],en,Things Heard & Seen,16.152,2021-04-29,Things Heard & Seen,5.7,936
"[14, 16, 35]",zh,西游记之大圣归来,16.152,2015-07-10,Monkey King: Hero Is Back,6.918,261
"[18, 10749]",ja,武士の一分,9.691,2006-12-01,Love and Honor,7.4,80
"[18, 36, 27]",fr,Notre-Dame de Paris,14.644,1956-12-19,The Hunchback of Notre Dame,6.6,99
"[80, 18, 10749]",en,On the Waterfront,16.924,1954-06-22,On the Waterfront,7.923,1545
"[27, 53]",en,Maniac,16.148,2012-12-26,Maniac,6.04,916
"[18, 36, 27]",fr,Notre-Dame de Paris,14.644,1956-12-19,The Hunchback of Notre Dame,6.6,99
"[80, 18, 10749]",en,On the Waterfront,16.924,1954-06-22,On the Waterfront,7.923,1545
"[27, 53]",en,Maniac,16.925,2012-12-26,Maniac,6.04,916
"[27, 878]",en,Toxic Shark,9.686,2017-08-03,Toxic Shark,5.592,92
"[35, 878]",ja,タイム・アバンチュール 絶頂5秒前,17.441,1986-12-20,Time Adventure: 5 Seconds Til Climax,7.1,9
"[18, 14, 10749]",en,Somewhere in Time,15.671,1980-10-02,Somewhere in Time,7.512,561
"[878, 53, 27]",en,The Last Days on Mars,17.424,2013-08-11,The Last Days on Mars,5.474,797
"[16, 10751]",en,Seal Team,17.188,2021-10-28,Seal Team,6.9,224
"[18, 35]",en,mid90s,15.678,2018-10-19,mid90s,7.492,1568
"[10749, 35]",en,The Prince & Me: A Royal Honeymoon,10.922,2008-10-28,The Prince & Me: A Royal Honeymoon,5.616,128
"[28, 14, 12, 10402]",zh,盤絲洞,20.191,1967-08-21,The Cave of the Silken Web,5.6,9
"[18, 10752, 36, 27]",it,Casa privata per le SS,14.49,1977-01-20,Private House of the SS,5.4,44
"[28, 53]",en,Run & Gun,12.637,2022-01-11,Run & Gun,5.5,65
"[35, 18, 36, 12]",en,Eddie the Eagle,12.923,2016-02-25,Eddie the Eagle,7.173,2078
"[80, 18, 53]",en,The American,16.17,2010-08-31,The American,5.941,1323
[35],en,Jim Gaffigan: King Baby,9.672,2009-03-29,Jim Gaffigan: King Baby,6.841,66
"[18, 36, 80, 53]",en,Snowden,12.673,2016-09-15,Snowden,7.108,4275
"[35, 14, 27]",en,Frankie Freako,16.873,2024-10-04,Frankie Freako,0.0,0
"[28, 35, 878]",en,Hell Comes to Frogtown,9.667,1988-01-29,Hell Comes to Frogtown,5.521,143
"[27, 35]",en,Creepshow,15.917,1982-11-10,Creepshow,6.938,1010
"[28, 53, 18]",en,Sweet Girl,15.933,2021-08-18,Sweet Girl,6.645,1173
"[28, 12, 53]",en,Kill Chain,22.551,2020-02-20,Kill Chain,5.192,146
[18],ja,完全なる飼育,15.937,1999-01-30,The Perfect Education,5.7,9
"[28, 12, 878]",en,Congo,18.166,1995-06-09,Congo,5.5,869
"[18, 27]",en,Freaks,17.166,1932-01-01,Freaks,7.796,1159
[99],en,The Endless Summer,9.66,1966-06-15,The Endless Summer,7.211,114
[35],es,Los verduleros,17.664,1986-02-07,Los verduleros,7.263,160
[10749],ko,아내를 빌려드립니다,13.205,2020-05-14,Wife for Rent,1.0,1
"[35, 10749]",fr,Prête-moi ta main,9.653,2006-11-01,I Do,6.429,310
"[12, 37]",en,Jeremiah Johnson,21.163,1972-09-10,Jeremiah Johnson,7.296,590
[35],en,The Benchwarmers,19.164,2006-04-07,The Benchwarmers,5.855,852
"[27, 14]",en,Wishmaster,21.414,1997-09-19,Wishmaster,5.982,569
[35],en,Fast Times at Ridgemont High,20.663,1982-08-13,Fast Times at Ridgemont High,6.803,1208
"[14, 28]",en,Hancock 2,10.162,,Hancock 2,0.0,0
"[53, 18]",en,Pawn Sacrifice,17.417,2015-09-16,Pawn Sacrifice,6.755,930
"[10749, 35]",zh,一吻定情,14.56,2019-02-14,Fall in Love at First Kiss,6.585,88
"[18, 28, 53]",ta,இந்தியன் II: Zero Tolerance,10.674,2024-07-12,Indian 2: Zero Tolerance,3.556,9
"[14, 16, 12]",ja,犬夜叉 紅蓮の蓬莱島,14.413,2004-12-23,Inuyasha the Movie 4: Fire on the Mystic Island,7.5,104
"[10751, 10402, 10770, 35]",en,Teen Beach Movie,13.665,2013-08-07,Teen Beach Movie,6.88,909
"[18, 53, 9648, 28]",en,Oldboy,19.665,2013-11-14,Oldboy,5.933,1928
[18],en,The Fighter,16.071,2010-12-10,The Fighter,7.388,4287
"[35, 18]",en,Magic Mike XXL,16.07,2015-07-01,Magic Mike XXL,6.2,1752
"[16, 18, 9648, 36]",en,Loving Vincent,16.067,2017-06-22,Loving Vincent,8.001,2421
[18],es,"Madrid, 1987",16.061,2012-04-13,"Madrid, 1987",6.4,63
"[18, 10749]",it,Ultimo tango a Parigi,16.06,1972-12-15,Last Tango in Paris,6.944,1192
"[28, 27]",es,Sadomanía (El infierno de la pasión),16.058,1981-03-27,Sadomania,5.208,36
[],en,Inuman Session with Avina,16.057,2024-09-03,Inuman Session with Avina,0.0,0
"[12, 35, 18]",es,Pájaros,16.057,2024-04-05,Birds Flying East,6.466,29
[18],en,"The Long, Hot Summer",16.057,1958-05-17,"The Long, Hot Summer",7.089,202
"[10749, 35, 10402]",en,Marry Me,16.056,2022-02-09,Marry Me,6.672,983
"[28, 37]",cn,黃飛鴻之西域雄獅,16.056,1997-02-01,Once Upon a Time in China and America,5.742,95
"[18, 10749]",ja,激イキ奥様 仕組まれた快楽,16.053,2019-04-12,Geki iki okusama: Shikumareta kairaku,2.0,0
"[28, 53]",en,Lou,16.051,2022-09-23,Lou,6.535,649
"[35, 12]",en,Harold & Kumar Escape from Guantanamo Bay,16.051,2008-04-25,Harold & Kumar Escape from Guantanamo Bay,6.28,1456
"[27, 878]",en,Piranha,16.05,1978-08-03,Piranha,5.933,652
"[16, 10751, 10402]",en,"Monster High: Boo York, Boo York",16.049,2015-10-19,"Monster High: Boo York, Boo York",7.7,170
[18],en,If I Stay,16.049,2014-08-21,If I Stay,7.376,4143
[18],en,Armageddon Time,16.048,2022-10-28,Armageddon Time,6.514,407
"[10402, 35, 18]",en,Flora and Son,16.046,2023-09-21,Flora and Son,6.957,150
"[27, 10770]",en,Look What's Happened to Rosemary's Baby,16.045,1976-10-29,Look What's Happened to Rosemary's Baby,3.7,32
[18],en,Armageddon Time,13.434,2022-10-28,Armageddon Time,6.514,407
"[10402, 35, 18]",en,Flora and Son,17.209,2023-09-21,Flora and Son,6.957,150
"[27, 10770]",en,Look What's Happened to Rosemary's Baby,14.117,1976-10-29,Look What's Happened to Rosemary's Baby,3.7,32
"[12, 14, 16, 35, 10751]",en,The Care Bears Movie,22.46,1985-03-23,The Care Bears Movie,6.0,128
"[35, 10749]",en,Think Like a Man,20.409,2012-04-20,Think Like a Man,6.847,831
"[35, 9648, 80, 12, 10751]",en,The Pink Panther,21.407,2006-02-10,The Pink Panther,5.832,1894
"[27, 18, 878]",fr,Les affamés,20.162,2017-09-23,Ravenous,5.937,405
"[53, 18]",en,The Blackout,9.622,2014-10-30,The Blackout,4.9,11
[10749],ko,엄마친구 6,21.285,2019-11-08,Mom's Friend 6,3.4,4
"[10751, 12, 16, 14, 28, 878]",ja,劇場版ポケットモンスター ダイヤモンド&パール ディアルガVSパルキアVSダークライ,12.407,2007-07-14,Pokémon: The Rise of Darkrai,6.9,272
"[18, 10770]",de,Von uns wird es keiner sein,11.734,2024-09-29,Von uns wird es keiner sein,0.0,0
"[878, 12, 35]",pl,Seksmisja,12.405,1984-05-13,Sexmission,7.309,280
"[18, 35, 10749]",en,Cashback,19.617,2007-01-17,Cashback,6.954,1220
"[28, 12, 16, 10751]",en,Iron Man & Hulk: Heroes United,11.408,2013-12-03,Iron Man & Hulk: Heroes United,5.639,180
[99],en,Wild Life,14.52,2023-04-14,Wild Life,7.1,11
"[18, 36]",en,Mary Magdalene,13.911,2018-03-15,Mary Magdalene,6.309,513
[35],es,No sé si cortarme las venas o dejármelas largas,9.614,2013-08-23,I Don't Know Whether to Slit My Wrists or Leave Them Long,6.5,53
"[27, 878]",en,The Blob,18.153,1988-08-05,The Blob,6.8,872
"[12, 18, 36]",en,Alive,17.903,1993-01-15,Alive,6.885,1414
[27],en,Scarecrows,9.611,1988-09-28,Scarecrows,5.138,120
"[12, 18, 36]",en,Alive,17.903,1993-01-15,Alive,6.885,1414
[27],en,Scarecrows,9.611,1988-09-28,Scarecrows,5.138,120
"[35, 18, 10749]",en,Moscow on the Hudson,9.611,1984-04-06,Moscow on the Hudson,6.255,200
"[10751, 12, 35]",en,Joey and Ella,14.878,2021-07-27,Joey and Ella,4.1,7
[28],cn,黃飛鴻之三：獅王爭霸,15.902,1993-02-11,Once Upon a Time in China III,6.381,189
"[14, 18]",sv,Det sjunde inseglet,14.903,1957-02-16,The Seventh Seal,8.195,2932
"[18, 27, 53]",en,Hold Your Breath,16.014,2024-09-12,Hold Your Breath,0.0,0
"[28, 53, 18]",ko,우는 남자,14.656,2014-06-04,No Tears for the Dead,7.258,243
"[28, 12, 878, 35, 14]",cn,冰封俠：重生之門,17.156,2014-04-17,Iceman,5.495,198
"[16, 28, 10751]",en,The Powerpuff Girls Movie,18.403,2002-07-03,The Powerpuff Girls Movie,6.675,295
[53],en,Marathon Man,16.152,1976-10-08,Marathon Man,7.199,1053
"[18, 878, 9648]",ru,Солярис,16.902,1972-03-20,Solaris,7.822,1566
"[35, 18, 10749]",es,Volver,14.403,2006-03-17,Volver,7.5,1693
"[18, 36, 10752]",en,The Killing Fields,19.152,1984-11-23,The Killing Fields,7.475,724
"[27, 53, 14]",en,Stigmata,15.152,1999-09-02,Stigmata,6.272,1079
"[10402, 35, 14]",en,Shrek the Musical,11.654,2013-09-17,Shrek the Musical,7.188,117
"[35, 10749]",en,The Money Pit,18.401,1986-03-26,The Money Pit,6.495,1101
"[28, 80, 53]",en,The Commando,14.67,2022-01-07,The Commando,5.8,158
"[9648, 18, 27]",es,Mientras El Lobo No Está,22.404,2017-02-24,While the Wolf's Away,7.949,146
"[35, 18]",fr,Le Prénom,10.653,2012-04-25,What's in a Name,7.314,1662
[18],it,La casa del piacere,13.639,1994-09-20,The House of Pleasure,4.5,8
"[27, 53]",en,Urban Legends: Bloody Mary,15.65,2005-07-19,Urban Legends: Bloody Mary,4.9,271
"[18, 9648, 53]",en,Cracks,16.151,2009-12-04,Cracks,6.666,394
"[35, 18, 10749]",en,Together Together,11.413,2021-04-23,Together Together,6.5,147
"[18, 10749, 35]",ja,あの夏、いちばん静かな海。,9.594,1991-10-19,A Scene at the Sea,7.4,180
[18],en,Philadelphia,15.148,1993-12-22,Philadelphia,7.724,4173
"[28, 12, 18]",ta,பொன்னியின் செல்வன்: பாகம் 2,14.225,2023-04-28,Ponniyin Selvan: Part II,6.512,43
[35],it,Vicini di casa,22.379,2022-12-01,Vicini di casa,5.537,95
"[27, 53]",en,The Hills Have Eyes Part 2,15.898,1985-08-02,The Hills Have Eyes Part 2,4.4,237
"[10752, 53, 28, 12]",en,Operation Seawolf,16.423,2022-10-07,Operation Seawolf,5.8,102
"[18, 36, 35]",en,The Electrical Life of Louis Wain,20.664,2021-10-21,The Electrical Life of Louis Wain,6.927,437
"[10402, 35, 18]",en,Empire Records,22.375,1995-09-22,Empire Records,6.7,684
[28],en,Miss Bala,17.655,2019-02-01,Miss Bala,6.378,533
"[18, 10749]",en,I'm in Love with a Church Girl,12.05,2013-10-18,I'm in Love with a Church Girl,6.056,80
"[80, 53, 27, 9648]",ja,キュア,19.648,1997-12-27,Cure,7.5,503
"[53, 27]",en,Welcome Home,17.155,2018-11-16,Welcome Home,5.3,323
"[18, 10749]",en,When a Man Loves a Woman,18.647,1994-04-29,When a Man Loves a Woman,6.5,329
[],ja,NJPW Destruction In Kobe 2024,9.691,2024-09-29,NJPW Destruction In Kobe 2024,0.0,0
[35],en,Revenge of the Nerds,19.647,1984-07-20,Revenge of the Nerds,6.437,717
"[18, 36]",de,Cranko,22.364,2024-10-03,Cranko,0.0,0
"[18, 12, 36]",en,The Way Back,15.967,2010-11-22,The Way Back,7.0,1545
"[14, 28, 12]",hi,ब्रह्मास्त्र पहला भाग: शिवा,15.965,2022-09-08,Brahmāstra Part One: Shiva,6.469,163
"[10751, 16, 14]",en,"Monster High: Frights, Camera, Action!",15.959,2014-03-25,"Monster High: Frights, Camera, Action!",7.412,131
"[16, 878, 18]",ja,イヴの時間 劇場版,15.959,2010-03-06,Time of EVE: The Movie,7.233,146
"[10751, 14, 35, 12]",en,A Gnome Named Gnorm,15.959,1992-01-17,A Gnome Named Gnorm,4.526,37
"[16, 28]",ja,真救世主伝説 北斗の拳 ラオウ伝 殉愛の章,15.957,2006-03-11,Fist of the North Star: The Legend of the True Savior: Legend of Raoh-Chapter of Death in Love,6.651,86
"[35, 10749, 18]",en,Bridget Jones's Baby,15.953,2016-09-14,Bridget Jones's Baby,6.416,2859
"[28, 12, 35]",zh,素人特工,15.95,2019-07-12,The Rookies,5.3,39
"[18, 10749]",ko,에이아이 섹스호텔,15.949,2022-02-25,AI Sex Hotel,0.0,0
"[16, 10751, 14]",en,Monster High: Haunted,15.949,2015-03-02,Monster High: Haunted,7.422,187
[35],nl,Bros Before Hos,15.949,2013-12-05,Bros Before Hos,6.215,100
"[35, 14, 12]",fr,Les Nouvelles Aventures D'Aladin,15.948,2015-10-14,The New Adventures of Aladdin,4.729,860
"[12, 878, 28]",en,Starship Troopers 3: Marauder,15.947,2008-07-19,Starship Troopers 3: Marauder,4.8,511
"[12, 53, 27]",en,Jaws: The Revenge,15.944,1987-07-17,Jaws: The Revenge,4.062,1010
"[12, 28, 16]",ja,ルパン三世 THE FIRST,15.942,2019-12-06,Lupin III: The First,7.3,286
"[35, 18, 10749]",en,"Juliet, Naked",15.94,2018-08-16,"Juliet, Naked",6.312,470
"[878, 35, 27]",en,Re-Animator,15.94,1985-10-18,Re-Animator,7.1,1438
[99],en,Rebuilding Paradise,15.938,2020-01-23,Rebuilding Paradise,6.4,10
"[9648, 35, 18]",en,Amsterdam,15.937,2022-09-27,Amsterdam,6.057,1451
"[28, 80]",en,Code of Silence,15.937,1985-05-03,Code of Silence,5.882,203
"[878, 35, 27]",en,Re-Animator,17.141,1985-10-18,Re-Animator,7.1,1438
[99],en,Rebuilding Paradise,9.563,2020-01-23,Rebuilding Paradise,6.4,10
"[9648, 35, 18]",en,Amsterdam,22.312,2022-09-27,Amsterdam,6.057,1451
"[28, 80]",en,Code of Silence,9.562,1985-05-03,Code of Silence,5.882,203
"[53, 878, 9648]",en,The Thirteenth Floor,20.142,1999-04-16,The Thirteenth Floor,7.037,1291
"[35, 878]",en,Junior,17.64,1994-11-22,Junior,5.183,1465
"[10402, 10751, 35, 14]",en,Doctor Dolittle,9.891,1967-12-05,Doctor Dolittle,6.101,173
[18],es,El aroma del pasto recién cortado,15.923,2024-09-19,The Freshly Cut Grass,0.0,0
"[10751, 35, 878, 10770]",en,Girl vs. Monster,16.392,2012-10-12,Girl vs. Monster,6.309,267
"[35, 18]",es,Todo sobre mi madre,16.14,1999-04-16,All About My Mother,7.646,1858
"[35, 28]",cn,双龙会,13.138,1992-01-15,Twin Dragons,6.74,375
[35],es,Alimañas,9.551,2023-10-27,Vermin,5.2,24
"[18, 10752, 10770]",en,Taking Chance,19.39,2009-09-21,Taking Chance,7.1,159
[27],it,Il boia scarlatto,10.119,1965-11-28,Bloody Pit of Horror,4.705,66
"[16, 35, 10751]",en,Minions: Training Wheels,10.892,2013-12-10,Minions: Training Wheels,6.983,179
"[18, 35]",en,Twister,10.217,1989-06-30,Twister,5.486,36
"[27, 878]",en,The Curse of Frankenstein,13.388,1957-05-20,The Curse of Frankenstein,6.754,289
"[878, 28, 80, 18]",en,Freejack,9.887,1992-01-17,Freejack,5.389,311
"[12, 16, 28, 878]",en,Ultimate Avengers 2,17.389,2006-08-08,Ultimate Avengers 2,6.764,286
[35],fr,Le Gendarme de Saint-Tropez,15.888,1964-09-08,Le Gendarme de Saint-Tropez,7.051,842
"[18, 27, 53]",es,Voces,16.398,2020-07-24,Don't Listen,6.5,734
"[18, 80, 53]",en,The Little Things,15.649,2021-01-28,The Little Things,6.33,2442
"[18, 53]",it,Salvare la faccia,17.887,1969-02-03,Psychout for Murder,6.3,25
"[14, 35]",en,Sleeping Beauties,10.002,2017-07-27,Sleeping Beauties,4.5,12
[18],it,La Luna,11.955,1979-08-29,Luna,6.394,94
[35],en,Accepted,17.137,2006-08-18,Accepted,6.395,1551
[18],sv,En del av dig,22.259,2024-05-31,A Part of You,6.68,64
"[9648, 53, 10749]",en,Out of the Blue,19.76,2022-08-26,Out of the Blue,5.9,95
"[35, 18]",en,A Serious Man,15.637,2009-09-30,A Serious Man,6.727,2045
"[35, 18, 10749]",en,Lars and the Real Girl,17.387,2007-10-12,Lars and the Real Girl,7.18,1782
[99],en,Secrets of the Neanderthals,22.256,2024-05-02,Secrets of the Neanderthals,6.982,28
"[9648, 80, 53]",en,Femme Fatale,12.385,2002-04-30,Femme Fatale,6.164,575
"[35, 28]",pl,Walter Black i tajemnica mefedronu,9.705,2024-09-29,Walter Black i tajemnica mefedronu,3.0,1
"[16, 28, 14]",en,Freedom Fighters: The Ray,22.252,2018-08-28,Freedom Fighters: The Ray,6.1,79
"[53, 27]",en,The Pack,11.638,2015-08-05,The Pack,5.748,163
"[18, 10749]",en,Only Lovers Left Alive,17.388,2013-12-12,Only Lovers Left Alive,7.23,2155
"[18, 9648, 53, 80]",en,High Crimes,12.635,2002-04-05,High Crimes,6.342,772
"[16, 35, 10751, 9648]",en,Scooby-Doo! and the Monster of Mexico,12.385,2003-09-30,Scooby-Doo! and the Monster of Mexico,7.302,310
"[28, 53, 878, 80, 27]",en,Dark Angel,10.633,1990-01-26,Dark Angel,5.914,308
"[9648, 10749, 53, 18]",en,Rebecca,12.884,1940-03-23,Rebecca,7.895,1724
"[16, 10751, 35, 878]",en,Puppy,9.53,2013-12-10,Puppy,7.144,219
"[18, 35]",en,Bad Behaviour,15.882,2023-11-02,Bad Behaviour,4.867,15
[878],en,Anon,15.889,2018-05-03,Anon,5.967,1543
"[28, 16]",ja,真救世主伝説 北斗の拳 ラオウ伝 激闘の章,16.104,2007-04-28,Fist of the North Star: Legend of Raoh - Chapter of Fierce Fight,6.5,74
[18],ar,کفرناحوم,15.879,2018-09-20,Capernaum,8.153,1667
"[53, 9648]",en,Don't Say a Word,21.383,2001-09-28,Don't Say a Word,6.247,893
"[18, 53]",en,The Company You Keep,22.228,2012-12-20,The Company You Keep,6.2,687
"[28, 878]",hi,कृष ३,15.876,2013-11-01,Krrish 3,5.655,174
"[16, 28, 878]",ja,銃夢,10.631,1993-06-21,Battle Angel,6.839,199
"[18, 10749]",en,Get Real,15.132,1998-08-16,Get Real,6.838,164
"[37, 27, 53]",en,From Dusk Till Dawn 3: The Hangman's Daughter,21.632,1999-10-31,From Dusk Till Dawn 3: The Hangman's Daughter,4.886,333
"[53, 878, 28]",ru,Аванпост,13.584,2019-11-21,The Blackout,6.5,458
"[18, 53, 80]",en,A History of Violence,18.882,2005-09-23,A History of Violence,7.172,3172
"[35, 99]",en,Comedian,9.521,2002-10-11,Comedian,6.6,78
"[53, 37, 12]",en,The Missing,18.631,2003-11-26,The Missing,6.303,604
"[28, 12, 18]",en,"Crouching Tiger, Hidden Dragon: Sword of Destiny",16.885,2016-02-18,"Crouching Tiger, Hidden Dragon: Sword of Destiny",6.111,628
[18],es,21 paraíso,15.864,2023-11-21,21 Positions,6.2,5
"[36, 18, 10749]",fr,Benedetta,17.394,2021-07-09,Benedetta,6.625,973
"[35, 28]",en,Kung Pow: Enter the Fist,22.208,2002-01-25,Kung Pow: Enter the Fist,6.373,645
"[28, 18, 53]",en,Sniper,19.879,1993-01-29,Sniper,6.153,408
"[28, 18, 53]",en,Sniper,19.879,1993-01-29,Sniper,6.153,408
"[35, 18, 10749]",en,The Broken Hearts Club: A Romantic Comedy,10.43,2000-02-01,The Broken Hearts Club: A Romantic Comedy,6.3,85
"[10751, 35]",en,Secondhand Lions,20.13,2003-09-19,Secondhand Lions,7.172,747
[99],en,Marvel Studios Assembled: The Making of X-Men '97,19.486,2024-05-21,Marvel Studios Assembled: The Making of X-Men '97,5.8,7
"[35, 10751]",en,The War with Grandpa,16.39,2020-08-27,The War with Grandpa,6.445,935
[27],en,A Creature Was Stirring,17.193,2023-12-08,A Creature Was Stirring,5.7,50
"[18, 53]",en,The Mauritanian,12.142,2021-02-12,The Mauritanian,7.427,1069
"[10749, 35]",en,The DUFF,13.381,2015-02-20,The DUFF,6.778,4326
"[35, 10402]",en,Ski Party,14.648,1965-06-30,Ski Party,5.8,9
"[27, 9648, 53]",en,Devil,13.629,2010-09-16,Devil,6.081,2809
"[10751, 18]",en,The Girl Who Believes in Miracles,11.641,2021-04-02,The Girl Who Believes in Miracles,7.48,102
[35],en,Big Bully,9.505,1996-01-26,Big Bully,4.548,73
"[18, 53]",en,The Fallen Idol,9.505,1948-09-30,The Fallen Idol,7.137,164
"[18, 10749]",en,A Star Is Born,9.627,1937-04-27,A Star Is Born,7.193,205
"[9648, 80, 53]",en,The Maltese Falcon,16.627,1941-10-18,The Maltese Falcon,7.708,1646
"[18, 53, 9648]",en,Tinker Tailor Soldier Spy,14.129,2011-09-16,Tinker Tailor Soldier Spy,6.629,2584
"[35, 18]",da,Idioterne,21.126,1998-04-28,The Idiots,6.469,562
"[18, 36]",es,Soy Nevenka,19.938,2024-09-27,I Am Nevenka,7.833,3
[18],fr,Manon des sources,13.125,1986-11-19,Manon of the Spring,7.597,496
[18],hi,श्रीकांत - आ रहा है सबकी आँखें खोलने,22.168,2024-05-10,Srikanth,7.409,11
"[18, 36]",es,Soy Nevenka,19.938,2024-09-27,I Am Nevenka,7.833,3
[18],fr,Manon des sources,13.125,1986-11-19,Manon of the Spring,7.597,496
[18],hi,श्रीकांत - आ रहा है सबकी आँखें खोलने,22.168,2024-05-10,Srikanth,7.409,11
"[35, 18, 10749]",ko,젊은 처제,14.88,2015-09-10,Young Lady,0.0,0
"[16, 35, 14, 12, 10751, 9648]",en,Scooby-Doo! Mask of the Blue Falcon,15.877,2012-12-15,Scooby-Doo! Mask of the Blue Falcon,7.658,155
[27],en,Thanatomorphose,11.377,2012-10-04,Thanatomorphose,5.726,106
"[18, 36, 10752]",en,Emperor,19.627,2012-09-14,Emperor,6.1,249
"[16, 28, 35, 10751]",en,Megamind: The Button of Doom,21.127,2011-02-25,Megamind: The Button of Doom,6.69,239
"[10752, 53]",en,The Train,14.375,1964-09-24,The Train,7.534,309
"[16, 14, 10751]",en,A Tooth Fairy Tale,9.495,2024-09-29,A Tooth Fairy Tale,0.0,0
"[27, 9648, 53]",en,Relic,22.152,2020-07-03,Relic,6.082,716
"[16, 10751, 12, 14]",fr,"Mune, le gardien de la lune",10.627,2015-02-05,Mune: Guardian of the Moon,7.258,532
"[28, 12, 35]",ko,해적: 도깨비 깃발,15.392,2022-01-26,The Pirates: The Last Royal Treasure,6.524,187
"[10749, 18]",es,Desearás al hombre de tu hermana,10.379,2017-10-05,Desire,5.917,198
"[10751, 16, 35, 12]",en,The Rugrats Movie,17.874,1998-11-20,The Rugrats Movie,6.2,551
[18],de,Transit,9.493,2018-04-05,Transit,6.706,228
"[99, 36]",en,Ronaldo,13.128,2015-11-09,Ronaldo,6.999,372
"[80, 18]",en,Gridiron Gang,17.375,2006-09-15,Gridiron Gang,7.04,970
[27],es,Cuidado con lo que deseas,10.384,2020-04-24,Be Careful What You Wish For,6.7,137
[18],en,God's Not Dead 2,13.878,2016-04-01,God's Not Dead 2,6.1,398
"[53, 18, 80]",en,Eden,15.125,2013-03-20,Eden,6.542,202
"[35, 14, 10749]",en,Blithe Spirit,12.385,2020-11-10,Blithe Spirit,5.8,198
"[18, 36]",en,Spencer,16.888,2021-11-04,Spencer,6.8,1605
[99],en,Marvel Studios Assembled: The Making of Black Panther: Wakanda Forever,18.163,2023-02-07,Marvel Studios Assembled: The Making of Black Panther: Wakanda Forever,6.8,42
"[878, 80, 28, 16, 9648]",en,Batman: Under the Red Hood,16.873,2010-07-27,Batman: Under the Red Hood,7.736,1569
"[18, 80]",en,Bad Lieutenant: Port of Call - New Orleans,18.373,2009-09-11,Bad Lieutenant: Port of Call - New Orleans,6.168,1105
"[18, 27, 9648]",en,It Comes at Night,16.627,2017-06-09,It Comes at Night,5.853,2327
"[10402, 18, 10749]",en,Clouds,11.632,2020-10-09,Clouds,8.258,998
"[16, 18, 14]",ja,かぐや姫の物語,22.123,2013-11-23,The Tale of The Princess Kaguya,8.094,1757
[27],en,The Elevator,13.546,2023-04-23,The Elevator,4.538,13
"[12, 36, 10749]",fr,Angélique et le Roy,16.371,1966-01-31,Angelique and the King,6.5,124
"[18, 28, 12]",it,Orinoco - Prigioniere del sesso,16.94,1980-10-25,Hotel Paradise,5.632,19
"[878, 28, 12]",en,Spider-Man 4,13.619,,Spider-Man 4,0.0,0
[10749],ko,하숙생 : 위험한 동거,17.693,2024-01-12,Boarder: Dangerous Cohabitation,0.0,0
"[28, 53, 80]",sv,Livvakterna,9.475,2001-08-17,Executive Protection,6.173,49
"[10752, 36, 53]",fr,L'Armée des ombres,18.12,1969-09-10,Army of Shadows,7.943,628
[18],hu,Werckmeister harmóniák,9.473,2001-02-01,Werckmeister Harmonies,7.864,324
[18],en,Sunset Boulevard,16.369,1950-08-10,Sunset Boulevard,8.31,2538
"[10752, 18, 53, 9648]",ko,공동경비구역 JSA,16.118,2000-09-09,Joint Security Area,7.845,685
"[18, 14, 9648, 53]",en,I'm Thinking of Ending Things,17.129,2020-08-28,I'm Thinking of Ending Things,6.572,1897
"[10752, 18, 10749]",it,Il portiere di notte,16.617,1974-04-03,The Night Porter,6.8,323
"[18, 53, 36]",es,Rojo amanecer,14.367,1990-10-18,Red Dawn,8.054,112
"[10749, 35]",en,Just Married,17.868,2003-01-08,Just Married,5.8,1331
[18],it,Ladri di biciclette,14.368,1948-07-21,Bicycle Thieves,8.195,2353
"[10402, 18, 35]",en,Hair,18.616,1979-03-15,Hair,7.299,653
[99],en,Never Sleep Again: The Elm Street Legacy,18.118,2010-05-04,Never Sleep Again: The Elm Street Legacy,7.809,152
"[18, 27, 53]",id,Trinil: Kembalikan Tubuhku,22.081,2024-01-04,Trinil,5.2,5
"[27, 18]",en,The Wolf Man,15.867,1941-12-12,The Wolf Man,7.008,567
"[35, 80, 18]",en,Adaptation.,17.367,2002-12-06,Adaptation.,7.4,2438
"[14, 35, 10751]",en,The Santa Clause 2,12.866,2002-09-29,The Santa Clause 2,5.968,1275
"[53, 80]",da,Marco effekten,13.43,2021-05-27,The Marco Effect,5.9,85
"[80, 18, 9648]",ru,12,9.867,2007-06-06,12,6.598,373
"[18, 53]",en,A Streetcar Named Desire,18.116,1951-09-19,A Streetcar Named Desire,7.619,1328
"[35, 10749, 12]",en,Sullivan's Travels,12.366,1941-11-30,Sullivan's Travels,7.414,449
"[14, 18, 27, 10749]",en,Wolf,21.115,1994-06-17,Wolf,6.101,892
[35],en,The Pawnshop,9.458,1916-10-02,The Pawnshop,6.58,100
"[10752, 18, 878]",en,Threads,14.614,1984-09-23,Threads,7.638,298
"[18, 10749, 10752]",en,Captain Corelli's Mandolin,14.115,2001-04-18,Captain Corelli's Mandolin,5.966,515
"[28, 16, 18, 80, 9648, 878, 53]",ja,GHOST IN THE SHELL／攻殻機動隊2.0,19.866,2008-07-12,Ghost in the Shell 2.0,7.385,396
"[35, 18, 10749]",en,How Do You Know,12.615,2010-12-17,How Do You Know,5.294,956
[18],en,Kalabit,9.452,2003-09-10,Kalabit,3.5,2
"[10751, 14, 878, 12]",en,Mac and Me,12.613,1988-08-12,Mac and Me,4.383,240
"[35, 18]",en,Happiness,14.864,1998-10-11,Happiness,7.5,795
"[53, 28]",en,Crimson Tide,14.613,1995-05-12,Crimson Tide,7.167,1716
"[35, 12, 28]",en,Hundreds of Beavers,16.631,2024-01-26,Hundreds of Beavers,7.608,73
[28],en,The Calm,11.391,2023-05-17,The Calm,5.4,8
"[28, 18]",en,Best of the Best,12.113,1989-11-10,Best of the Best,6.462,288
"[28, 80, 53]",en,Spy Game,21.113,2001-11-18,Spy Game,6.916,2045
"[28, 12, 14, 53]",ur,عمرو عیار - ایک نئی شروعات,11.322,2024-06-14,Umro Ayyar – A New Beginning,10.0,1
[28],hi,Rambo,17.333,2025-01-01,Rambo,0.0,0
[27],en,The Winter Witch,12.161,2022-12-26,The Winter Witch,4.4,9
"[18, 28, 10749]",hi,सुल्तान,11.367,2016-07-06,Sultan,6.911,218
"[27, 53, 14]",es,Vacaciones de terror,12.942,1989-05-11,Vacation of Terror,7.2,61
"[99, 18, 36, 10752]",en,The Last Days,10.073,1998-10-23,The Last Days,7.6,82
[35],en,Naked,17.367,2017-08-11,Naked,5.757,1264
"[35, 878, 18]",en,Gentlemen Broncos,9.444,2009-09-30,Gentlemen Broncos,5.728,162
"[10751, 12]",en,The Black Stallion,10.861,1979-10-13,The Black Stallion,7.065,285
"[35, 18, 10749]",en,Son in Law,12.611,1993-07-02,Son in Law,5.996,277
"[28, 18, 80]",cn,毒戰,20.613,2012-11-15,Drug War,6.886,264
"[10402, 18]",en,Jesus Christ Superstar,19.11,1973-08-15,Jesus Christ Superstar,7.046,542
"[10402, 18]",en,Jesus Christ Superstar,19.11,1973-08-15,Jesus Christ Superstar,7.046,542
[],ja,NUREOCHITA DOJO,19.118,2019-01-31,NUREOCHITA DOJO,0.0,0
"[18, 53]",fr,Pas de vagues,13.964,2024-03-27,The Good Teacher,6.45,120
"[12, 16, 80, 18, 9648]",ja,名探偵コナン 世紀末の魔術師,11.361,1999-04-17,Detective Conan: The Last Wizard of the Century,7.3,163
[18],it,8½,13.361,1963-02-14,8½,8.158,2238
[35],fr,Plancha,11.636,2022-10-26,Happy 50,5.335,136
"[53, 27]",en,Trick,17.369,2019-10-18,Trick,5.851,141
"[10751, 35, 18, 10749]",en,First Daughter,22.016,2004-09-24,First Daughter,6.13,883
[99],en,A Hero's Journey: The Making of Percy Jackson and the Olympians,22.015,2024-01-30,A Hero's Journey: The Making of Percy Jackson and the Olympians,6.667,9
[99],en,Big Sur Gay Porn,22.015,2023-06-16,Big Sur Gay Porn,8.5,2
"[53, 28]",en,Triple Threat,17.367,2019-03-19,Triple Threat,6.411,558
"[10749, 18, 35]",en,Pretty in Pink,17.359,1986-02-28,Pretty in Pink,6.732,1070
"[99, 10402]",en,Classic Albums: Pink Floyd - The Making of The Dark Side of the Moon,9.434,2003-06-01,Classic Albums: Pink Floyd - The Making of The Dark Side of the Moon,7.365,38
"[28, 80, 18]",es,La Soga: Salvation,20.247,2022-01-28,La Soga: Salvation,3.5,4
"[9648, 80, 18]",en,Beast,13.365,2018-04-18,Beast,6.565,285
"[27, 35, 28, 878, 53]",en,Lake Placid,20.609,1999-07-15,Lake Placid,5.903,1097
"[99, 80]",en,"Lover, Stalker, Killer",22.009,2024-02-09,"Lover, Stalker, Killer",6.814,110
"[36, 18]",fr,Maria,12.087,2024-06-19,Being Maria,7.056,18
"[878, 9648, 53, 27]",en,Sphere,12.359,1998-02-13,Sphere,6.119,1608
"[18, 10752]",en,The Duellists,10.607,1977-08-31,The Duellists,7.281,539
"[18, 10752]",en,The Duellists,10.607,1977-08-31,The Duellists,7.281,539
"[80, 53, 28, 12]",hi,बदलापुर,9.428,2015-02-20,Badlapur,6.954,130
"[16, 80, 12, 9648]",ja,名探偵コナン 業火の向日葵,11.111,2015-04-18,Detective Conan: Sunflowers of Inferno,6.1,113
"[18, 27, 53]",en,Candyman,19.356,1992-10-16,Candyman,6.6,1570
"[99, 35]",en,Outstanding: A Comedy Revolution,21.984,2024-06-07,Outstanding: A Comedy Revolution,5.857,7
"[10749, 35]",en,Under the Tuscan Sun,17.606,2003-09-20,Under the Tuscan Sun,6.889,854
[18],es,La caída,15.612,2022-10-24,DIVE,7.439,66
"[16, 28, 878, 12, 14]",en,Hulk vs. Wolverine,14.607,2009-01-27,Hulk vs. Wolverine,7.139,251
"[27, 53]",en,Candyman: Farewell to the Flesh,16.605,1995-03-17,Candyman: Farewell to the Flesh,5.44,361
"[28, 53]",te,అమిగోస్,17.467,2023-02-10,Amigos,4.682,11
"[9648, 18, 53, 35]",en,The Player,16.355,1992-04-03,The Player,7.2,788
[27],en,Leprechaun: Origins,15.359,2014-08-22,Leprechaun: Origins,4.5,234
"[35, 14, 12]",en,Black Knight,16.855,2001-11-21,Black Knight,5.374,1081
"[35, 80, 18]",en,Paper Moon,13.354,1973-05-09,Paper Moon,7.864,700
"[28, 35, 10749]",cn,飛龍猛將,13.104,1988-02-11,Dragons Forever,7.2,257
"[99, 10402]",en,Metal: A Headbanger's Journey,9.414,2005-09-14,Metal: A Headbanger's Journey,7.567,149
"[10749, 35]",en,Love Is in the Air,16.066,2023-09-28,Love Is in the Air,6.186,97
"[12, 18, 28, 14]",en,Valhalla Rising,15.355,2009-09-04,Valhalla Rising,6.095,1173
[18],pl,Chce się żyć,9.411,2013-10-11,Life Feels Good,7.371,105
"[10749, 18]",en,Love Story,18.602,1970-12-16,Love Story,6.8,675
"[28, 12, 53]",te,సాహో,12.061,2019-08-29,Saaho,5.806,90
"[80, 18]",sv,Lilja 4-Ever,18.602,2002-08-23,Lilya 4-ever,7.622,542
[18],en,Avalon,9.405,1990-10-05,Avalon,6.604,82
[18],en,Dear Evan Hansen,15.868,2021-09-24,Dear Evan Hansen,6.292,320
"[53, 878]",en,2010,18.601,1984-12-06,2010,6.648,913
[18],en,"Love, Venezia",9.401,2024-09-29,"Love, Venezia",0.0,0
"[10749, 18]",de,Dem Horizont so nah,18.109,2019-10-10,Close to the Horizon,7.861,478
"[35, 10749, 18]",en,Brassed Off,11.35,1996-11-01,Brassed Off,7.0,266
[27],en,I'll Always Know What You Did Last Summer,15.351,2006-06-24,I'll Always Know What You Did Last Summer,4.201,375
"[18, 10749]",de,Gefangen,10.471,2005-05-26,Locked Up,5.1,29
"[35, 18, 10751, 10402, 10749]",en,Hannah Montana: The Movie,17.602,2009-04-10,Hannah Montana: The Movie,6.6,1984
"[18, 28, 35, 80]",fr,JCVD,21.601,2008-06-04,JCVD,6.638,502
"[10751, 16, 35]",en,A Close Shave,21.927,1996-03-07,A Close Shave,7.6,797
"[18, 36]",en,Mary Queen of Scots,15.357,2018-12-07,Mary Queen of Scots,6.6,1751
"[27, 53]",en,The Haunting of Helena,11.101,2013-01-14,The Haunting of Helena,5.589,152
"[10751, 16, 10402]",en,Winnie the Pooh and the Blustery Day,9.391,1968-12-20,Winnie the Pooh and the Blustery Day,7.302,96
"[53, 28, 35, 80, 18]",en,Another 48 Hrs.,18.848,1990-06-08,Another 48 Hrs.,5.984,857
"[10751, 14, 16, 12, 10770]",en,The Hobbit,17.598,1977-11-27,The Hobbit,6.528,305
"[18, 35, 80]",es,Los delincuentes,12.842,2023-10-16,The Delinquents,6.344,48
[99],en,Three Identical Strangers,14.354,2018-06-29,Three Identical Strangers,7.345,692
"[53, 28]",en,Vehicle 19,14.35,2013-03-07,Vehicle 19,5.348,491
"[35, 10749]",en,Intolerable Cruelty,16.598,2003-09-02,Intolerable Cruelty,5.939,1468
"[18, 36, 10752]",en,The King,16.606,2019-10-11,The King,7.155,3170
"[80, 53]",en,Strangers on a Train,16.098,1951-06-27,Strangers on a Train,7.67,1646
"[28, 878, 53]",en,Elevation,13.389,2024-11-08,Elevation,0.0,0
[35],en,Fighting with My Family,17.604,2019-02-14,Fighting with My Family,6.86,1671
"[18, 53]",ja,用心棒,18.347,1961-04-25,Yojimbo,8.1,1413
"[80, 18]",en,Havoc,16.847,2005-10-16,Havoc,5.239,299
"[16, 12, 14]",ja,劇場版 NARUTO -ナルト- 大激突!幻の地底遺跡だってばよ,16.596,2005-08-06,Naruto the Movie: Legend of the Stone of Gelel,6.682,371
"[14, 16, 18, 35, 878, 10749]",ja,劇場版 ああっ女神さまっ,9.381,2000-10-21,Ah! My Goddess: The Movie,6.514,35
[18],tl,Undergrads,13.391,2024-10-15,Undergrads,0.0,0
"[28, 18]",cn,五郎八卦棍,9.735,1984-02-17,The 8 Diagram Pole Fighter,6.9,88
"[28, 53]",en,Point Blank,21.882,2019-07-12,Point Blank,6.0,531
"[27, 53]",en,V/H/S: Viral,21.882,2014-11-21,V/H/S: Viral,4.863,593
"[10751, 14, 12]",en,The NeverEnding Story II: The Next Chapter,13.844,1990-10-25,The NeverEnding Story II: The Next Chapter,5.752,785
"[18, 10749]",en,"Everything, Everything",17.35,2017-05-18,"Everything, Everything",7.248,3665
[18],en,God's Not Dead: In God We Trust,12.65,2024-09-12,God's Not Dead: In God We Trust,1.0,2
"[16, 35, 12, 10751]",es,Un rescate de huevitos,15.86,2021-08-12,An Egg Rescue,7.9,403
"[9648, 18, 27]",en,Berlin Syndrome,13.35,2017-04-20,Berlin Syndrome,6.0,623
"[18, 10749]",fr,Belle de jour,21.095,1967-05-24,Belle de Jour,7.4,867
"[18, 28, 53, 80]",en,Patriot Games,15.615,1992-06-04,Patriot Games,6.677,1591
"[18, 53]",th,วิมานหนาม,15.611,2024-08-22,The Paradise of Thorns,6.0,5
"[27, 18]",cn,滿清十大酷刑之赤裸凌遲,15.611,1998-09-18,A Chinese Torture Chamber Story II,3.706,18
"[9648, 53, 12]",en,The Deep,15.609,1977-06-17,The Deep,6.032,218
"[27, 35]",en,The Lair of the White Worm,15.608,1988-09-21,The Lair of the White Worm,5.9,248
"[18, 10402]",en,La Bamba,15.606,1987-07-24,La Bamba,7.207,690
"[28, 80, 9648, 53]",en,Whiteout,15.605,2009-09-09,Whiteout,5.578,740
"[35, 10749, 12]",cs,Ostrov,15.604,2023-02-02,The Island,5.2,6
"[18, 14, 878, 53]",en,After the Dark,15.604,2013-07-06,After the Dark,6.095,669
"[28, 18, 53, 80, 9648]",en,In the Line of Fire,15.602,1993-07-08,In the Line of Fire,6.989,1542
"[99, 10402]",en,The Beach Boys,15.601,2024-05-21,The Beach Boys,6.591,22
"[12, 28, 27, 878]",en,Deep Rising,15.6,1998-01-30,Deep Rising,6.168,692
"[12, 28, 53]",en,Vertical Limit,15.597,2000-12-08,Vertical Limit,6.005,1011
"[35, 53]",en,Head Above Water,15.597,1996-11-07,Head Above Water,5.92,143
"[18, 10749]",en,Some Kind of Wonderful,15.594,1987-02-27,Some Kind of Wonderful,6.9,456
"[27, 53]",en,Escape Room,15.592,2017-06-19,Escape Room,4.515,704
"[53, 28]",en,Cold Blood,15.591,2019-05-15,Cold Blood,5.3,374
"[35, 18]",en,Dazed and Confused,15.589,1993-09-24,Dazed and Confused,7.33,2001
[18],tl,Hiraya,15.588,2024-07-12,Hiraya,0.0,0
"[10749, 35, 16]",ja,まるだせ金太狼,15.588,2020-12-11,Marudase Kintarou,4.9,8
"[35, 18]",en,Dazed and Confused,19.338,1993-09-24,Dazed and Confused,7.33,2001
[18],tl,Hiraya,21.58,2024-07-12,Hiraya,0.0,0
"[10749, 35, 16]",ja,まるだせ金太狼,12.591,2020-12-11,Marudase Kintarou,4.9,8
[99],ko,희망의 발견,9.352,2024-09-29,Looking for Hope,0.0,0
[18],en,Precious,18.34,2009-11-06,Precious,7.321,1602
"[35, 10402, 10749]",es,Dos tipos de cuidado,10.838,1953-11-05,Dos tipos de cuidado,8.3,101
"[28, 16, 878, 12]",ja,トライガン バッドランド ランブル,13.84,2011-07-11,Trigun: Badlands Rumble,7.529,170
"[35, 10749]",tr,Merve Kült,11.627,2023-06-09,You Do You,6.294,107
[35],en,Disaster Movie,15.339,2008-08-29,Disaster Movie,3.177,1016
"[28, 12, 36]",th,องค์บาก 3,13.589,2010-05-05,Ong Bak 3,5.98,423
"[28, 35, 80]",en,Reno 911!: Miami,20.339,2007-02-23,Reno 911!: Miami,5.764,239
"[16, 10751, 878, 35]",en,"Maggie Simpson in ""Rogue Not Quite One""",15.153,2023-05-03,"Maggie Simpson in ""Rogue Not Quite One""",6.118,51
"[80, 18, 9648]",en,The Conversation,19.836,1974-04-07,The Conversation,7.5,1692
"[80, 53, 9648]",en,Cleaner,14.838,2007-09-11,Cleaner,6.068,808
"[18, 10749]",fr,Les liaisons dangereuses,15.609,2022-07-08,Dangerous Liaisons,5.854,288
"[18, 36, 10752]",en,The Fall of the Roman Empire,14.837,1964-03-24,The Fall of the Roman Empire,6.473,188
[18],en,Breaking Point,13.4,2023-10-05,Breaking Point,6.9,17
[28],en,Invasion U.S.A.,11.336,1985-09-27,Invasion U.S.A.,5.757,284
[18],en,Midnight Cowboy,11.337,1969-05-25,Midnight Cowboy,7.518,1371
"[18, 35, 80]",es,Tacones lejanos,17.335,1991-10-23,High Heels,7.091,400
"[18, 35, 80]",es,Tacones lejanos,17.335,1991-10-23,High Heels,7.091,400
"[16, 28, 878]",en,Starship Troopers: Invasion,18.088,2012-08-28,Starship Troopers: Invasion,5.831,382
"[28, 53]",en,Under Siege,18.085,1992-10-08,Under Siege,6.279,1516
"[10751, 35, 28]",fr,À fond,13.339,2016-11-11,Full Speed,6.026,632
"[18, 10402, 9648, 10749]",en,Crossroads,21.788,1986-03-14,Crossroads,7.303,416
[35],it,Con la zia non è peccato,14.094,1980-12-23,With Aunt It's Not a Sin,5.971,17
"[14, 35, 10749, 878]",en,Nutty Professor II: The Klumps,19.585,2000-07-27,Nutty Professor II: The Klumps,4.984,1290
"[9648, 53, 80]",it,La ragazza nella nebbia,16.09,2017-10-26,The Girl in the Fog,6.8,991
"[28, 9648, 53]",en,Distorted,10.091,2018-06-22,Distorted,4.9,189
[28],en,Pound of Flesh,11.588,2015-05-07,Pound of Flesh,5.6,224
"[18, 10770, 878]",en,Mindbender,11.704,1996-10-02,Mindbender,3.5,4
"[99, 10751]",en,Oceans,11.336,2010-01-22,Oceans,7.4,304
"[27, 9648]",en,Session 9,16.335,2001-08-10,Session 9,6.164,886
"[18, 9648, 53]",en,The Sailor Who Fell from Grace with the Sea,9.953,1976-04-11,The Sailor Who Fell from Grace with the Sea,6.6,29
[10749],ko,잠 못 이루는 섹스2,14.648,2016-05-19,Sleepless Sex 2,9.5,2
"[16, 28, 878]",ja,プロメア,11.591,2019-05-24,Promare,7.05,269
"[18, 53, 9648]",en,Buried,14.584,2010-09-24,Buried,6.628,2757
"[35, 878]",en,My Stepmother Is an Alien,21.769,1988-12-09,My Stepmother Is an Alien,5.683,504
"[35, 18, 10751]",en,Welcome Home Roscoe Jenkins,14.084,2008-02-08,Welcome Home Roscoe Jenkins,5.978,279
"[10752, 18, 10749]",en,Carla's Song,9.329,1996-10-30,Carla's Song,6.8,80
"[12, 10751, 10749]",en,Benji,15.541,1974-10-17,Benji,6.183,145
"[10749, 35]",hi,मुझसे शादी करोगी,15.541,2004-07-30,Mujhse Shaadi Karogi,6.454,108
"[18, 53]",en,Animal Instincts,15.54,1992-10-21,Animal Instincts,5.037,41
[10749],ko,여직원들 : 직장 연애사 3,15.537,2023-11-25,Female Workers: Romance at Work 3,0.0,0
"[16, 18, 10749]",ja,おもひでぽろぽろ,15.536,1991-07-20,Only Yesterday,7.4,1076
"[16, 28, 80, 9648]",ja,名探偵コナン 天国へのカウントダウン,15.535,2001-04-21,Case Closed: Countdown to Heaven,7.3,164
[18],ku,Bekas,15.534,2012-11-30,Bekas,7.549,103
"[18, 36, 10749]",en,The Invisible Woman,15.533,2013-12-25,The Invisible Woman,5.911,191
"[28, 16, 14]",en,Justice League: Gods and Monsters,15.531,2015-06-18,Justice League: Gods and Monsters,7.115,554
"[35, 80, 18]",en,American Made,15.53,2017-08-18,American Made,6.881,4454
"[35, 27]",en,The Fearless Vampire Killers,15.53,1967-11-13,The Fearless Vampire Killers,7.0,728
"[16, 80, 53]",it,Gatta Cenerentola,15.529,2017-09-14,Cinderella the Cat,7.018,218
"[10770, 10749, 35]",en,A Prince in Paradise,15.528,2023-01-07,A Prince in Paradise,7.333,36
[18],hi,चंदू चैंपियन,15.526,2024-06-14,Chandu Champion,7.1,11
[18],ja,女豹,15.526,1985-12-27,Female Leopard,5.3,22
"[16, 10751]",en,Johnny Puff: Secret Mission,15.525,2024-01-12,Johnny Puff: Secret Mission,5.2,4
"[27, 53]",en,Don't Move,15.525,2024-10-24,Don't Move,0.0,0
"[28, 16, 878]",en,Starship Troopers: Traitor of Mars,15.525,2017-08-21,Starship Troopers: Traitor of Mars,5.868,277
"[16, 35, 12, 10751]",es,Otra película de huevos y un pollo,15.525,2009-03-20,Another Egg and Chicken Movie,7.651,169
"[35, 10749]",en,A Little Romance,15.525,1979-04-27,A Little Romance,6.803,66
"[27, 53]",en,Don't Move,17.241,2024-10-24,Don't Move,0.0,0
"[28, 16, 878]",en,Starship Troopers: Traitor of Mars,10.268,2017-08-21,Starship Troopers: Traitor of Mars,5.868,277
"[16, 35, 12, 10751]",es,Otra película de huevos y un pollo,13.581,2009-03-20,Another Egg and Chicken Movie,7.651,169
"[35, 10749]",en,A Little Romance,9.315,1979-04-27,A Little Romance,6.803,66
"[28, 80, 53, 9648]",en,Death Warrant,14.329,1990-09-14,Death Warrant,6.226,549
"[35, 18, 10749]",en,Love & Basketball,17.329,2000-04-21,Love & Basketball,7.4,419
"[10751, 14, 10770]",en,"A Fairly Odd Movie: Grow Up, Timmy Turner!",12.831,2011-07-09,"A Fairly Odd Movie: Grow Up, Timmy Turner!",4.757,212
"[37, 18]",en,Pale Rider,20.828,1985-06-28,Pale Rider,7.154,1041
"[35, 18]",en,The Opposite of Sex,17.579,1998-05-22,The Opposite of Sex,6.132,197
"[18, 36]",es,El maestro que prometió el mar,13.428,2023-11-10,The Teacher Who Promised the Sea,7.558,43
"[28, 14, 878, 12, 53]",en,Masters of the Universe,19.328,1987-08-07,Masters of the Universe,5.7,878
[35],en,Get Hard,17.581,2015-03-26,Get Hard,6.026,2669
[878],en,Alien,16.853,2017-05-16,Alien,6.333,9
"[28, 53, 27]",en,HellKat,16.06,2021-02-02,HellKat,5.5,24
"[27, 53, 9648]",no,Vikingulven,19.104,2022-11-18,Viking Wolf,5.709,311
"[28, 80]",en,Wire Room,16.101,2022-09-02,Wire Room,6.35,150
"[28, 14, 27]",en,Vampires,17.327,1998-10-30,Vampires,6.305,1219
[10751],nl,De Club van Sinterklaas film: Het Grote Sneeuwavontuur,21.711,2024-10-02,De Club van Sinterklaas film: Het Grote Sneeuwavontuur,0.0,0
"[18, 80]",vi,Xích lô,9.305,1996-03-22,Cyclo,7.0,98
"[28, 14, 10751, 12]",zh,神探蒲松齡,13.334,2019-02-05,The Knight of Shadows: Between Yin and Yang,5.609,119
"[27, 53]",en,Amityville: The Awakening,14.832,2017-06-30,Amityville: The Awakening,5.348,1002
[18],en,Once Were Warriors,17.826,1994-09-02,Once Were Warriors,7.4,416
"[18, 10749]",ko,금지된 섹스,21.707,2018-07-31,Forbidden Sex,3.2,5
[99],fr,Les Héritiers des Paysans-Horlogers,21.706,2024-10-02,Les Héritiers des Paysans-Horlogers,0.0,0
"[18, 36]",en,King Richard,16.094,2021-11-18,King Richard,7.66,2410
"[27, 18]",en,Maggie,15.861,2015-05-08,Maggie,5.374,1561
"[28, 12, 80, 53]",en,Shaft,15.826,2000-06-15,Shaft,6.013,1250
"[10751, 12]",de,Vorstadtkrokodile 2,9.301,2010-01-21,The Crocodiles Strike Back,6.665,82
"[28, 18]",zh,门前宝地,11.105,2024-09-20,100 Yards,3.8,4
"[10751, 12, 14, 10749, 18]",en,The Little Mermaid,13.082,2018-08-02,The Little Mermaid,5.0,829
[53],en,What You Wish For,12.01,2023-07-30,What You Wish For,6.605,38
"[35, 18, 10749]",en,Jersey Girl,21.697,1992-08-01,Jersey Girl,5.4,26
"[10770, 10749]",en,Autumn Dreams,12.329,2015-10-03,Autumn Dreams,6.6,121
"[10770, 35, 18, 10402]",en,Rags,19.077,2012-05-28,Rags,7.254,175
[53],en,Frozen,18.326,2010-02-05,Frozen,5.994,1789
"[878, 27]",en,Them!,15.825,1954-06-16,Them!,6.809,409
"[28, 35]",en,Stripes,21.687,1981-06-26,Stripes,6.542,886
"[35, 28]",en,Spy Hard,16.824,1996-05-24,Spy Hard,5.383,648
"[53, 27]",sv,Red Dot,11.838,2021-02-11,Red Dot,5.881,684
"[16, 10751, 12, 35]",en,Duck Duck Goose,13.83,2018-03-09,Duck Duck Goose,6.199,163
"[35, 14]",en,Vampires Suck,18.825,2010-08-18,Vampires Suck,4.325,1260
[35],it,La dottoressa del distretto militare,19.923,1976-01-01,The Lady Medic,4.1,20
[28],hi,Jaanwar,11.494,1999-12-24,Jaanwar,6.5,14
"[35, 18]",en,Barbershop: The Next Cut,12.828,2016-04-15,Barbershop: The Next Cut,6.3,447
"[10751, 16, 35]",en,Snoopy Presents: Lucy's School,13.056,2022-08-11,Snoopy Presents: Lucy's School,7.375,32
[53],en,The Intruder,12.831,2019-05-03,The Intruder,6.059,567
"[10749, 35, 10751, 10770]",en,Snow Bride,9.526,2013-11-09,Snow Bride,6.35,90
"[27, 9648, 14]",en,The Midnight Meat Train,17.324,2008-08-07,The Midnight Meat Train,6.121,1098
"[35, 10751]",es,Ocho apellidos marroquís,14.166,2023-12-01,A Moroccan Affair,6.099,76
[35],en,Hairspray,12.072,1988-02-26,Hairspray,6.8,404
"[14, 878, 10749]",de,Silber und das Buch der Träume,21.669,2023-12-08,Silver and the Book of Dreams,5.86,89
"[80, 18, 35]",en,Kajillionaire,21.669,2020-09-25,Kajillionaire,6.291,446
"[28, 12, 14]",en,Legendary: Tomb of the Dragon,9.287,2013-05-16,Legendary: Tomb of the Dragon,4.2,70
"[27, 53]",en,We Summon the Darkness,21.666,2020-08-28,We Summon the Darkness,5.432,227
"[878, 27]",en,The Lawnmower Man,18.821,1992-03-05,The Lawnmower Man,5.58,726
"[37, 53]",en,High Noon,14.072,1952-06-09,High Noon,7.7,1395
"[18, 35, 10749]",en,Something's Gotta Give,18.822,2003-12-12,Something's Gotta Give,6.6,1552
"[53, 9648]",en,The Truth About Charlie,17.572,2002-10-25,The Truth About Charlie,4.9,168
"[9648, 18, 53]",ko,버닝,15.828,2018-05-17,Burning,7.39,1566
"[10752, 12]",en,Farewell to the King,9.282,1989-03-03,Farewell to the King,5.9,65
"[9648, 18, 53]",ko,버닝,15.828,2018-05-17,Burning,7.39,1566
"[10752, 12]",en,Farewell to the King,9.282,1989-03-03,Farewell to the King,5.9,65
[10402],en,Taylor Swift: Reputation Stadium Tour,13.828,2018-12-31,Taylor Swift: Reputation Stadium Tour,8.35,377
[],en,La substància,11.885,2016-11-05,La substància,5.0,2
"[16, 35, 10751]",es,Una película de huevos,14.321,2006-04-21,A Movie of Eggs,7.758,287
"[53, 9648, 878]",en,Unforgettable,9.28,1996-02-23,Unforgettable,5.583,103
"[53, 27, 80]",en,Frank and Penelope,13.692,2022-06-03,Frank and Penelope,7.3,95
"[28, 27, 37]",en,Gallowwalkers,9.323,2012-10-27,Gallowwalkers,4.7,330
"[27, 9648]",en,Paranormal Activity 2,19.322,2010-10-20,Paranormal Activity 2,5.76,2388
"[16, 10751, 12, 35, 14]",en,Olaf's Frozen Adventure,17.325,2017-10-27,Olaf's Frozen Adventure,6.47,1412
"[99, 18]",en,Beyond The Edge,9.278,2013-10-24,Beyond The Edge,6.9,37
"[35, 18, 10749]",en,City Lights,12.07,1931-02-06,City Lights,8.28,2134
[27],en,The Hike,9.276,2011-09-30,The Hike,3.91,39
"[18, 10749]",it,Non ti muovere,13.32,2004-03-12,Don't Move,7.0,273
[35],en,Outrageous Fortune,13.569,1987-01-30,Outrageous Fortune,6.0,113
[37],it,Giù la testa,17.819,1971-10-20,"Duck, You Sucker",7.7,1045
"[27, 53]",en,The New Daughter,10.32,2009-12-18,The New Daughter,5.254,331
"[28, 12, 35, 10749]",cn,城市獵人,19.068,1993-01-01,City Hunter,6.523,388
"[28, 878, 53]",en,The Colony,14.321,2013-04-12,The Colony,5.424,1121
"[35, 10749]",en,Summer Catch,13.569,2001-08-22,Summer Catch,5.419,184
[10749],ko,동거의 목적,15.446,2016-03-07,Purpose of Cohabitation,4.0,3
"[14, 16, 35, 10751, 12]",en,The Ghost of Lord Farquaad,15.446,2004-04-03,The Ghost of Lord Farquaad,6.023,266
"[80, 18, 10749]",zh,牯嶺街少年殺人事件,15.446,1991-07-27,A Brighter Summer Day,8.314,307
"[18, 10749]",tr,Su ve Ateş,15.442,2013-11-15,Water and Fire,7.915,165
"[10770, 18, 10751, 10402]",en,The Sound of Music Live!,15.442,2013-12-05,The Sound of Music Live!,6.287,47
"[16, 10751, 28]",en,Kung Fu Panda: Secrets of the Furious Five,15.442,2008-11-08,Kung Fu Panda: Secrets of the Furious Five,6.7,421
"[53, 18, 10749]",fr,L'Amour et les Forêts,15.441,2023-05-24,Just the Two of Us,7.002,260
[18],en,Million Dollar Arm,15.44,2014-05-09,Million Dollar Arm,6.733,602
"[53, 9648, 878]",en,Coma,15.44,1978-01-06,Coma,6.703,399
"[28, 18, 53]",en,Vengeance: A Love Story,15.437,2017-03-16,Vengeance: A Love Story,5.5,295
"[18, 35, 10749]",en,Morning Glory,15.437,2010-11-10,Morning Glory,6.339,1466
[35],en,Bully,15.436,2018-06-15,Bully,5.861,18
"[28, 18]",en,Kickboxer: Retaliation,15.436,2018-01-26,Kickboxer: Retaliation,5.4,287
"[12, 35, 10751, 878]",en,"Honey, I Shrunk the Kids",15.436,1989-06-23,"Honey, I Shrunk the Kids",6.3,2992
"[35, 10749]",en,Bull Durham,15.436,1988-06-15,Bull Durham,6.6,564
[18],en,The Good Lie,15.435,2014-09-10,The Good Lie,7.32,479
"[18, 53]",kn,Purloined Possession,15.434,2024-10-02,Purloined Possession,0.0,0
"[28, 10752, 12, 36, 18]",nl,De Slag om de Schelde,15.434,2021-06-05,The Forgotten Battle,7.1,657
[27],es,El habitante,15.434,2018-06-21,The Inhabitant,5.89,86
"[12, 35, 10770]",en,Don Quixote,15.434,2000-04-09,Don Quixote,6.067,30
"[28, 10752, 12, 36, 18]",nl,De Slag om de Schelde,21.608,2021-06-05,The Forgotten Battle,7.1,657
[27],es,El habitante,9.26,2018-06-21,The Inhabitant,5.89,86
"[12, 35, 10770]",en,Don Quixote,9.26,2000-04-09,Don Quixote,6.067,30
"[28, 53, 27]",en,American risciò,9.259,1989-01-24,American Rickshaw,4.857,14
"[53, 10749, 18]",en,Revenge,14.565,1990-02-16,Revenge,6.501,437
"[16, 12, 14, 10751]",ja,星を追う子ども,16.568,2011-05-07,Children Who Chase Lost Voices,7.205,689
[37],en,The Harder They Fall,20.081,2021-10-22,The Harder They Fall,6.648,1035
"[28, 35, 80, 10749]",en,The Mexican,20.815,2001-03-01,The Mexican,5.925,1432
"[12, 35, 18]",sv,Hundraåringen som klev ut genom fönstret och försvann,21.599,2013-12-25,The 100 Year-Old Man Who Climbed Out the Window and Disappeared,6.79,915
[35],en,Blades of Glory,15.566,2007-03-30,Blades of Glory,6.103,1723
[18],tl,X-Deal 2,13.604,2022-03-25,X-Deal 2,6.3,9
"[35, 27]",en,Freaky,19.327,2020-11-12,Freaky,6.567,1590
"[18, 53]",it,Profumo,14.694,1987-01-16,Bizarre,4.8,21
"[878, 28, 12]",en,Battle Beyond the Stars,12.314,1980-09-08,Battle Beyond the Stars,5.304,191
"[28, 18]",ko,탈주,16.632,2024-07-03,Escape,7.2,20
"[18, 10749]",en,My First Summer,15.826,2020-10-24,My First Summer,8.039,228
"[16, 10402, 10751]",en,My Little Pony: Equestria Girls - Friendship Games,13.319,2015-10-24,My Little Pony: Equestria Girls - Friendship Games,7.28,125
"[53, 27]",en,The Haunting in Connecticut,16.316,2009-03-27,The Haunting in Connecticut,6.2,1078
"[28, 18, 36, 10752]",en,Free State of Jones,14.318,2016-06-24,Free State of Jones,6.75,1463
"[35, 18]",en,White Men Can't Jump,16.313,1992-03-27,White Men Can't Jump,6.629,1329
"[28, 878]",en,Death Race 2000,19.813,1975-04-30,Death Race 2000,6.106,471
"[9648, 27, 878]",en,The Void,16.068,2016-09-22,The Void,5.98,1221
"[18, 53, 28]",en,Fatherland,13.313,1994-11-26,Fatherland,6.197,117
"[80, 18, 878, 53]",en,Strange Days,15.063,1995-10-13,Strange Days,7.001,1315
[99],en,Obi-Wan Kenobi: A Jedi's Return,15.837,2022-09-07,Obi-Wan Kenobi: A Jedi's Return,6.8,981
"[16, 35, 10751, 12]",en,The Nut Job,17.066,2014-01-17,The Nut Job,5.762,931
"[14, 35]",fr,Les Visiteurs,19.812,1993-01-27,The Visitors,7.125,1877
"[18, 28, 53]",en,Ladder 49,19.563,2004-10-01,Ladder 49,6.402,761
"[35, 10751, 10770]",en,Problem Child 3,14.312,1995-05-13,Problem Child 3,4.621,203
"[16, 35, 878, 10770]",en,Futurama: Bender's Game,17.064,2008-11-03,Futurama: Bender's Game,6.903,529
[27],fr,Calvaire,9.563,2005-03-09,Calvaire,5.962,291
"[99, 36, 10752]",da,The Man Who Saved the World,9.248,2014-08-13,The Man Who Saved the World,6.8,51
"[14, 878, 12]",fr,La Cité des Enfants Perdus,17.062,1995-05-17,The City of Lost Children,7.24,1073
"[18, 10749, 14]",ja,わたしの幸せな結婚,16.806,2023-03-17,My Happy Marriage,7.1,32
"[18, 35, 10749]",ko,미녀는 괴로워,10.814,2006-12-14,200 Pounds Beauty,6.784,313
"[18, 36]",en,Robert the Bruce,21.574,2019-06-28,Robert the Bruce,5.317,104
[18],de,Der blaue Engel,9.246,1930-04-01,The Blue Angel,7.336,302
"[35, 28]",en,Man of the House,16.562,2005-02-25,Man of the House,5.747,457
"[16, 10751, 35, 12, 10749]",en,Alpha and Omega,18.813,2010-09-16,Alpha and Omega,5.9,504
"[16, 12, 35, 10751]",es,Buffalo Kids,18.277,2024-08-14,Buffalo Kids,6.2,2
"[16, 12, 35, 10751]",es,Buffalo Kids,18.277,2024-08-14,Buffalo Kids,6.2,2
"[80, 18, 53]",en,How to Blow Up a Pipeline,13.596,2023-04-07,How to Blow Up a Pipeline,6.4,136
"[16, 10751, 14]",en,Scrooge: A Christmas Carol,14.589,2022-11-18,Scrooge: A Christmas Carol,6.739,417
[18],ko,주부 딜러,11.323,2020-08-27,Housewife Dealer,0.0,0
[99],en,The Pixar Story,12.562,2007-08-28,The Pixar Story,7.541,222
[53],cn,盲女72小時,11.79,1993-05-27,3 Days of a Blind Girl,5.7,16
"[27, 53]",en,Chernobyl Diaries,21.313,2012-05-24,Chernobyl Diaries,5.267,1531
"[18, 878]",en,Love,21.56,2011-02-02,Love,5.455,191
"[9648, 18, 10749]",fr,L'Appartement,18.81,1996-07-27,The Apartment,6.731,210
"[16, 18, 36]",es,Buñuel en el laberinto de las tortugas,13.819,2019-04-18,Buñuel in the Labyrinth of the Turtles,6.926,108
"[99, 35, 18]",en,Sicko,10.812,2007-05-18,Sicko,7.354,693
"[878, 18, 9648]",en,K-PAX,14.81,2001-10-26,K-PAX,7.201,2375
[18],en,Kramer vs. Kramer,15.059,1979-12-07,Kramer vs. Kramer,7.571,2175
"[53, 35]",en,Above The Knee,9.236,2024-09-29,Above The Knee,0.0,0
"[80, 18, 9648]",en,Wild Things: Foursome,13.811,2010-06-01,Wild Things: Foursome,5.115,100
"[14, 878, 35]",en,Sorry to Bother You,15.391,2018-07-06,Sorry to Bother You,6.8,1528
[53],cn,人肉叉燒包Ⅱ之天誅地滅,13.219,1998-04-25,The Untold Story 2,5.4,22
"[16, 12, 14]",en,Gulliver Returns,12.074,2021-08-19,Gulliver Returns,6.028,109
"[18, 35]",en,Rough Night,11.314,2017-06-15,Rough Night,5.689,1967
"[80, 18, 28, 53]",en,Gangster Squad,12.561,2013-01-09,Gangster Squad,6.36,3974
"[35, 18, 10749]",en,The Talk of the Town,15.376,1942-08-20,The Talk of the Town,7.3,99
"[18, 10749]",ja,セーラー服 百合族,15.375,1983-06-24,Sailor Uniform: Lily Lovers,5.818,11
[18],en,Cantinflas,15.375,2014-08-29,Cantinflas,6.585,107
"[16, 28, 10751, 35, 878]",en,Sonic Drone Home,15.373,2022-05-24,Sonic Drone Home,7.087,46
"[53, 80]",en,Niagara,15.372,1953-01-26,Niagara,6.776,377
"[27, 53]",en,The Seeding,15.371,2024-01-26,The Seeding,5.172,29
"[16, 14]",en,Monster High: Scaris City of Frights,15.37,2013-03-03,Monster High: Scaris City of Frights,7.846,133
"[18, 36]",de,Der Trafikant,15.368,2018-10-12,The Tobacconist,6.6,89
"[10751, 35, 14, 16]",en,22 vs. Earth,15.367,2021-04-30,22 vs. Earth,7.025,447
"[18, 35]",es,La dictadura perfecta,15.366,2014-10-16,The Perfect Dictatorship,7.294,172
"[10751, 14, 35]",en,Slumberland,15.365,2022-11-18,Slumberland,7.352,814
"[28, 80, 18]",en,The Punisher,15.364,1989-10-05,The Punisher,5.742,579
[18],ja,天使のはらわた 赤い教室,15.362,1979-01-06,Angel Guts: Red Classroom,6.454,108
"[35, 10749]",en,Two Weeks Notice,15.362,2002-12-19,Two Weeks Notice,6.355,1997
"[53, 27]",en,Funny Games,15.359,2008-03-14,Funny Games,6.6,2009
"[27, 53, 18]",en,The Farm,15.358,2024-09-29,The Farm,0.0,0
"[10751, 16, 14]",en,The Swan Princess: A Fairytale Is Born,15.357,2023-05-15,The Swan Princess: A Fairytale Is Born,6.083,36
[18],ja,火垂るの墓,15.357,2005-11-01,Grave of the Fireflies,7.9,101
"[35, 37, 28]",en,The Ballad of Cable Hogue,15.353,1970-03-18,The Ballad of Cable Hogue,6.962,197
[35],en,Barely Legal,15.347,2011-07-26,Barely Legal,3.62,71
"[18, 36]",de,Sisi & Ich,15.346,2023-03-30,Sisi & I,6.571,28
"[27, 9648, 53, 10770]",en,Omen IV: The Awakening,15.346,1991-07-19,Omen IV: The Awakening,4.972,229
"[16, 35, 10751]",en,The Willoughbys,15.345,2020-04-22,The Willoughbys,7.059,895
"[35, 80, 18]",en,Harlem Nights,15.344,1989-11-17,Harlem Nights,6.061,303
"[27, 53]",en,Here After,15.34,2024-07-25,Here After,5.8,19
"[16, 12, 10751]",en,The Pebble and the Penguin,15.34,1995-04-12,The Pebble and the Penguin,5.167,117
[18],en,The Starling,15.338,2021-09-17,The Starling,6.961,281
"[27, 18, 14]",en,The Dark,15.338,2018-10-12,The Dark,6.013,195
"[10751, 14, 16]",en,The Pagemaster,15.338,1994-11-23,The Pagemaster,6.381,726
"[35, 18]",en,Downtown Owl,15.336,2023-06-08,Downtown Owl,5.613,31
"[10770, 27, 878]",en,Sharktopus,15.336,2010-09-25,Sharktopus,4.236,184
"[28, 35, 80]",en,Dragnet,15.335,1987-06-23,Dragnet,5.938,474
"[18, 10749]",ko,은교,15.333,2012-04-25,Eungyo,7.0,87
"[28, 35]",cn,龍少爺,15.332,1982-01-21,Dragon Lord,6.312,125
"[10751, 10402, 12, 14, 35]",en,Chitty Chitty Bang Bang,15.332,1968-12-17,Chitty Chitty Bang Bang,6.799,641
[18],en,Of Mice and Men,15.332,1992-09-16,Of Mice and Men,7.246,628
"[18, 10749, 35]",en,Diary of a Mad Black Woman,15.329,2005-02-25,Diary of a Mad Black Woman,6.539,207
"[10751, 35]",en,Good Burger,15.329,1997-07-25,Good Burger,6.06,503
"[18, 10749]",en,Leaving Las Vegas,15.329,1995-10-27,Leaving Las Vegas,7.269,1407
"[14, 28, 35]",cn,倩女幽魂II人間道,15.326,1990-07-13,A Chinese Ghost Story II,6.65,117
"[18, 10749, 35]",en,Diary of a Mad Black Woman,21.461,2005-02-25,Diary of a Mad Black Woman,6.539,207
"[10751, 35]",en,Good Burger,17.05,1997-07-25,Good Burger,6.06,503
"[18, 10749]",en,Leaving Las Vegas,19.799,1995-10-27,Leaving Las Vegas,7.269,1407
"[14, 28, 35]",cn,倩女幽魂II人間道,13.549,1990-07-13,A Chinese Ghost Story II,6.65,117
"[80, 53]",ko,범죄와의 전쟁,10.802,2012-02-02,Nameless Gangster,6.938,170
"[53, 10749, 18]",en,Poison Ivy: The New Seduction,12.93,1997-05-20,Poison Ivy: The New Seduction,4.8,96
[27],en,Sleepaway Camp,17.049,1983-11-18,Sleepaway Camp,6.292,671
"[12, 35]",en,Crocodile Dundee,17.049,1986-09-26,Crocodile Dundee,6.412,1865
"[35, 18, 10749]",ja,きらきらひかる,12.009,1992-10-24,Twinkle,4.3,7
"[16, 80, 28]",ja,GREAT PRETENDER razbliuto,12.171,2024-01-09,GREAT PRETENDER razbliuto,7.1,10
"[10751, 16, 35, 12]",fr,Astérix - Le Secret de la potion magique,14.055,2018-05-12,Asterix: The Secret of the Magic Potion,6.867,1205
[28],en,Kate,16.314,2021-09-10,Kate,6.663,1487
"[18, 36]",en,The Two Popes,16.808,2019-11-27,The Two Popes,7.499,2803
"[53, 28, 18]",en,Skin Trade,11.802,2014-11-07,Skin Trade,6.088,261
"[18, 28, 53]",cn,中南海保鑣,11.548,1994-07-28,The Bodyguard from Beijing,6.769,121
"[16, 12, 35, 10751, 14]",en,The Amazing Maurice,17.077,2022-12-16,The Amazing Maurice,6.764,146
"[53, 18, 28]",ko,판도라,12.304,2016-12-07,Pandora,7.542,459
"[18, 27, 53, 80]",en,Bless the Child,14.549,2000-08-11,Bless the Child,5.345,271
[10749],ko,아들의 여친 아빠의 여친 2,11.128,2022-04-01,"Son's Girlfriend, Daddy's Girlfriend 2",4.0,2
"[878, 53]",pt,State of Emergency,13.37,2012-09-17,State of Emergency,5.326,69
"[28, 53, 80]",ko,조작된 도시,17.053,2017-02-09,Fabricated City,7.658,307
[35],en,Mike and Dave Need Wedding Dates,16.552,2016-07-07,Mike and Dave Need Wedding Dates,6.061,2447
"[80, 18, 27]",fr,Frauengefängnis,16.354,1976-04-22,Barbed Wire Dolls,4.7,47
"[35, 10749]",en,2 Days in Paris,13.299,2007-02-09,2 Days in Paris,6.216,371
"[18, 53, 80]",de,Der Räuber,21.438,2010-02-26,The Robber,6.583,90
"[16, 35, 878, 10770, 12, 28]",en,Regular Show: The Movie,15.802,2015-09-01,Regular Show: The Movie,7.892,371
"[80, 53, 9648]",en,Touch of Evil,16.548,1958-03-30,Touch of Evil,7.764,1402
"[16, 12]",es,Tadeo Jones y el sótano maldito,9.186,2007-04-15,Tad Jones and the Basement of Doom,6.75,32
"[80, 18, 9648, 53]",en,In the Heat of the Night,15.548,1967-08-02,In the Heat of the Night,7.633,1039
[35],es,Me vuelves loca,16.346,2023-09-07,Me vuelves loca,8.401,121
"[35, 53]",en,Self Reliance,21.431,2024-01-03,Self Reliance,5.965,155
"[27, 18, 53, 14]",en,The Silence,16.805,2019-05-16,The Silence,6.031,1533
[18],tl,Sandwich,13.394,2023-05-19,Sandwich,3.5,2
"[18, 10402]",pt,Tudo Que Aprendemos Juntos,9.184,2015-11-14,The Violin Teacher,6.645,55
"[53, 18]",fr,La Syndicaliste,9.829,2023-03-01,La Syndicaliste,6.881,126
"[18, 36]",ja,蜘蛛巣城,16.797,1957-01-15,Throne of Blood,7.9,831
"[35, 27]",pl,W lesie dziś nie zaśnie nikt,13.556,2020-03-13,Nobody Sleeps in the Woods Tonight,5.258,647
"[28, 16, 35, 10751, 14, 878]",en,Teen Titans Go! vs. Teen Titans,16.554,2019-07-21,Teen Titans Go! vs. Teen Titans,7.531,478
"[35, 18, 10749]",en,Cha Cha Real Smooth,15.816,2022-06-17,Cha Cha Real Smooth,7.169,305
"[35, 18]",en,50/50,13.047,2011-09-30,50/50,7.175,3723
"[16, 14, 28]",zh,罗小黑战记,13.553,2019-08-27,The Legend of Hei,8.355,359
"[16, 12, 10751, 35]",en,Scooby-Doo! and the Gourmet Ghost,21.409,2018-08-28,Scooby-Doo! and the Gourmet Ghost,8.07,158
"[10749, 18, 10770]",en,William & Catherine: A Royal Romance,9.174,2012-04-30,William & Catherine: A Royal Romance,5.4,43
"[18, 53]",en,The Quiet,17.044,2005-09-12,The Quiet,6.169,242
[99],en,Misha and the Wolves,17.909,2021-09-03,Misha and the Wolves,6.9,45
"[53, 80, 18]",en,Broken City,15.796,2013-01-18,Broken City,5.93,1444
[18],nl,SM Rechter,9.172,2009-03-11,S&M Judge,6.632,38
"[53, 18]",en,Rogue Agent,15.816,2022-08-12,Rogue Agent,6.364,187
[18],en,The Natural,12.042,1984-05-11,The Natural,6.9,578
"[16, 10751, 28, 12, 878]",en,Next Avengers: Heroes of Tomorrow,13.044,2008-09-02,Next Avengers: Heroes of Tomorrow,6.917,266
"[14, 9648]",ko,천박사 퇴마 연구소: 설경의 비밀,9.324,2023-09-27,Dr. Cheon and the Lost Talisman,6.073,41
[35],en,Revenge of the Nerds II: Nerds in Paradise,15.292,1987-07-10,Revenge of the Nerds II: Nerds in Paradise,5.57,264
"[18, 36]",en,Glory Road,12.043,2006-01-13,Glory Road,7.421,714
"[35, 878, 18]",en,Jules,15.838,2023-08-10,Jules,7.257,235
"[28, 12, 878]",en,Max Steel,16.797,2016-10-14,Max Steel,5.568,767
"[28, 12, 16, 18]",ja,劇場版 鋼の錬金術師 シャンバラを征く者,19.043,2005-07-21,Fullmetal Alchemist the Movie: Conqueror of Shamballa,7.252,339
"[28, 27, 53]",en,Rogue,20.044,2007-11-08,Rogue,6.382,668
[53],en,The Boy Next Door,14.907,2015-01-23,The Boy Next Door,4.89,2011
"[10749, 53]",ko,P.S. 걸,15.026,2016-02-04,P.S. Girls,5.2,16
"[12, 18, 10770]",en,Solomon,9.632,1997-12-15,Solomon,6.5,28
"[27, 10749, 53, 10770]",en,Tentacles,11.805,2021-02-12,Tentacles,5.9,112
"[53, 18, 27]",ja,花と蛇　究極縄調教,21.382,1987-12-05,Flower and Snake 5: Rope Magic,5.1,8
"[80, 28, 18]",hi,सर्कार,9.572,2005-07-01,Sarkar,6.789,76
"[27, 53, 9648]",en,Fragile,19.042,2005-10-14,Fragile,6.526,567
"[28, 12, 35, 18, 9648]",en,Sahara,13.042,2005-04-06,Sahara,5.91,1459
"[10751, 35, 28]",en,Spy Kids: All the Time in the World,18.043,2011-08-18,Spy Kids: All the Time in the World,4.695,969
"[35, 10751]",fr,Coco Ferme,12.733,2023-07-11,Coco Farm,4.0,5
"[878, 12]",en,Forbidden Planet,21.372,1956-03-23,Forbidden Planet,7.26,920
"[18, 10402, 10749]",en,Footloose,14.043,2011-10-06,Footloose,6.593,1627
"[18, 35, 10749]",en,Baby Boom,13.79,1987-10-07,Baby Boom,6.3,352
[18],ja,八月の狂詩曲,9.158,1991-05-25,Rhapsody in August,7.125,138
"[12, 35, 10749]",en,Monte Carlo,17.542,2011-07-01,Monte Carlo,6.566,2072
"[28, 53]",ru,Метро,9.156,2013-02-21,Metro,6.76,338
"[10751, 28, 12, 16, 35, 878]",en,Jimmy Neutron: Boy Genius,16.29,2001-12-14,Jimmy Neutron: Boy Genius,6.002,901
"[28, 35, 53, 80, 9648]",en,Confidence,15.29,2003-04-25,Confidence,6.249,431
[35],en,The Incredible Burt Wonderstone,16.792,2013-03-14,The Incredible Burt Wonderstone,5.673,1405
[18],en,The Hours,20.79,2002-12-27,The Hours,7.283,1677
"[53, 12, 18]",ru,"На солнце, вдоль рядов кукурузы",17.562,2023-03-16,Emergency Landing,6.4,8
"[18, 53]",tl,Showroom,15.245,2022-11-11,Showroom,4.5,6
[35],ca,L’orgia,12.408,1978-11-26,L’orgia,4.0,4
"[18, 10749]",ko,외박: 친구의 여자,15.248,2016-09-22,Overnight: Friend's Girl,3.0,1
[18],en,Sing Sing,15.247,2024-07-12,Sing Sing,7.4,18
"[12, 35, 28, 80]",ru,Бендер: Последняя афера,15.247,2021-11-05,Ostap Bender: The Final Hustle,8.1,46
"[28, 12, 35]",en,The Golden Child,15.246,1986-12-12,The Golden Child,5.906,1056
"[16, 10751, 35, 12]",fr,La course des tuques,15.238,2018-12-07,Racetime,5.3,30
"[35, 18]",hi,Binny and Family,15.237,2024-09-27,Binny and Family,0.0,0
"[16, 35, 10751, 9648]",en,Scooby-Doo! WrestleMania Mystery,15.237,2014-03-11,Scooby-Doo! WrestleMania Mystery,7.4,311
"[18, 28]",en,Kite,15.235,2014-06-13,Kite,4.319,238
"[35, 10751, 10770]",en,Home Alone: The Holiday Heist,15.234,2012-12-03,Home Alone: The Holiday Heist,5.2,425
"[27, 878]",en,Son of Frankenstein,15.233,1939-01-13,Son of Frankenstein,6.699,236
"[35, 18, 10752]",en,"Good Morning, Vietnam",15.232,1987-12-23,"Good Morning, Vietnam",7.303,2650
"[18, 36]",en,She Said,15.231,2022-11-17,She Said,7.253,555
"[18, 53]",en,The Last Thing He Wanted,15.23,2020-02-14,The Last Thing He Wanted,4.869,501
"[16, 12, 10751, 14]",en,Scarygirl,15.23,2023-10-05,Scarygirl,6.9,50
"[28, 878, 53]",en,Universal Soldier: Day of Reckoning,15.229,2012-10-04,Universal Soldier: Day of Reckoning,5.519,422
"[28, 80, 53]",en,Gunpowder Milkshake,15.227,2021-07-14,Gunpowder Milkshake,6.3,982
"[18, 35, 10749]",hi,ज़िन्दगी ना मिलेगी दोबारा,15.227,2011-07-15,Zindagi Na Milegi Dobara,7.574,338
"[12, 10749, 18]",en,Australia,15.227,2008-11-18,Australia,6.594,2252
"[28, 12, 80, 53]",en,16 Blocks,15.226,2006-03-01,16 Blocks,6.442,1910
"[53, 9648, 18]",en,The Gift,15.225,2015-07-31,The Gift,6.696,3168
"[12, 10749, 18]",en,Australia,17.786,2008-11-18,Australia,6.594,2252
"[28, 12, 80, 53]",en,16 Blocks,15.285,2006-03-01,16 Blocks,6.442,1910
"[53, 9648, 18]",en,The Gift,15.538,2015-07-31,The Gift,6.697,3169
[27],ja,鬼婆,11.785,1964-11-21,Onibaba,7.67,403
"[28, 53, 18]",en,Beirut,21.314,2018-04-11,Beirut,6.273,538
"[10749, 35]",en,Father's Little Dividend,9.134,1951-04-05,Father's Little Dividend,6.421,63
"[35, 18, 10749]",en,Before We Go,15.287,2014-09-04,Before We Go,6.7,1775
"[9648, 27, 53]",en,The Pact II,9.133,2014-09-05,The Pact II,4.8,163
"[18, 28, 53, 878]",en,Capricorn One,14.783,1977-12-10,Capricorn One,6.745,444
[18],tl,Kamadora,20.389,2023-08-11,Kamadora,1.5,2
"[35, 10751, 14]",en,The Love Bug,18.784,1968-12-23,The Love Bug,6.533,577
"[35, 10752]",en,To Be or Not to Be,12.284,1942-03-05,To Be or Not to Be,7.836,705
[18],hi,मैदान,9.196,2024-04-10,Maidaan,7.95,10
"[28, 80, 53]",en,Kill Bill: The Whole Bloody Affair,16.786,2011-03-27,Kill Bill: The Whole Bloody Affair,8.003,988
"[12, 18, 10770]",en,Jesus,9.524,1999-12-05,Jesus,6.629,58
"[35, 18, 10402]",en,Gypsy,9.128,1962-11-01,Gypsy,6.3,68
"[18, 36, 10752]",en,Battle of the Bulge,19.783,1965-12-16,Battle of the Bulge,6.922,249
[18],en,The Son,17.309,2022-11-10,The Son,6.7,431
"[35, 10402, 10749]",en,Grease 2,13.782,1982-06-11,Grease 2,5.16,661
"[10749, 18]",pt,Depois do Universo,12.309,2022-10-27,Beyond the Universe,8.021,312
"[35, 18, 14, 10749]",en,Sliding Doors,15.205,1998-04-23,Sliding Doors,6.564,1292
[35],fr,Qu'est-ce qu'on a encore fait au Bon Dieu ?,15.204,2019-01-30,Serial (Bad) Weddings 2,5.9,1245
"[53, 18]",en,Monolith,15.203,2016-05-12,Monolith,5.332,363
"[16, 10749, 10402]",en,Entergalactic,15.202,2022-09-28,Entergalactic,7.641,365
"[18, 36]",en,Invincible,15.201,2006-08-25,Invincible,7.0,910
"[18, 35, 80]",hi,"एलएसडी 2: लव, सेक्स और धोखा 2",15.2,2024-04-19,"LSD 2: Love, Sex aur Dhokha 2",6.1,4
[35],en,Another You,15.2,1991-01-01,Another You,5.386,92
"[18, 10749, 37]",en,The Scarlet Letter,15.199,1995-10-13,The Scarlet Letter,6.018,446
"[18, 80]",sv,Stöld,15.198,2024-04-12,Stolen,6.236,72
"[12, 35]",en,Hatari!,15.198,1962-06-19,Hatari!,6.68,228
"[18, 35]",en,Suncoast,15.197,2024-02-02,Suncoast,6.83,97
[],fr,Lover,15.196,2024-09-29,Lover,0.0,0
"[18, 14]",en,Before I Fall,15.196,2017-03-02,Before I Fall,6.965,3382
[18],ko,형님아내3 - 아랫집 부인,15.195,2017-01-14,My Brother's Wife 3: The Woman Downstairs,6.0,2
"[53, 12, 14, 27]",en,The Isle,15.194,2019-02-08,The Isle,4.7,89
"[878, 28]",en,Riddick: Furya,15.194,,Riddick: Furya,0.0,0
"[18, 12, 35]",en,Transamerica,15.194,2005-02-14,Transamerica,7.044,456
"[27, 53]",en,Till Death,15.193,2021-07-02,Till Death,6.726,793
[27],en,Blood Widow,15.193,2014-06-03,Blood Widow,4.78,75
"[35, 27]",en,Dracula: Dead and Loving It,15.193,1995-12-22,Dracula: Dead and Loving It,6.072,960
"[27, 53, 10770]",en,Frenzy,15.191,2018-08-15,Frenzy,3.853,58
"[99, 28, 12, 53]",en,Return to Jurassic Park,15.191,2011-02-05,Return to Jurassic Park,6.602,829
"[18, 10749, 10752]",en,Doctor Zhivago,15.191,1965-12-22,Doctor Zhivago,7.5,1126
"[18, 14, 878]",en,The Zero Theorem,15.19,2013-09-20,The Zero Theorem,6.099,1181
"[10749, 16, 35]",ja,たまこラブストーリー,15.186,2014-04-26,Tamako Love Story,7.1,160
[18],en,Doubt,15.186,2008-12-12,Doubt,7.197,1642
"[28, 12, 53]",en,Reprisal,15.184,2018-08-31,Reprisal,5.3,280
[18],ko,고급창녀 2,15.181,2022-10-19,Advanced Prostitute 2,0.0,0
"[18, 53, 80]",en,Frailty,15.18,2002-04-12,Frailty,6.971,1140
"[27, 9648, 18]",en,Dark Water,15.18,2005-07-08,Dark Water,5.671,988
"[35, 18]",pt,Confissões de uma Garota Excluída,15.179,2021-09-22,Confessions of an Invisible Girl,6.722,227
"[27, 18, 14]",no,De uskyldige,15.179,2021-09-03,The Innocents,6.919,586
"[28, 9648, 878, 27]",ja,Gantz: Perfect Answer,15.179,2011-04-23,Gantz: Perfect Answer,6.68,205
"[28, 18, 10749]",te,మిస్టర్‌ బచ్చన్,15.173,2024-08-15,Mr Bachchan,4.0,2
"[18, 36, 53]",en,Anonymous,15.173,2011-10-21,Anonymous,6.409,713
"[18, 53, 9648]",ja,告白,15.172,2010-06-04,Confessions,7.585,874
[99],en,Federer: Twelve Final Days,15.171,2024-06-13,Federer: Twelve Final Days,7.612,49
"[18, 53]",en,Unthinkable,15.171,2010-06-14,Unthinkable,6.8,1158
"[35, 18, 10749]",en,Great Expectations,15.171,1998-01-30,Great Expectations,6.6,586
[35],es,Dos más dos,15.17,2012-08-16,2 + 2,6.563,88
"[27, 878]",en,Arachnoquake,15.17,2012-06-23,Arachnoquake,4.1,76
[],ja,潮騒Glamorous 凪ひかる,15.169,2023-12-12,潮騒Glamorous 凪ひかる,0.0,0
"[80, 18, 28]",en,"Fort Apache, the Bronx",15.169,1981-02-06,"Fort Apache, the Bronx",6.471,105
[37],en,Comanche Station,15.169,1960-03-01,Comanche Station,6.6,103
"[27, 878, 53]",en,Spiders,15.168,2000-06-14,Spiders,4.7,80
"[16, 878, 10751]",en,Ben 10: Secret of the Omnitrix,15.168,2007-08-10,Ben 10: Secret of the Omnitrix,7.356,225
"[10751, 35]",en,Firehouse Dog,15.167,2007-04-04,Firehouse Dog,6.006,181
"[14, 18, 10751]",en,Miracle on 34th Street,15.166,1994-11-18,Miracle on 34th Street,6.736,997
[35],en,Shriek If You Know What I Did Last Friday the Thirteenth,15.164,2000-10-17,Shriek If You Know What I Did Last Friday the Thirteenth,4.682,297
"[80, 18, 36, 53]",en,22 July,15.163,2018-10-04,22 July,7.084,1167
[],en,En Memoria,15.162,2024-10-02,En Memoria,0.0,0
"[35, 10751, 10749, 10770]",en,Den Brother,15.162,2010-08-13,Den Brother,5.9,131
"[35, 10751, 16]",ko,Larva Pendant,15.161,2022-05-25,Larva Pendant,7.2,79
"[10402, 18]",en,Rocketman,15.159,2019-05-17,Rocketman,7.329,4588
[35],fr,Just a Gigolo,15.158,2019-04-17,Just a Gigolo,5.291,179
[27],en,The Ouija Experiment,15.158,2011-05-05,The Ouija Experiment,4.11,141
"[18, 37]",es,Los colonos,15.155,2023-10-11,The Settlers,6.977,88
"[16, 12, 35, 10751]",es,Un gallo con muchos huevos,15.153,2015-09-04,Huevos: Little Rooster's Egg-Cellent Adventure,6.934,206
"[27, 878, 53]",en,Cell,15.151,2016-07-06,Cell,4.679,1040
"[53, 80, 27, 9648]",en,The Pale Blue Eye,15.15,2022-12-22,The Pale Blue Eye,6.85,1791
"[18, 37]",es,Los colonos,11.968,2023-10-11,The Settlers,6.977,88
"[16, 12, 35, 10751]",es,Un gallo con muchos huevos,11.028,2015-09-04,Huevos: Little Rooster's Egg-Cellent Adventure,6.934,206
"[27, 878, 53]",en,Cell,14.528,2016-07-06,Cell,4.679,1040
"[53, 80, 27, 9648]",en,The Pale Blue Eye,14.302,2022-12-22,The Pale Blue Eye,6.85,1791
"[27, 28, 53, 9648]",de,Zombies,9.089,2017-09-29,Zombies,5.9,39
[28],ja,くノ一忍法帖 IV 忠臣蔵秘抄,14.112,1994-03-24,Female Ninjas Magic Chronicles 4: Rebel Forces at the Threshold,3.3,3
[99],zh,里斯本丸沉没,16.765,2024-08-31,The Sinking of the Lisbon Maru,8.25,4
"[35, 18, 10752]",en,Little Boy,14.526,2015-04-23,Little Boy,7.2,512
"[16, 10751, 35, 878, 12]",en,Planet 51,19.274,2009-11-19,Planet 51,5.859,1993
"[35, 18]",fr,La Marginale,13.289,2023-05-03,The Marginalized,6.8,16
"[53, 27]",en,Curve,10.137,2016-06-10,Curve,7.081,62
[18],en,Goodbye Solo,9.087,2009-03-27,Goodbye Solo,6.9,77
"[28, 18, 80, 53]",en,Jackdaw,12.37,2024-01-26,Jackdaw,4.722,9
"[28, 27, 10770]",en,Lake Placid vs. Anaconda,9.776,2015-04-25,Lake Placid vs. Anaconda,5.028,212
"[36, 18]",en,The Walk,12.276,2015-09-30,The Walk,6.986,3126
"[35, 10749, 18]",en,No Reservations,14.523,2007-06-15,No Reservations,6.632,1303
"[10749, 18]",en,Gia,19.522,1998-01-31,Gia,7.112,721
"[27, 9648, 35]",ja,貞子DX,11.038,2022-10-28,Sadako DX,4.591,33
"[18, 80, 53]",en,Stillwater,16.537,2021-07-29,Stillwater,6.639,1201
"[878, 28, 12, 53]",ko,인랑,13.278,2018-07-25,Illang: The Wolf Brigade,6.335,294
"[18, 10752]",en,Stop-Loss,15.773,2008-03-28,Stop-Loss,6.115,244
"[10402, 18, 36]",en,The Doors,15.27,1991-03-01,The Doors,7.1,1406
"[18, 28]",ta,பேட்ட,21.189,2019-01-10,Petta,7.143,77
"[16, 12, 14, 10751]",ja,映画ドラえもん のび太の南極カチコチ大冒険,16.166,2017-03-04,Doraemon: Nobita's Great Adventure in the Antarctic Kachi Kochi,6.5,88
[35],en,The Cheerleaders,21.186,1973-03-01,The Cheerleaders,5.853,34
[10749],ko,윤율과 러시아 색녀,12.543,2022-06-24,Yoon-Yool and Russian Sexy Woman,0.0,0
"[16, 28, 18]",ja,名探偵コナン・絶海の探偵,13.773,2013-04-19,Detective Conan: Private Eye in the Distant Sea,6.7,106
"[10749, 18]",en,Dirty Dancing: Havana Nights,16.02,2004-02-27,Dirty Dancing: Havana Nights,6.402,646
[27],es,Los ritos sexuales del diablo,14.269,1982-01-01,Black Candles,6.3,133
"[10749, 18]",no,Royalteen: Arvingen,9.076,2022-08-17,Royalteen,5.868,171
[99],et,Savvusanna sõsarad,21.169,2023-03-21,Smoke Sauna Sisterhood,7.232,28
[18],en,Do You Believe?,10.272,2015-03-20,Do You Believe?,6.6,132
"[16, 12, 14]",en,The Brave Little Toaster,12.018,1987-07-09,The Brave Little Toaster,6.913,423
[35],en,Behaving Badly,14.772,2014-04-14,Behaving Badly,5.3,570
"[35, 10749]",it,La seconda moglie,14.619,1998-11-05,The Second Wife,5.725,20
"[18, 80]",mr,Nay Varan Bhat Loncha Kon Nai Koncha,12.596,2022-01-14,Nay Varan Bhat Loncha Kon Nai Koncha,7.5,2
"[35, 18]",de,Schulmädchen-Report 3. Teil: Was Eltern nicht mal ahnen,13.147,1972-02-17,Schoolgirls Growing Up,4.69,21
[28],en,American Ninja 2: The Confrontation,11.517,1987-05-01,American Ninja 2: The Confrontation,5.442,269
"[28, 12]",en,The Man with the Iron Fists 2,14.271,2015-03-10,The Man with the Iron Fists 2,5.5,243
"[18, 35]",fr,La Grande Bouffe,15.017,1973-05-16,La Grande Bouffe,7.165,485
"[18, 35]",fr,La Grande Bouffe,15.017,1973-05-16,La Grande Bouffe,7.165,485
"[28, 27]",en,Dead Rising: Endgame,21.153,2016-06-20,Dead Rising: Endgame,5.168,179
"[12, 35, 10751]",fr,King,13.285,2022-02-16,King,6.431,173
"[878, 53]",en,In the Shadow of the Moon,18.025,2019-09-27,In the Shadow of the Moon,6.168,1390
"[35, 28, 10751, 18]",en,D2: The Mighty Ducks,14.516,1994-03-25,D2: The Mighty Ducks,6.179,590
"[18, 10749, 80]",en,Queen & Slim,21.148,2019-11-27,Queen & Slim,7.1,683
"[27, 14]",no,Thale,21.147,2012-02-16,Thale,5.389,140
"[12, 18, 28, 36]",en,The Mission,14.265,1986-09-24,The Mission,7.392,1376
[18],en,Boogie Nights,15.1,1997-10-10,Boogie Nights,7.6,3102
[18],en,Gimme Shelter,9.059,2013-10-17,Gimme Shelter,6.598,234
[35],en,Confessions of a Teenage Drama Queen,14.515,2004-02-17,Confessions of a Teenage Drama Queen,5.638,880
"[27, 53]",en,Hellraiser: Judgment,14.021,2018-02-13,Hellraiser: Judgment,5.232,299
"[35, 18, 10751, 10770]",en,Sorority Wars,10.516,2009-01-02,Sorority Wars,6.015,200
[27],ja,心霊曼邪羅48,21.127,2024-10-02,Psychic Manjara 48,0.0,0
"[35, 10749]",en,Sixteen Candles,12.014,1984-05-04,Sixteen Candles,6.774,2041
"[27, 35, 53]",en,Tales from the Crypt: Demon Knight,17.264,1995-01-13,Tales from the Crypt: Demon Knight,6.856,482
[18],en,In the Name of the Father,15.764,1993-12-12,In the Name of the Father,7.9,1720
"[35, 18, 10749]",cn,喜劇之王,21.12,1999-02-08,King of Comedy,7.3,170
"[878, 27, 18]",en,Crimes of the Future,15.785,2022-05-25,Crimes of the Future,6.066,1053
"[9648, 53]",en,Odd Thomas,15.016,2013-01-29,Odd Thomas,6.929,1308
"[18, 36, 10752]",de,Stalingrad,18.763,1993-01-20,Stalingrad,7.294,540
[53],en,Grand Isle,14.273,2019-12-06,Grand Isle,5.411,305
"[28, 35]",cn,賭俠大戰拉斯維加斯,9.05,1999-06-25,The Conmen in Vegas,6.25,16
"[10751, 35]",en,Kicking & Screaming,16.763,2005-05-13,Kicking & Screaming,5.779,620
"[35, 10751, 10749]",en,The Flintstones in Viva Rock Vegas,13.763,2000-04-28,The Flintstones in Viva Rock Vegas,4.779,744
"[18, 16, 10749, 10752, 36]",ja,この世界の片隅に,10.517,2016-11-12,In This Corner of the World,7.911,554
[35],en,Jerry Seinfeld: I'm Telling You for the Last Time,10.263,1998-08-08,Jerry Seinfeld: I'm Telling You for the Last Time,7.5,108
[],en,Into the Bloo,21.108,2024-10-02,Into the Bloo,0.0,0
[16],nl,2 Kleine Kleutertjes: Een Dag Om Nooit Te Vergeten,10.303,2022-04-27,2 Kleine Kleutertjes: Een Dag Om Nooit Te Vergeten,7.0,9
"[80, 35]",en,Saving Grace,9.046,2000-01-24,Saving Grace,6.524,409
"[18, 10749]",en,The Age of Innocence,15.261,1993-09-10,The Age of Innocence,6.984,1075
"[878, 35, 10749]",en,Time Freak,17.269,2018-11-09,Time Freak,6.677,448
"[28, 27, 878, 53]",en,The Rig,9.043,2010-10-05,The Rig,3.486,71
"[16, 12, 10751, 14]",en,Legend of the Guardians: The Owls of Ga'Hoole,20.013,2010-07-10,Legend of the Guardians: The Owls of Ga'Hoole,6.807,2270
"[18, 9648]",en,Exotica,11.76,1994-11-30,Exotica,6.644,326
"[53, 9648]",en,The Vanishing,15.768,2019-01-04,The Vanishing,5.73,697
"[53, 80, 9648]",en,Perfect Stranger,16.762,2007-04-11,Perfect Stranger,5.79,913
"[53, 28, 80]",fr,BAC Nord,15.776,2021-08-18,The Stronghold,7.408,1251
"[28, 878, 14]",en,Jiu Jitsu,15.272,2020-11-20,Jiu Jitsu,4.817,599
"[27, 53]",en,Madhouse,10.51,2004-07-30,Madhouse,5.7,142
"[18, 28, 80]",en,Bronson,11.011,2009-03-13,Bronson,6.988,2430
[16],fr,La Prophétie des grenouilles,9.036,2003-12-03,Raining Cats and Frogs,6.936,132
"[28, 18]",en,F1,11.836,2025-06-25,F1,0.0,0
[16],ar,劇場版「黒子のバスケ」ウインターカップ総集編～影と光～,21.08,2016-09-03,Kuroko's Basketball - Movie: Winter Cup - Shadow and Light,7.1,15
[18],en,Network,16.008,1976-11-14,Network,7.821,1691
"[35, 28, 14]",en,The Monster Squad,21.076,1987-08-14,The Monster Squad,6.708,553
"[35, 28, 12, 53]",en,Without a Paddle,21.076,2004-08-20,Without a Paddle,5.59,631
"[18, 10749]",en,The Red Shoes,11.759,1948-09-06,The Red Shoes,7.966,645
"[16, 12, 10751, 35]",en,The Pirates! In an Adventure with Scientists!,16.011,2012-03-12,The Pirates! In an Adventure with Scientists!,6.496,1076
"[35, 28, 53]",en,Spenser Confidential,14.268,2020-03-06,Spenser Confidential,6.538,2260
[37],en,Wild Bill,9.257,1995-12-01,Wild Bill,5.659,138
"[27, 53]",en,Cat's Eye,17.757,1985-04-12,Cat's Eye,6.761,632
"[28, 35]",en,Keeping Up with the Joneses,13.512,2016-10-20,Keeping Up with the Joneses,6.092,1984
[18],da,Lulu,11.381,2014-09-10,Lulu,4.5,4
"[10751, 16, 878, 35]",en,Phineas and Ferb the Movie: Candace Against the Universe,21.06,2020-08-27,Phineas and Ferb the Movie: Candace Against the Universe,7.272,364
"[53, 18, 28, 80]",en,Rust Creek,10.514,2019-01-04,Rust Creek,6.367,296
[28],en,Iron Eagle,14.506,1986-01-17,Iron Eagle,5.495,299
"[27, 878, 53]",en,The Cell,11.757,2000-08-17,The Cell,6.3,1512
"[10749, 35]",en,About Fate,15.531,2022-09-08,About Fate,7.431,379
"[10752, 18, 36]",da,Skyggen i mit øje,14.273,2021-10-28,The Shadow in My Eye,7.8,477
"[10752, 18, 36]",da,Skyggen i mit øje,14.273,2021-10-28,The Shadow in My Eye,7.8,477
"[28, 12, 35, 53]",en,Street Fighter,21.056,1994-12-23,Street Fighter,4.575,1448
"[28, 80, 18]",en,Savage Streets,10.756,1984-08-30,Savage Streets,6.23,128
"[28, 12, 14, 878, 53]",en,Left Behind: World at War,13.297,2005-10-21,Left Behind: World at War,4.051,68
"[28, 80, 878, 18]",it,Mondocane,15.271,2021-09-03,Mondocane,6.368,140
"[35, 10749, 10770]",en,The Ratings Game,9.915,1984-12-15,The Ratings Game,5.7,22
"[10749, 35]",ko,모럴센스,12.024,2022-02-11,Love and Leashes,6.8,265
"[27, 9648, 53, 878]",en,What Lies Below,14.018,2020-12-17,What Lies Below,5.326,181
"[878, 28, 12]",en,Cosmic Sin,16.019,2021-03-12,Cosmic Sin,4.054,538
[35],en,A Bad Moms Christmas,16.51,2017-08-04,A Bad Moms Christmas,6.316,2041
"[28, 12, 18, 53, 10770]",en,Tornado Valley,10.876,2009-01-01,Tornado Valley,6.5,54
[27],ja,マジコワっ！本当に映った心霊映像10選,21.039,2024-10-02,Majikowa! Hontou ni Utsutta Shinrei Eizou 10 Sen,0.0,0
"[28, 12, 18, 53]",en,Airport '77,10.504,1977-03-11,Airport '77,5.6,283
"[18, 35]",hi,Hichki,10.011,2018-03-23,Hichki,7.578,128
"[36, 35, 18]",ja,のぼうの城,9.014,2012-11-02,The Floating Castle,7.146,24
"[18, 10749]",tr,Aşk Filmi,15.872,2024-04-19,Aşk Filmi,0.0,0
"[53, 80]",en,Crawlspace,15.273,2022-03-31,Crawlspace,6.0,132
"[878, 12, 28, 35, 53]",fr,Comment je suis devenu super-héros,13.516,2020-11-19,How I Became a Superhero,6.058,494
"[35, 12]",en,Caveman,12.753,1981-04-17,Caveman,6.536,154
"[28, 80, 18]",en,Colors,17.503,1988-04-15,Colors,6.5,452
"[28, 80, 18]",en,Colors,17.503,1988-04-15,Colors,6.5,452
"[35, 10749, 14]",en,Splash,15.252,1984-03-09,Splash,6.262,1321
[],ar,Lost Arab,21.021,2024-10-02,Lost Arab,0.0,0
"[27, 9648, 53]",en,Sick,11.777,2022-09-11,Sick,6.204,253
"[35, 10751]",fr,Alibi.com,21.021,2017-02-15,Alibi.com,6.482,1654
"[10751, 12, 14]",de,Die Schule der magischen Tiere 2,14.398,2022-09-29,School of Magical Animals 2,6.3,29
[27],en,The Uninvited,13.504,2009-01-30,The Uninvited,6.465,1469
"[35, 18, 10749]",en,Judge Priest,9.008,1934-09-15,Judge Priest,6.4,29
"[16, 35, 10751]",ja,ホーホケキョ となりの山田くん,11.753,1999-07-17,My Neighbors the Yamadas,7.001,517
"[10770, 18, 53, 10752]",en,Hostile Waters,9.007,1997-10-18,Hostile Waters,5.7,23
"[18, 36, 9648, 53]",en,All the President's Men,15.252,1976-04-09,All the President's Men,7.67,1769
"[18, 27]",ms,Tiger Stripes,15.527,2023-10-19,Tiger Stripes,5.9,24
"[18, 36, 10749]",fr,La Reine Margot,17.751,1994-05-13,Queen Margot,7.203,360
[35],en,Fist Fight,14.757,2017-02-16,Fist Fight,6.061,1224
"[35, 80, 53]",en,Very Bad Things,16.502,1998-09-11,Very Bad Things,6.274,599
"[27, 18, 14]",en,Medusa,9.514,2020-11-07,Medusa,6.194,186
"[53, 878, 28, 12]",en,Vice,19.606,2015-01-16,Vice,4.3,539
"[10749, 35]",pt,Fazendo Meu Filme,9.0,2024-02-14,Shooting My Life's Script,7.3,21
"[18, 10749]",fr,La Passagère,11.049,2022-12-14,Wild Seas,6.206,34
"[18, 14, 27, 10749]",en,Blood and Chocolate,17.502,2007-01-26,Blood and Chocolate,5.507,294
[37],it,I quattro dell'apocalisse,17.87,1975-08-12,Four of the Apocalypse,6.487,79
"[18, 53]",fr,Seul contre tous,17.5,1998-05-16,I Stand Alone,7.506,503
"[27, 53]",es,Tesis,15.999,1996-04-11,Thesis,7.449,803
[35],tl,AFAM,13.436,2023-05-05,Afam,2.5,5
"[27, 53]",en,Lake Mungo,11.501,2009-07-30,Lake Mungo,6.207,528
[35],en,Grandma's Boy,16.0,2006-01-06,Grandma's Boy,6.537,650
"[35, 27, 53]",en,The Radleys,20.987,2024-10-04,The Radleys,0.0,0
"[28, 80, 18, 53]",en,Chained Heat,15.709,1983-05-27,Chained Heat,5.193,57
"[53, 9648]",en,Frantic,20.986,1988-02-19,Frantic,6.7,999
"[9648, 53, 27]",en,The Messengers,15.25,2007-02-02,The Messengers,5.728,791
"[53, 9648]",en,Looking Glass,17.755,2018-02-16,Looking Glass,4.668,295
"[28, 12, 16, 14, 878, 10770]",en,Green Lantern: First Flight,11.25,2009-07-28,Green Lantern: First Flight,6.9,431
"[35, 18, 10749]",en,Chocolat,13.499,2000-12-22,Chocolat,6.969,3231
[27],en,Butchers,12.009,2020-10-15,Butchers,5.134,201
"[35, 18, 36]",en,The Duke,10.263,2021-07-23,The Duke,7.033,307
"[28, 35]",ja,少林少女,8.989,2008-04-26,Shaolin Girl,4.8,28
"[28, 80, 53]",en,The Last Stand,15.75,2013-01-12,The Last Stand,6.071,2746
[18],en,"Paul, Apostle of Christ",15.754,2018-03-23,"Paul, Apostle of Christ",7.6,347
"[18, 80]",en,Drugstore Cowboy,10.747,1989-10-20,Drugstore Cowboy,7.087,526
[18],en,Bruiser,20.969,2022-12-02,Bruiser,6.46,25
"[18, 10749]",en,The Bad and the Beautiful,10.998,1952-12-25,The Bad and the Beautiful,7.3,245
[35],en,Over Her Dead Body,15.749,2008-02-01,Over Her Dead Body,5.528,450
[18],en,Behind The Sun,11.497,1995-01-01,Behind The Sun,5.0,0
[878],en,Moon Crash,8.986,2022-02-04,Moon Crash,3.5,20
"[16, 28, 14]",ja,劇場版 美少女戦士セーラームーンEternal 前編,17.009,2021-01-08,Pretty Guardian Sailor Moon Eternal the Movie Part 1,7.832,173
"[18, 35, 10749]",en,Ticket to Paradise,17.521,2022-09-08,Ticket to Paradise,6.5,1165
"[28, 12, 35, 10751]",en,Inspector Gadget 2,8.997,2003-03-11,Inspector Gadget 2,4.1,364
"[27, 53, 18]",en,Dominion: Prequel to The Exorcist,14.997,2005-05-20,Dominion: Prequel to The Exorcist,5.377,362
"[28, 12, 14]",en,Blade of Destiny,9.037,2024-09-29,Blade of Destiny,0.0,0
[878],en,Science Fiction Volume One: The Osiris Child,14.251,2016-02-17,Science Fiction Volume One: The Osiris Child,5.581,483
"[878, 18, 9648]",en,Fire in the Sky,20.958,1993-03-12,Fire in the Sky,6.588,574
[37],en,Rio Grande,18.996,1950-11-15,Rio Grande,6.821,322
"[10749, 35, 18]",en,Never Been Kissed,13.746,1999-04-09,Never Been Kissed,6.165,1462
"[18, 27, 53]",en,Burning Bright,20.952,2010-08-17,Burning Bright,6.31,268
"[28, 53, 80]",fr,Banlieue 13 - Ultimatum,16.996,2009-02-18,District 13: Ultimatum,6.397,1139
"[53, 27, 9648]",en,The Inhabitant,8.977,2022-10-07,The Inhabitant,6.2,96
"[18, 10749, 10752]",en,Sophie's Choice,16.994,1982-12-08,Sophie's Choice,7.331,837
[99],en,The Great Hack,12.252,2019-01-26,The Great Hack,6.897,506
"[878, 53, 27]",fr,Oxygène,12.259,2021-05-12,Oxygen,6.6,1363
"[18, 53, 9648]",en,Brokedown Palace,14.995,1999-08-13,Brokedown Palace,6.429,378
"[12, 35, 10751, 14]",en,A Simple Wish,8.975,1997-07-11,A Simple Wish,5.491,161
"[10752, 18]",en,Leningrad,8.975,2009-01-01,Leningrad,5.542,83
"[36, 12, 10752, 28]",ru,Монгол,17.246,2007-09-20,Mongol: The Rise of Genghis Khan,6.789,669
"[9648, 53, 27]",en,Book of Shadows: Blair Witch 2,18.495,2000-10-27,Book of Shadows: Blair Witch 2,4.291,810
"[878, 28]",en,Outland,20.94,1981-05-22,Outland,6.421,591
"[16, 12, 878, 14]",ja,バブル,15.262,2022-02-14,Bubble,7.361,407
"[12, 80, 53]",it,Femmine infernali,9.813,1980-03-27,Escape from Hell,4.5,19
"[18, 53, 878]",en,Monsters,18.995,2010-06-18,Monsters,6.216,1549
[35],es,Cuerpo escombro,12.392,2024-08-09,Cuerpo escombro,7.5,1
[18],en,Minari,12.507,2021-02-12,Minari,7.342,1584
"[35, 28, 12]",de,Manta Manta - Zwoter Teil,15.857,2023-03-30,"Manta, Manta: Legacy",4.861,61
[28],zh,街头之王,8.968,2012-07-26,街头之王,5.289,19
"[27, 35]",en,A Return to Salem's Lot,20.924,1987-09-11,A Return to Salem's Lot,6.054,269
"[28, 12, 35, 878, 37]",en,Wild Wild West,12.493,1999-06-30,Wild Wild West,5.323,3266
"[10770, 18]",en,The Ron Clark Story,10.244,2006-08-13,The Ron Clark Story,7.4,118
"[10751, 878, 14, 35]",en,Muppets from Space,16.493,1999-07-14,Muppets from Space,6.034,319
"[10749, 18]",ko,"처제는, 처제와, 처제의...",12.529,2019-01-01,"My Sister, Sister, Sister...",6.0,1
"[12, 10751, 14]",en,Return to Oz,16.241,1985-06-21,Return to Oz,6.702,990
"[18, 36]",en,Minamata,11.502,2020-03-13,Minamata,6.949,266
"[28, 12, 18, 14]",en,Risen,13.246,2016-02-18,Risen,6.186,816
"[28, 12, 18, 14]",en,Risen,13.246,2016-02-18,Risen,6.186,816
"[35, 878, 28, 12]",en,Superman III,19.741,1983-06-17,Superman III,5.499,1657
[18],en,Cake,16.443,2014-09-07,Cake,6.269,882
"[35, 18, 10749]",en,Pleasure Spa,12.764,2013-02-01,Pleasure Spa,5.3,9
[18],en,Baby Face,13.742,1933-07-13,Baby Face,7.3,116
"[35, 10749]",en,Private School,13.991,1983-06-29,Private School,5.7,184
"[53, 27]",en,Darkness Falls,17.992,2003-01-24,Darkness Falls,5.557,578
[35],en,To Be or Not to Be,9.491,1983-12-16,To Be or Not to Be,6.7,204
"[18, 10749]",en,The Ultimate Life,10.023,2013-09-06,The Ultimate Life,6.928,76
[35],fr,RRRrrrr!!!,16.991,2004-01-28,RRRrrrr!!!,6.331,1148
"[27, 35, 14]",en,An American Werewolf in Paris,20.908,1997-05-29,An American Werewolf in Paris,5.968,665
"[27, 9648, 53, 18]",en,Apostle,14.998,2018-09-21,Apostle,6.109,1405
"[16, 35, 10751]",en,Hop,17.742,2011-03-30,Hop,5.753,1241
"[35, 18, 10749]",hi,हाउसफ़ूल 5,13.571,2025-06-06,Housefull 5,0.0,0
"[16, 10749, 18]",zh,肆式青春,13.246,2018-08-04,Flavors of Youth,6.89,543
[],ja,ADN-115 不埒な姦係 ~年下男と巨乳妻~ 松下紗栄子,20.894,2017-01-19,An Unholy Affair: A Younger Man and a Busty Wife,0.0,0
"[18, 10749]",no,Sex,12.372,2024-08-30,Sex,7.0,1
"[28, 35, 80]",en,Avenging Angelo,12.489,2002-08-30,Avenging Angelo,5.447,227
[99],en,Untold: Hope Solo vs. U.S. Soccer,11.762,2024-09-02,Untold: Hope Solo vs. U.S. Soccer,5.583,12
"[16, 10751, 35, 878]",en,The Little Guy,14.262,2022-08-10,The Little Guy,7.353,262
"[27, 53, 9648]",en,Gothika,12.739,2003-11-21,Gothika,6.103,2251
[99],en,Generation Iron,14.919,2013-09-20,Generation Iron,6.688,120
"[28, 80, 53]",en,The Clean Up Crew,14.917,2024-09-12,The Clean Up Crew,5.0,2
"[10751, 35, 12]",en,Big Fat Liar,20.884,2002-02-08,Big Fat Liar,5.838,791
"[80, 53]",hi,चोर निकल के भागा,14.914,2023-03-24,Chor Nikal Ke Bhaga,6.979,121
"[27, 14, 35, 9648]",en,In Fabric,9.495,2018-12-06,In Fabric,5.6,308
"[28, 35]",nl,H4Z4RD,14.913,2022-07-20,H4Z4RD,6.2,25
"[18, 10749, 27]",ja,愛の亡霊,12.987,1978-09-06,Empire of Passion,7.0,111
"[18, 53, 9648]",en,Chloe,17.489,2010-02-25,Chloe,6.101,1680
"[18, 10751]",es,"Hijo, amo tu boca",14.911,2023-08-27,"Hijo, amo tu boca",0.0,0
[99],en,BRATS,8.947,2024-06-07,BRATS,6.086,29
"[35, 10749]",es,La gran familia española,14.91,2013-09-13,Family United,5.863,120
"[16, 28, 12]",en,Superman: Unbound,14.91,2013-04-23,Superman: Unbound,6.575,393
"[53, 9648]",fr,Visions,13.286,2023-09-06,Visions,5.879,103
"[18, 10751]",en,The Rookie,19.737,2002-03-25,The Rookie,6.761,437
"[35, 10749]",en,"Definitely, Maybe",14.238,2008-02-08,"Definitely, Maybe",6.943,2372
"[53, 27, 9648]",it,Oltre il guado,14.906,2013-06-21,Across the River,5.359,99
"[35, 10749]",en,The Broken Hearts Gallery,15.747,2020-09-11,The Broken Hearts Gallery,7.181,310
"[80, 28, 53]",ko,독전,14.903,2018-05-22,Believer,7.3,155
"[35, 80]",en,Serial Mom,17.235,1994-04-13,Serial Mom,6.754,670
[],ja,爆乳Jの猥褻 田中瞳,11.987,2008-01-05,爆乳Jの猥褻 田中瞳,0.0,0
[],en,Sub Rosa,13.359,2014-01-01,Sub Rosa,5.0,4
"[10751, 35]",en,Marmaduke,14.487,2010-06-03,Marmaduke,5.245,735
"[18, 10749]",hi,देवदास,11.736,2002-07-11,Devdas,7.512,329
"[18, 36]",en,The Best of Enemies,11.743,2019-04-05,The Best of Enemies,7.372,414
"[12, 18, 10751]",en,Fly Away Home,11.485,1996-09-13,Fly Away Home,6.9,454
"[18, 53, 80, 27]",ja,冷たい熱帯魚,12.987,2011-01-29,Cold Fish,6.892,329
"[35, 80, 9648, 10770]",en,Psych: The Movie,10.491,2017-12-07,Psych: The Movie,7.305,218
"[18, 10749]",en,Two Moon Junction,14.984,1988-04-29,Two Moon Junction,6.07,179
"[28, 12, 53]",fr,Largo Winch II,18.237,2011-02-16,Largo Winch II,5.89,346
"[18, 36, 10752]",zh,金陵十三釵,12.487,2011-12-15,The Flowers of War,7.455,782
[37],en,True Grit,15.485,1969-06-11,True Grit,7.376,756
"[27, 53, 9648]",en,The Awakening,15.986,2011-08-17,The Awakening,6.375,1370
"[27, 53]",en,Consecration,13.765,2023-02-09,Consecration,5.6,152
"[35, 10749]",en,I Love You Again,8.932,1940-08-09,I Love You Again,7.255,51
"[28, 35]",it,I due superpiedi quasi piatti,14.483,1977-04-01,Crime Busters,6.96,626
[18],it,Interno di un convento,14.113,1978-01-25,Behind Convent Walls,5.1,46
"[28, 12, 35]",cn,大內密探零零發,13.233,1996-02-16,Forbidden City Cop,6.867,105
[18],it,Il vangelo secondo Matteo,13.484,1965-03-03,The Gospel According to Matthew,7.449,350
"[10749, 18, 35]",en,Cocktail,15.483,1988-07-29,Cocktail,6.107,1428
"[10751, 16, 12, 35]",en,Rugrats in Paris: The Movie,11.983,2000-11-17,Rugrats in Paris: The Movie,6.646,448
[18],de,Allein zwischen den Fronten,8.929,2024-09-29,Allein zwischen den Fronten,0.0,0
"[53, 80, 18]",en,Paradise Highway,13.756,2022-07-29,Paradise Highway,5.9,155
"[28, 35, 80, 53]",en,Redirected,10.736,2014-01-10,Redirected,5.8,357
[18],tr,Kağıttan Hayatlar,8.929,2021-03-12,Paper Lives,8.056,378
"[80, 18]",es,Sin tetas no hay paraíso,13.254,2010-07-23,Sin tetas no hay paraíso,7.321,84
"[18, 53, 80, 9648]",en,The Client,17.732,1994-07-20,The Client,6.684,1099
"[27, 9648, 53]",en,Case 39,18.484,2009-08-13,Case 39,6.309,2193
[18],en,The Ides of March,14.735,2011-09-24,The Ides of March,6.677,2424
"[10751, 16]",en,Piper,20.829,2016-06-16,Piper,8.148,1606
"[27, 53]",en,P2,20.233,2007-11-09,P2,6.216,818
"[18, 12, 36]",en,Against the Ice,13.25,2022-02-10,Against the Ice,6.759,526
"[35, 18]",en,The Meyerowitz Stories,17.487,2017-10-13,The Meyerowitz Stories,6.5,1164
"[35, 18]",sv,En man som heter Ove,12.486,2015-12-25,A Man Called Ove,7.609,1124
"[80, 18, 53]",en,Captive,12.735,2015-09-17,Captive,5.71,267
"[28, 80, 18, 53]",en,Landmine Goes Click,10.234,2015-03-03,Landmine Goes Click,5.5,118
"[80, 18, 10749]",cn,阿飛正傳,13.48,1990-12-15,Days of Being Wild,7.309,479
[28],en,Agent Jade Black,20.392,2020-09-29,Agent Jade Black,3.6,5
[99],en,Above Majestic,8.921,2018-10-30,Above Majestic,7.574,94
"[80, 10402, 18, 53]",nl,Hardcore Never Dies,12.599,2023-11-09,Hardcore Never Dies,6.704,27
"[35, 10749]",es,Juntos pero no revueltos,14.863,2023-01-11,My Father's Mexican Wedding,5.941,17
"[28, 18]",en,Driven,14.857,2001-04-27,Driven,5.111,708
"[80, 53, 18]",en,The Devil's Own,14.857,1997-03-13,The Devil's Own,6.2,1194
"[27, 35, 14]",sv,Koko-di Koko-da,14.856,2019-08-23,Koko-di Koko-da,5.811,66
"[10752, 18]",de,Persian Lessons,14.855,2020-04-17,Persian Lessons,7.7,392
"[10751, 16, 10402]",en,My Little Pony: Equestria Girls - Rainbow Rocks,14.854,2014-09-27,My Little Pony: Equestria Girls - Rainbow Rocks,8.0,170
"[28, 53, 80]",en,12 Rounds,14.853,2009-03-19,12 Rounds,5.877,759
"[53, 80, 18, 9648]",en,Trance,14.851,2013-03-27,Trance,6.627,2151
"[80, 28, 35]",cn,一個好人,14.849,1997-01-31,Mr. Nice Guy,6.502,654
"[16, 28, 18, 9648]",ja,名探偵コナン 異次元の狙撃手,14.848,2014-04-19,Detective Conan: Dimensional Sniper,6.9,109
[],en,Lea,14.846,2014-08-20,Lea,2.0,1
"[16, 35]",ja,クレヨンしんちゃん 嵐を呼ぶモーレツ！オトナ帝国の逆襲,14.845,2001-04-21,Shin Chan: The Adult Empire Strikes Back,8.289,64
"[28, 18, 36, 35]",ja,花よりもなほ,14.844,2006-06-03,Hana,6.7,54
"[16, 14]",en,Cosmos Laundromat,14.843,2015-08-10,Cosmos Laundromat,6.42,50
"[27, 35]",en,Tormented,14.843,2009-05-22,Tormented,5.121,132
"[28, 53, 9648, 878]",zh,异形寄生: 起源,14.842,2024-06-12,The Captives,4.3,6
"[16, 12, 10751]",en,The Land Before Time X: The Great Longneck Migration,14.842,2003-12-02,The Land Before Time X: The Great Longneck Migration,6.3,225
"[18, 53]",en,One Hour Photo,14.842,2002-08-21,One Hour Photo,6.648,1688
"[18, 10752]",it,I girasoli,14.842,1970-03-14,Sunflower,7.541,158
[35],en,Fish Don't Blink,14.839,2002-04-13,Fish Don't Blink,5.2,6
"[16, 12, 10751]",en,The Land Before Time X: The Great Longneck Migration,14.227,2003-12-02,The Land Before Time X: The Great Longneck Migration,6.3,225
"[18, 53]",en,One Hour Photo,12.477,2002-08-21,One Hour Photo,6.648,1688
"[18, 10752]",it,I girasoli,9.976,1970-03-14,Sunflower,7.541,158
[35],en,Fish Don't Blink,12.657,2002-04-13,Fish Don't Blink,5.2,6
"[53, 9648, 878]",ja,CUBE 一度入ったら、最後,11.993,2021-10-22,Cube,5.4,105
"[16, 878, 28, 9648]",fr,Mars Express,19.537,2023-11-22,Mars Express,7.572,258
[35],en,Girls Trip,20.77,2017-07-21,Girls Trip,6.843,1483
"[16, 35, 10751]",en,Madly Madagascar,10.978,2013-01-29,Madly Madagascar,6.5,233
"[18, 10752]",en,Billy Lynn's Long Halftime Walk,17.23,2016-11-10,Billy Lynn's Long Halftime Walk,6.013,550
[18],en,Do the Right Thing,14.975,1989-06-14,Do the Right Thing,7.76,1735
"[18, 878, 16]",en,The Congress,19.478,2013-07-03,The Congress,6.373,511
"[18, 53]",en,Dark Crimes,12.98,2016-10-12,Dark Crimes,4.596,424
"[16, 27, 878, 53]",en,Dead Space: Downfall,14.727,2008-10-27,Dead Space: Downfall,6.201,335
"[35, 27]",en,Zombie Strippers!,18.477,2008-04-18,Zombie Strippers!,4.713,359
"[878, 35]",zh,从21世纪安全撤离,15.456,2024-07-18,Escape from the 21st Century,6.531,49
"[28, 53]",sv,Den tredje vågen,8.896,2003-10-15,The Third Wave,6.218,55
[18],en,Sling Blade,18.224,1996-08-30,Sling Blade,7.531,762
"[18, 10770]",en,The Client List,12.225,2010-07-19,The Client List,5.892,251
"[80, 28]",en,Vigilante,8.893,1982-05-18,Vigilante,6.3,93
"[27, 80, 9648, 53]",en,The Seamstress,8.893,2009-09-24,The Seamstress,4.0,31
"[80, 18]",ko,지옥화,11.894,1958-04-20,The Flower in Hell,6.4,14
"[35, 10751]",fr,Alibi.com 2,12.255,2023-02-08,Alibi.com 2,6.588,397
"[36, 18, 10770]",en,Barabbas,8.891,2012-12-28,Barabbas,6.0,12
[27],en,Pánico en el Transiberiano,8.89,1972-09-30,Horror Express,6.335,282
"[35, 10402, 18]",en,Feel the Beat,11.483,2020-06-19,Feel the Beat,7.588,1108
"[27, 53]",en,Vacancy,16.224,2007-04-20,Vacancy,6.253,1435
[35],it,Il sol dell'avvenire,13.008,2023-04-20,A Brighter Tomorrow,7.057,283
"[28, 80]",ko,나쁜 녀석들: 더 무비,9.231,2019-09-11,The Bad Guys: The Movie,6.887,124
"[16, 10751, 35, 878, 12]",en,Buzz Lightyear of Star Command: The Adventure Begins,10.723,2000-08-08,Buzz Lightyear of Star Command: The Adventure Begins,6.4,319
"[9648, 80]",en,I Wake Up Screaming,8.888,1941-10-31,I Wake Up Screaming,6.8,67
"[28, 35, 80]",en,Mad Money,14.474,2008-01-17,Mad Money,6.454,652
"[28, 18]",cn,海關戰線,13.979,2024-06-28,Customs Frontline,5.6,10
"[18, 28, 53, 80]",en,The Hunted,14.473,2003-03-11,The Hunted,6.182,787
"[28, 80, 53]",en,Assassins Tale,8.885,2013-01-01,Assassins Tale,4.8,31
"[12, 18, 37]",en,Rooster Cogburn,11.471,1975-11-01,Rooster Cogburn,6.463,190
[27],es,Morgue,11.22,2019-08-22,Morgue,6.9,83
"[10770, 18, 14]",en,Fallen,13.473,2006-07-23,Fallen,6.914,128
[18],en,Powder Blue,11.972,2009-05-08,Powder Blue,6.116,216
[18],en,Thirteen,18.221,2003-08-20,Thirteen,6.624,1590
"[28, 12, 35, 14, 878, 53]",ru,Защитники,16.976,2017-02-14,Guardians,5.035,760
[27],en,To the Devil a Daughter,20.716,1976-03-04,To the Devil a Daughter,5.5,101
[18],cn,白日之下,12.227,2023-11-02,In Broad Daylight,7.5,15
"[16, 10751, 28, 12, 18, 14]",ja,ポケットモンスター ミュウツー! 我ハココニ在リ MEWTWO SAGA,8.876,2001-08-17,Pokémon: Mewtwo Returns,6.668,387
"[28, 10752, 36, 80, 18, 53]",ms,Takluk: Lahad Datu,20.71,2024-08-22,Takluk: Lahad Datu,7.0,1
"[27, 53]",en,Poltergeist III,15.969,1988-06-10,Poltergeist III,5.199,475
"[18, 35, 10749]",de,Sissi - Die junge Kaiserin,12.72,1956-12-01,Sissi: The Young Empress,7.2,335
"[878, 35, 12, 10749]",en,The Adventures of Buckaroo Banzai Across the 8th Dimension,14.718,1984-08-10,The Adventures of Buckaroo Banzai Across the 8th Dimension,6.018,418
"[18, 10749]",ko,딸의 친구 2,14.374,2017-10-18,I Don't Like Younger Men 2,4.8,5
"[35, 18]",en,Half Brothers,9.98,2020-12-04,Half Brothers,7.404,204
"[18, 27, 53]",it,Bestialità,17.597,1976-11-15,Dog Lay Afternoon,4.5,21
"[10751, 12, 18, 35]",en,Free Willy 2: The Adventure Home,12.717,1995-07-19,Free Willy 2: The Adventure Home,5.915,574
[99],en,Frida,20.695,2024-03-08,Frida,6.722,27
"[12, 18, 10751]",fr,L'Ours,16.717,1988-10-21,The Bear,7.045,470
"[16, 10751]",en,The Gruffalo,13.968,2009-12-25,The Gruffalo,7.298,302
"[9648, 80, 18]",en,The Buckingham Murders,18.546,2024-09-13,The Buckingham Murders,9.0,1
[18],it,Le notti porno nel mondo nº 2,14.286,1978-04-20,Sexy Night Report n. 2,6.7,19
"[35, 18, 36]",ko,거미집,19.688,2023-09-27,Cobweb,6.492,64
[18],en,The Straight Story,12.217,1999-10-15,The Straight Story,7.72,1499
"[99, 10402]",en,Look At Me: XXXTENTACION,12.716,2022-03-15,Look At Me: XXXTENTACION,6.375,16
"[28, 12, 10751, 14]",en,The 7th Voyage of Sinbad,11.217,1958-12-05,The 7th Voyage of Sinbad,6.939,269
"[27, 18]",ja,徳川女刑罰絵巻　牛裂きの刑,14.768,1976-09-04,Oxen Split Torturing,6.0,26
"[10749, 18]",sv,Vinterviken,14.766,2021-09-08,JJ+E,5.788,139
"[18, 878, 53]",en,Bokeh,14.766,2017-03-24,Bokeh,5.386,245
"[18, 80]",en,A Perfect World,14.764,1993-11-24,A Perfect World,7.479,1623
"[18, 35]",en,Project X,14.763,1987-04-17,Project X,6.287,253
"[28, 18, 12]",zh,捉刀人,14.76,2024-09-28,Blade of Fury,0.0,0
"[18, 9648]",xx,Blue,14.76,2024-10-01,Blue,0.0,0
[],ko,Soulèvement,14.76,2024-10-02,Soulèvement,0.0,0
"[99, 80]",en,The Menendez Brothers,14.76,2024-10-06,The Menendez Brothers,0.0,0
"[10752, 28, 53]",en,Behind Enemy Lines III: Colombia,14.76,2009-01-06,Behind Enemy Lines III: Colombia,5.67,147
"[10752, 18, 36]",en,Julius Caesar,14.758,2002-12-27,Julius Caesar,6.556,54
"[18, 10749]",fr,Premiers désirs,14.757,1983-12-11,First Desires,4.3,30
"[37, 28, 12]",en,Young Guns,14.756,1988-02-17,Young Guns,6.647,897
"[10402, 99]",ko,BTS: PERMISSION TO DANCE 온 스테이지 – LA,14.754,2022-09-08,BTS: Permission to Dance on Stage - LA,8.9,155
"[12, 14, 36]",nl,Kruistocht in Spijkerbroek,14.753,2006-11-15,Crusade in Jeans,5.8,58
"[35, 10751]",mr,नवरा माझा नवसाचा 2,14.752,2024-09-20,Navra Mazha Navsacha 2,0.0,0
"[10749, 35]",es,Eres tú,14.752,2023-03-03,Love at First Kiss,6.166,187
[18],no,De nærmeste,14.751,2015-03-27,Homesick,5.7,45
"[35, 12, 14]",en,The Night Before,14.748,2015-11-20,The Night Before,6.111,1651
"[27, 9648, 53]",en,Unfriended,14.747,2014-10-22,Unfriended,5.534,3296
"[35, 12, 14]",en,The Night Before,12.967,2015-11-20,The Night Before,6.111,1651
"[27, 9648, 53]",en,Unfriended,19.716,2014-10-22,Unfriended,5.534,3296
"[878, 80]",en,Trancers,8.847,1984-11-07,Trancers,5.855,193
"[28, 10749, 53]",en,Desert Saints,8.847,2002-03-10,Desert Saints,5.667,42
"[35, 18]",en,"Mother, Couch!",16.234,2024-07-05,"Mother, Couch!",5.5,10
[18],no,En affære,20.64,2018-10-05,An Affair,5.5,48
"[16, 10751, 14]",en,Barbie: A Fairy Secret,15.214,2011-03-01,Barbie: A Fairy Secret,6.845,493
"[18, 10749]",fr,French Lolita,18.112,1998-02-24,French Lolita,7.7,5
"[878, 28]",en,The Omega Man,20.637,1971-08-01,The Omega Man,6.153,532
"[18, 27]",en,Countess Dracula,9.211,1971-01-30,Countess Dracula,5.777,110
"[18, 35]",fi,Ei kiitos,16.075,2014-01-10,No Thank You,4.9,12
"[28, 878, 53]",en,Darkman,12.961,1990-08-24,Darkman,6.43,1344
"[35, 10402]",fi,Hevi reissu,10.468,2018-03-09,Heavy Trip,6.896,184
"[35, 10749]",en,Think Like a Man Too,14.715,2014-06-20,Think Like a Man Too,6.434,541
[28],en,The Condemned 2,10.716,2015-11-06,The Condemned 2,5.19,147
"[35, 99]",en,Jackass: The Movie,14.962,2002-10-25,Jackass: The Movie,6.306,1546
"[18, 10752]",fr,Au revoir les enfants,14.96,1987-10-07,Au Revoir les Enfants,7.512,642
[35],en,Four Rooms,14.21,1995-12-09,Four Rooms,5.846,2617
"[14, 27, 53]",en,Don't Be Afraid of the Dark,16.712,2010-11-06,Don't Be Afraid of the Dark,5.776,1018
"[18, 36, 80, 53, 28]",en,United 93,15.461,2006-04-28,United 93,7.119,1455
"[18, 36, 80, 53, 28]",en,United 93,15.461,2006-04-28,United 93,7.119,1455
"[35, 80]",en,Fun with Dick and Jane,19.461,2005-12-21,Fun with Dick and Jane,6.203,2385
[27],en,Lullaby,17.809,2022-12-16,Lullaby,5.283,69
"[80, 53]",es,Al final del túnel,13.965,2016-04-21,At the End of the Tunnel,7.063,390
"[10751, 16, 14]",en,Monster High: Fright On!,15.503,2011-10-31,Monster High: Fright On!,6.477,43
"[28, 18]",en,Hard to Kill,15.21,1990-02-09,Hard to Kill,5.976,592
"[18, 10751, 10770]",en,Anne of Green Gables,20.621,2016-02-15,Anne of Green Gables,7.3,125
"[10402, 35, 18, 10749, 10751, 10770]",en,Camp Rock,18.211,2008-06-20,Camp Rock,6.406,2065
"[18, 10749]",en,Loving Annabelle,12.711,2007-05-24,Loving Annabelle,6.551,275
"[18, 10749]",cn,春光乍洩,15.46,1997-05-30,Happy Together,7.6,676
"[53, 18]",en,Guilty as Sin,15.209,1993-06-04,Guilty as Sin,5.7,132
"[28, 35]",cn,師弟出馬,19.709,1980-02-09,The Young Master,6.929,204
"[28, 12, 10749, 10751]",en,The Three Musketeers,16.209,1973-12-11,The Three Musketeers,6.817,290
"[10749, 18]",fr,"Mektoub, My Love: Canto Uno",13.464,2017-09-07,"Mektoub, My Love",6.701,304
"[35, 10749, 28, 18]",th,เร็วโหด..เหมือนโกรธเธอ,11.378,2022-04-06,Fast & Feel Love,6.8,30
"[28, 10752, 18, 36]",ms,Paskal,20.609,2018-09-27,Paskal,7.648,71
[18],ko,내가 만난 사람들,9.504,2024-09-29,People I Meet,0.0,0
"[28, 12, 35]",en,Tarzan the Ape Man,10.838,1981-08-07,Tarzan the Ape Man,4.115,96
[18],de,Hambre,13.439,2023-01-27,Hambre,5.867,15
"[28, 878, 14]",ta,எந்திரன்,20.607,2010-10-01,Enthiran,6.6,213
"[18, 10749]",tl,The Hows of Us,20.605,2018-08-29,The Hows of Us,6.4,16
[99],es,La memoria infinita,19.914,2023-08-11,The Eternal Memory,8.104,72
"[12, 35]",en,Carry On Up the Khyber,8.83,1968-02-12,Carry On Up the Khyber,6.5,72
[18],es,Madres paralelas,14.224,2021-10-08,Parallel Mothers,6.831,900
"[28, 12, 80, 53]",ko,언니,12.965,2019-01-01,No Mercy,7.329,149
"[878, 27, 28, 18]",ja,寄生獣 完結編,11.711,2015-04-25,Parasyte: Part 2,7.1,185
"[28, 35, 18]",cn,賭神,11.957,1989-12-14,God of Gamblers,7.3,151
"[18, 80]",en,Light Sleeper,8.826,1992-08-21,Light Sleeper,6.654,166
"[27, 53]",en,They,13.457,2002-11-01,They,5.027,256
[18],en,Searching for Bobby Fischer,20.591,1993-08-13,Searching for Bobby Fischer,7.085,553
"[10749, 35, 18]",pt,13 Sentimentos,13.785,2024-06-13,Perfect Endings,3.2,5
[35],en,Best. Christmas. Ever!,11.267,2023-11-16,Best. Christmas. Ever!,5.4,191
[37],en,Dodge City,10.497,1939-04-08,Dodge City,6.871,93
[99],en,Side by Side,13.208,2012-08-19,Side by Side,7.258,287
"[28, 53, 878]",en,Lockout,12.458,2012-04-12,Lockout,5.922,1797
"[878, 28, 27]",en,Species III,10.706,2004-11-26,Species III,5.264,404
"[35, 28, 18]",en,Here Comes the Boom,12.958,2012-10-10,Here Comes the Boom,6.185,1410
[27],en,American Gothic,8.955,1987-08-17,American Gothic,5.861,108
"[53, 18, 9648, 878]",en,The Forgotten,20.577,2004-09-24,The Forgotten,5.946,1105
"[28, 80, 9648]",en,Free Fire,19.21,2017-03-31,Free Fire,6.268,1100
"[28, 80, 9648]",en,Free Fire,19.21,2017-03-31,Free Fire,6.268,1100
"[10749, 35]",ko,색즉시공 시즌 2,11.896,2007-12-12,Sex Is Zero 2,5.792,48
[35],en,Good Boys,19.463,2019-08-14,Good Boys,6.8,1818
"[18, 53, 80]",en,John Q,20.455,2002-02-15,John Q,7.116,2354
"[53, 27, 14]",en,Wishmaster 3: Beyond the Gates of Hell,16.455,2001-10-23,Wishmaster 3: Beyond the Gates of Hell,4.37,166
"[18, 10752]",en,Born on the Fourth of July,15.204,1989-12-20,Born on the Fourth of July,7.007,1666
[18],cn,魔鬼天使,14.723,1995-11-09,Devil Angel,4.333,9
[10752],en,Destination Tokyo,8.812,1943-12-31,Destination Tokyo,6.7,59
"[16, 10751, 12, 878, 35]",en,Elio,14.033,2025-06-12,Elio,0.0,0
"[35, 14, 10749]",en,It's a Boy Girl Thing,16.204,2006-07-15,It's a Boy Girl Thing,6.526,1029
"[99, 10402]",en,ReMastered: Devil at the Crossroads,16.741,2019-04-26,ReMastered: Devil at the Crossroads,6.882,76
"[28, 80, 18, 53]",en,The Fast and the Furious: Tokyo Drift,13.268,2006-06-03,The Fast and the Furious: Tokyo Drift,6.502,6800
"[18, 10749]",en,The Sleeping Dictionary,12.703,2003-01-31,The Sleeping Dictionary,6.482,159
"[80, 18]",en,American Me,16.702,1992-03-13,American Me,7.363,343
"[28, 53]",en,Lady Bloodfight,15.707,2016-11-11,Lady Bloodfight,6.557,149
"[27, 28, 878]",en,Johnny Z,14.396,2023-03-26,Johnny Z,5.977,22
[35],it,Kick the Cock,14.403,2008-09-04,Kick the Cock,4.192,40
[37],en,El Dorado,20.545,1966-12-17,El Dorado,7.35,516
"[28, 9648, 53]",en,The Big Bang,20.541,2011-02-03,The Big Bang,5.389,135
[35],en,The Count,8.803,1916-09-04,The Count,6.195,77
"[28, 80, 18, 53]",en,Heist,15.452,2001-11-09,Heist,6.311,533
"[10751, 16, 12, 14, 35, 878]",ja,映画ドラえもん 新・のび太の大魔境 ～ペコと5人の探検隊～,19.454,2014-03-08,Doraemon: New Nobita's Great Demon - Peko and the Exploration Party of Five,6.2,110
[99],en,Untold: Deal with the Devil,18.396,2021-08-17,Untold: Deal with the Devil,6.964,56
"[35, 99]",en,The Original Kings of Comedy,8.797,2000-08-18,The Original Kings of Comedy,6.236,55
[35],en,Best in Show,20.525,2000-09-29,Best in Show,6.888,565
"[18, 10749]",fr,La Femme d'à côté,9.199,1981-09-30,The Woman Next Door,7.1,308
"[16, 14, 12]",ja,ゲド戦記,20.524,2006-07-29,Tales from Earthsea,6.529,1297
"[28, 80]",en,SuperFly,14.456,2018-06-13,SuperFly,6.773,375
[35],en,Drillbit Taylor,15.201,2008-02-04,Drillbit Taylor,5.81,1006
"[18, 10770]",en,The Dresser,8.794,2015-10-31,The Dresser,6.3,77
"[18, 53]",en,Hours,9.203,2013-12-04,Hours,6.632,735
"[28, 16]",ja,コードギアス　亡国のアキト 第4章「憎しみの記憶から」,14.932,2015-07-04,Code Geass: Akito the Exiled 4: Memories of Hatred,5.915,41
"[35, 878, 18]",en,Kaboom,9.45,2010-10-06,Kaboom,5.582,320
[99],ca,Aitana Bonmatí,9.07,2024-04-23,Aitana Bonmatí,0.0,0
"[18, 53, 28]",en,Assault on Wall Street,13.45,2013-06-30,Assault on Wall Street,5.904,460
"[12, 35, 10751, 14, 10770]",en,Halloweentown,18.198,1998-11-10,Halloweentown,6.824,517
"[14, 16, 10751]",zh,龙之谷：精灵王座,18.452,2016-07-31,Throne of Elves,7.567,195
"[35, 10751, 16]",en,Barbie: Epic Road Trip,18.653,2022-10-25,Barbie: Epic Road Trip,6.6,31
"[10749, 18]",th,จันดารา,12.957,2001-09-28,Jan Dara,5.9,42
"[14, 10749]",en,The Map of Tiny Perfect Things,19.71,2021-02-12,The Map of Tiny Perfect Things,7.114,748
"[28, 18, 36, 53, 10752]",en,The Angel,14.637,2018-05-15,The Angel,6.629,295
"[14, 27]",en,Thinner,14.636,1996-10-25,Thinner,5.917,595
"[878, 35, 10751]",en,Short Circuit,14.636,1986-05-09,Short Circuit,6.62,1450
"[18, 53]",hi,A Wednesday!,14.633,2008-09-05,A Wednesday!,6.964,305
"[10749, 35]",en,The Princess Switch,14.632,2018-11-16,The Princess Switch,7.015,2178
"[28, 35, 80]",en,Debt Collectors,14.631,2020-05-29,Debt Collectors,6.177,226
[99],ko,목격자들 2024,14.629,2024-09-29,Witnesses 2024,0.0,0
"[27, 9648, 53]",en,No One Gets Out Alive,14.629,2021-09-29,No One Gets Out Alive,5.9,624
"[18, 36, 10749]",es,Palmeras en la nieve,14.626,2015-12-25,Palm Trees in the Snow,7.395,524
"[18, 14, 27]",en,Dracula's Daughter,14.625,1936-05-11,Dracula's Daughter,5.9,180
"[28, 53]",en,Hard Target 2,14.624,2016-07-14,Hard Target 2,6.063,246
"[28, 12, 10751, 35, 10402]",en,Muppet Treasure Island,14.623,1996-02-16,Muppet Treasure Island,6.6,382
"[28, 80, 878, 53]",en,Virtuosity,14.623,1995-08-04,Virtuosity,5.475,526
"[18, 28, 53, 80]",en,The Contract,14.623,2006-04-05,The Contract,5.723,492
"[28, 12, 53]",en,Blackout,14.621,2022-10-12,Blackout,5.148,145
"[12, 14, 18, 28]",en,In the Name of the King 2: Two Worlds,14.621,2011-11-03,In the Name of the King 2: Two Worlds,3.815,130
"[14, 27, 53]",en,Dagon,14.621,2001-10-12,Dagon,6.117,394
"[28, 80, 18]",en,Death Wish V: The Face of Death,14.62,1994-01-14,Death Wish V: The Face of Death,5.543,270
"[35, 18]",en,The Estate,14.619,2022-11-04,The Estate,5.4,105
"[27, 9648, 53]",en,Candyman,14.619,2021-08-25,Candyman,6.043,1528
"[28, 80, 18]",en,Death Wish V: The Face of Death,11.693,1994-01-14,Death Wish V: The Face of Death,5.543,270
"[35, 18]",en,The Estate,14.97,2022-11-04,The Estate,5.4,105
"[27, 9648, 53]",en,Candyman,12.959,2021-08-25,Candyman,6.043,1528
[27],en,The Babka,8.986,2024-09-29,The Babka,0.0,0
[10749],en,Gabriel's Redemption: Part II,14.277,2023-10-13,Gabriel's Redemption: Part II,7.654,26
"[18, 10752]",en,The Caine Mutiny Court-Martial,20.462,2023-09-03,The Caine Mutiny Court-Martial,6.712,85
"[18, 53]",en,Martha Marcy May Marlene,16.445,2011-10-21,Martha Marcy May Marlene,6.627,727
"[28, 18, 53]",en,Clear and Present Danger,17.192,1994-08-03,Clear and Present Danger,6.646,1477
[53],en,The Pelican Brief,15.692,1993-09-17,The Pelican Brief,6.601,1533
[10749],ko,교회누나,20.454,2018-06-21,Church Sister,8.5,1
"[53, 18]",gl,As bestas,15.714,2022-07-20,The Beasts,7.552,691
"[18, 35]",es,Perfectos desconocidos,9.198,2017-12-01,Perfect Strangers,6.674,631
"[10402, 12, 35]",en,The Court Jester,12.442,1955-12-24,The Court Jester,7.3,181
"[80, 18, 53]",en,End of Watch,20.444,2012-09-20,End of Watch,7.344,3165
"[18, 36]",en,The Robe,15.441,1953-09-16,The Robe,6.8,232
"[18, 36, 10752]",el,Το βλέμμα του Οδυσσέα,8.761,1995-10-12,Ulysses' Gaze,7.4,100
[],en,Protect the Children,8.76,2024-09-29,Protect the Children,0.0,0
"[27, 35]",en,Bordello of Blood,15.94,1996-08-16,Bordello of Blood,5.901,370
"[28, 12, 10752]",ja,キングダム2 遥かなる大地へ,14.753,2022-07-15,Kingdom 2: Far and Away,7.086,93
[99],en,9to5: Days in Porn,12.122,2008-08-24,9to5: Days in Porn,5.815,81
"[27, 9648]",pt,A Semente do Mal,14.593,2024-01-18,Amelia’s Children,6.292,84
[99],en,Black Adam: Saviour or Destroyer?,14.592,2022-10-15,Black Adam: Saviour or Destroyer?,7.0,409
"[18, 10749, 35]",zh,小时代1：折纸时代,14.592,2013-06-27,Tiny Times,4.254,61
"[18, 53]",en,End of the Road,14.591,2022-09-09,End of the Road,6.1,313
"[16, 10751, 14]",en,Monster High: Escape from Skull Shores,14.591,2012-02-16,Monster High: Escape from Skull Shores,7.667,99
"[35, 10749]",pl,Porno,14.591,1990-01-26,Porno,7.083,36
"[18, 10749]",en,Third Person,14.59,2014-06-20,Third Person,5.9,590
"[35, 10749, 18]",en,The Switch,14.59,2010-05-11,The Switch,6.224,1857
"[28, 18]",fr,Michel Vaillant,14.59,2003-11-08,Michel Vaillant,5.448,163
"[53, 28, 80]",en,The Silencing,14.589,2020-07-18,The Silencing,6.467,668
"[18, 80]",it,Il bidone,14.589,1955-10-07,The Swindle,7.3,199
"[18, 878]",en,Downsizing,14.588,2017-12-22,Downsizing,5.363,3766
"[80, 53, 28]",ko,추격자,14.588,2008-02-14,The Chaser,7.759,1306
"[28, 80, 53]",en,Wheelman,14.587,2017-10-20,Wheelman,6.103,616
[18],en,In America,14.586,2003-10-31,In America,7.174,333
"[18, 10749]",en,For Love of the Game,14.586,1999-09-17,For Love of the Game,6.46,410
"[18, 28]",cn,激戰,14.584,2013-08-15,Unbeatable,6.852,88
"[16, 35]",cs,Kozí příběh – Pověsti staré Prahy,14.584,2008-10-16,Goat Story,4.5,16
"[878, 12]",ru,Обитаемый остров,14.584,2008-12-18,The Inhabited Island,5.445,100
"[80, 28, 35, 18]",cn,奇蹟,14.583,1989-06-15,Miracles: The Canton Godfather,7.1,158
"[16, 35]",cs,Kozí příběh – Pověsti staré Prahy,8.75,2008-10-16,Goat Story,4.5,16
"[878, 12]",ru,Обитаемый остров,11.44,2008-12-18,The Inhabited Island,5.445,100
"[80, 28, 35, 18]",cn,奇蹟,15.687,1989-06-15,Miracles: The Canton Godfather,7.1,158
"[10751, 35]",en,The Brady Bunch Movie,10.437,1995-02-16,The Brady Bunch Movie,6.1,283
"[28, 12, 16, 878]",en,Justice League: Crisis on Two Earths,15.939,2010-02-23,Justice League: Crisis on Two Earths,7.312,693
"[14, 12, 28]",en,Dragon Knight,13.707,2022-03-21,Dragon Knight,6.3,50
"[27, 18, 53]",en,Mischief Night,8.747,2013-10-30,Mischief Night,4.995,94
"[18, 878, 53]",en,The Astronaut's Wife,13.938,1999-08-27,The Astronaut's Wife,5.595,896
"[18, 10749, 35, 10770]",en,When Calls the Heart,8.746,2013-10-05,When Calls the Heart,6.927,48
[18],ru,Географ глобус пропил,9.69,2013-07-26,The Geographer Drank His Globe Away,6.7,101
"[35, 14, 10751]",de,Die Schule der magischen Tiere 3,8.746,2024-09-26,Die Schule der magischen Tiere 3,6.0,1
[37],en,Chisum,9.186,1970-07-23,Chisum,6.7,177
"[9648, 27, 53]",en,The Grudge 3,11.688,2009-05-12,The Grudge 3,5.4,574
[16],pt,Placa-mãe,20.404,2024-10-03,Motherboard,0.0,0
"[16, 14, 28, 10749, 35]",ja,劇場版 美少女戦士セーラームーンSuperS セーラー9戦士集結！ブラック・ドリーム・ホールの奇跡,15.936,1995-12-23,Sailor Moon SuperS: The Movie: Black Dream Hole,7.891,138
"[37, 10752, 18, 10749]",en,They Died with Their Boots On,13.687,1941-11-20,They Died with Their Boots On,6.6,105
"[35, 99, 28]",en,Jackass 3D,12.938,2010-10-15,Jackass 3D,6.615,1336
[27],it,Dèmoni,19.436,1985-10-04,Demons,6.596,545
"[27, 18, 53]",id,Kuyang: Sekutu Iblis Yang Selalu Mengintai,20.401,2024-03-07,Kuyang,5.833,12
"[16, 10751, 12, 28, 35, 18]",ja,ポケモン・ザ・ムービーXY 破壊の繭とディアンシー,15.189,2014-07-19,Pokémon the Movie: Diancie and the Cocoon of Destruction,6.636,177
"[16, 10751, 12, 28, 35, 18]",ja,ポケモン・ザ・ムービーXY 破壊の繭とディアンシー,15.189,2014-07-19,Pokémon the Movie: Diancie and the Cocoon of Destruction,6.636,177
"[16, 35, 10751, 27]",en,Mater and the Ghostlight,20.188,2006-07-27,Mater and the Ghostlight,6.215,431
"[27, 53]",en,Winnie-the-Pooh: Blood and Honey 3,14.185,,Winnie-the-Pooh: Blood and Honey 3,0.0,0
"[35, 10751]",en,Beverly Hills Chihuahua 3: Viva la Fiesta!,12.438,2012-09-03,Beverly Hills Chihuahua 3: Viva la Fiesta!,6.3,257
"[18, 35, 10751, 10402]",en,Emmet Otter's Jug-Band Christmas,8.74,1977-12-04,Emmet Otter's Jug-Band Christmas,7.1,66
"[53, 27, 35]",ja,神さまの言うとおり,12.689,2014-11-15,As the Gods Will,7.17,485
"[35, 80]",en,Deal of the Century,8.74,1983-11-04,Deal of the Century,4.6,53
[35],es,Menudas piezas,15.899,2024-04-12,Checkmates,7.211,45
"[99, 27, 12, 9648]",en,Sam and Colby: The Legends of the Paranormal,20.39,2024-10-03,Sam and Colby: The Legends of the Paranormal,0.0,0
"[16, 10751, 878, 12, 35]",zh,熊出没·重返地球,20.39,2022-02-01,Boonie Bears: Back to Earth,6.3,15
"[35, 12]",fr,Tintin et le Mystère de la Toison d'or,9.196,1961-12-06,Tintin and the Mystery of the Golden Fleece,6.103,92
"[53, 18]",en,The Experiment,15.437,2010-07-15,The Experiment,6.384,1193
"[28, 80]",hi,धूम ३,13.438,2013-12-19,Dhoom 3,6.045,277
"[18, 80, 53]",en,Sleeping with the Enemy,16.934,1991-01-13,Sleeping with the Enemy,6.498,1052
"[28, 80, 53]",en,Foxy Brown,11.434,1974-04-05,Foxy Brown,6.249,209
"[80, 18, 9648]",ko,마더,16.935,2009-05-28,Mother,7.725,1445
"[18, 10752]",en,The Zookeeper,8.733,2001-11-22,The Zookeeper,6.6,14
"[18, 10749]",fr,Une femme mariée: Suite de fragments d'un film tourné en 1964,13.934,1964-12-04,The Married Woman,6.97,118
[18],fr,Mommy,13.937,2014-09-19,Mommy,8.235,2689
"[18, 10749, 12]",it,Emanuelle nera: Orient reportage,20.37,1976-05-07,Emanuelle in Bangkok,4.469,49
"[28, 53]",fr,Subway,20.37,1985-04-10,Subway,6.5,437
"[9648, 80, 53]",en,The Long Goodbye,12.183,1973-03-08,The Long Goodbye,7.4,616
[18],tl,Tubero,14.549,2022-10-21,Tubero,4.8,5
"[18, 10749]",en,Wuthering Heights,10.935,2011-09-09,Wuthering Heights,5.901,232
"[28, 16, 12, 35]",ja,ＯＮＥ ＰＩＥＣＥ（ワンピース） エピソードオブチョッパー＋冬に咲く、奇跡の桜,13.184,2008-03-01,"One Piece: Episode of Chopper Plus: Bloom in the Winter, Miracle Cherry Blossom",7.1,134
[35],en,Carry On Constable,8.728,1960-02-22,Carry On Constable,6.4,52
"[28, 18, 36]",zh,投名狀,19.434,2007-12-12,The Warlords,6.752,318
"[18, 14]",en,A Ghost Story,18.687,2017-04-24,A Ghost Story,7.103,2277
"[10749, 18, 14]",ko,지금 만나러 갑니다,14.688,2018-03-14,Be with You,8.2,197
[18],en,Palo Alto,14.542,2014-05-09,Palo Alto,6.1,847
"[14, 35, 18, 10749]",en,Arizona Dream,14.931,1993-01-06,Arizona Dream,7.181,662
"[35, 10751]",en,Thunderstruck,9.434,2012-08-24,Thunderstruck,6.094,233
"[12, 28, 27]",en,The Dinosaur Project,19.184,2012-08-09,The Dinosaur Project,5.718,293
[35],fr,Opération Portugal,8.723,2021-06-23,Operation Portugal,5.028,90
"[10402, 18, 10749]",en,I Still Believe,11.942,2020-03-12,I Still Believe,7.611,1160
"[53, 10770]",en,Infidelity in Suburbia,12.687,2017-02-25,Infidelity in Suburbia,6.313,144
[10749],ko,가슴 큰 태희,14.536,2020-02-27,Bosomy Tae-hee,6.5,4
[18],ja,憚り天使,11.801,1999-06-01,Angel in the Toilet,4.5,4
[28],hi,शोले,10.93,1975-08-15,Sholay,6.991,267
"[18, 10749]",en,Notes on a Scandal,17.682,2006-12-25,Notes on a Scandal,7.085,871
"[35, 27]",cs,Šílení,8.719,2005-11-17,Lunacy,6.9,67
"[18, 10751, 14]",it,Pinocchio,15.94,2019-12-19,Pinocchio,6.573,1487
"[10751, 35]",en,Playing with Fire,14.69,2019-11-08,Playing with Fire,6.617,678
[18],en,Woodlawn,12.434,2015-10-15,Woodlawn,6.892,185
"[18, 36]",en,On the Basis of Sex,17.687,2018-12-25,On the Basis of Sex,7.398,1007
"[35, 10751]",en,Fathers' Day,13.429,1997-05-09,Fathers' Day,5.422,277
"[16, 10751, 35, 9648]",es,Inspector Sun y la maldición de la viuda negra,12.459,2022-12-28,Inspector Sun and the Curse of the Black Widow,6.706,143
"[18, 10749]",es,Lucía y el sexo,18.68,2001-08-24,Sex and Lucía,6.658,536
"[35, 10749]",en,Gentlemen Prefer Blondes,16.43,1953-07-14,Gentlemen Prefer Blondes,7.326,946
"[18, 10749, 53]",fr,Une zone à défendre,13.969,2023-06-08,A Place to Fight For,6.699,141
"[28, 14]",zh,异人之下,13.43,2024-07-26,The Traveller,5.4,7
"[53, 9648]",ko,이웃사람,17.451,2012-08-22,The Neighbors,7.28,84
"[37, 12, 28]",en,The Professionals,11.929,1966-11-01,The Professionals,7.085,294
"[28, 10752]",en,USS Indianapolis: Men of Courage,12.933,2016-09-22,USS Indianapolis: Men of Courage,5.869,591
"[27, 9648]",en,The House of the Devil,18.18,2009-10-30,The House of the Devil,6.296,731
"[35, 18]",sv,Hypnosen,20.324,2024-03-08,The Hypnosis,6.4,11
"[9648, 53, 80, 10749]",hi,हसीन दिलरुबा,14.502,2021-07-02,Haseen Dillruba,6.597,77
"[35, 10751, 878]",en,RocketMan,8.709,1997-10-10,RocketMan,5.157,124
"[28, 14]",zh,封神传奇,9.682,2016-07-28,League of Gods,5.609,151
[18],ru,Лев Яшин. Вратарь моей мечты,17.437,2019-11-28,Lev Yashin. The Dream Goalkeeper,7.654,104
"[28, 14]",zh,封神传奇,9.682,2016-07-28,League of Gods,5.609,151
[18],ru,Лев Яшин. Вратарь моей мечты,17.437,2019-11-28,Lev Yashin. The Dream Goalkeeper,7.654,104
"[18, 10749]",en,Queer,18.786,2024-11-27,Queer,0.0,0
"[9648, 878, 53]",en,The X Files,17.178,1998-06-19,The X Files,6.9,1581
"[35, 18, 14, 10749]",en,Stranger Than Fiction,18.428,2006-09-09,Stranger Than Fiction,7.27,2236
"[28, 35, 80]",da,Blinkende lygter,16.927,2000-11-03,Flickering Lights,7.2,193
"[80, 18, 9648]",ja,羅生門,15.677,1950-08-26,Rashomon,8.087,2174
"[16, 12, 14, 878, 35, 10751]",ja,映画ドラえもん のび太の宝島,15.073,2018-03-03,Doraemon: Nobita's Treasure Island,7.2,88
"[35, 18, 10402]",en,Bootmen,8.702,2000-10-05,Bootmen,6.5,43
[18],sv,The Square,20.304,2017-08-25,The Square,6.765,1527
"[14, 10749]",it,Chinese Kamasutra,12.475,1993-01-08,Chinese Kamasutra,5.8,10
"[35, 18, 10751, 10749]",en,Curly Sue,16.925,1991-10-25,Curly Sue,6.412,521
"[16, 35, 10751]",en,Free Birds,17.679,2013-10-30,Free Birds,5.877,764
"[12, 28, 14]",en,The Librarian: Quest for the Spear,16.426,2004-07-12,The Librarian: Quest for the Spear,6.272,624
"[14, 10749, 18]",en,Wicked,13.64,2021-05-27,Wicked,7.956,90
"[80, 18, 9648]",en,Sherlock: The Abominable Bride,12.18,2016-01-01,Sherlock: The Abominable Bride,7.848,2228
"[18, 35]",cn,與鴨共舞,14.105,1992-04-30,Cash on Delivery,3.1,6
"[28, 10752]",en,Missing in Action 2: The Beginning,14.174,1985-03-01,Missing in Action 2: The Beginning,5.782,275
[18],en,Jackie,12.429,2016-12-02,Jackie,6.448,2278
[18],zh,大红灯笼高高挂,13.674,1991-12-18,Raise the Red Lantern,7.944,697
"[28, 18, 36]",cn,葉問4,16.973,2019-12-19,Ip Man 4: The Finale,7.3,1915
"[80, 28, 53]",en,The November Man,14.599,2014-08-27,The November Man,6.116,1447
"[27, 9648, 53]",en,The Relic,19.423,1997-01-10,The Relic,5.971,517
[35],es,Sobreviviendo mis XV,15.834,2023-09-21,Sobreviviendo mis XV,7.4,87
"[28, 80, 10749]",en,Fighting,14.674,2009-04-24,Fighting,5.908,662
"[28, 80, 53]",cn,警察故事,19.422,1985-12-14,Police Story,7.526,860
"[53, 28]",en,Southern Comfort,11.922,1981-09-24,Southern Comfort,6.924,302
"[53, 28]",en,Panama,13.942,2022-03-17,Panama,5.329,149
[],en,The First Hope,12.545,2013-02-20,The First Hope,5.2,4
"[28, 18]",en,Black Eagle,11.171,1988-05-01,Black Eagle,4.952,229
"[35, 14, 878, 10749]",en,Multiplicity,11.671,1996-07-19,Multiplicity,5.752,531
"[878, 14]",en,Marvel One-Shot: A Funny Thing Happened on the Way to Thor's Hammer,14.674,2011-10-25,Marvel One-Shot: A Funny Thing Happened on the Way to Thor's Hammer,6.831,468
"[18, 878, 53]",fr,Dans la brume,12.428,2018-04-04,Just a Breath Away,6.33,773
"[18, 10749]",en,The Piano,17.671,1993-05-18,The Piano,7.382,1453
"[28, 12, 10770]",en,Aquaman,12.383,2006-07-24,Aquaman,6.0,32
"[18, 36]",fr,Des hommes et des dieux,12.673,2010-09-08,Of Gods and Men,6.675,358
[35],en,Bachelor Party,12.171,1984-06-29,Bachelor Party,6.286,634
"[35, 27, 53]",es,Fenómenas,13.956,2023-04-14,Phenomena,5.862,138
"[16, 28, 878]",en,Justice League vs. the Fatal Five,20.255,2019-03-29,Justice League vs. the Fatal Five,6.769,334
[28],zh,三少爷的剑,12.425,2016-12-02,Sword Master,6.43,114
"[18, 35]",it,Anni felici,14.466,2013-10-03,Those Happy Years,6.063,64
[35],fr,Pourris gâtés,14.463,2021-09-15,Spoiled Brats,6.09,514
[12],en,Vikingdom,14.463,2013-09-11,Vikingdom,4.158,73
"[878, 12, 35, 14]",en,Barbarella,14.463,1968-10-10,Barbarella,5.965,717
[18],en,Fancy Dance,14.459,2024-06-21,Fancy Dance,6.8,37
"[35, 16, 12, 28]",ja,金色のガッシュベル!! 101番目の魔物,14.458,2004-07-09,Zatch Bell! 101st Devil,6.5,79
[27],en,Eraserhead,14.458,1977-09-28,Eraserhead,7.365,2368
[37],en,The Man Who Shot Liberty Valance,14.457,1962-04-13,The Man Who Shot Liberty Valance,7.787,1107
"[18, 36]",en,Gorillas in the Mist,14.457,1988-09-23,Gorillas in the Mist,6.977,575
"[16, 10751, 35]",en,Surf's Up 2: WaveMania,14.456,2017-01-26,Surf's Up 2: WaveMania,6.077,266
"[80, 53]",en,Mr. Brooks,14.456,2007-06-01,Mr. Brooks,6.925,1663
[18],ko,기적,14.454,2021-09-15,Miracle: Letters to the President,7.42,50
[18],fr,"Va, vis et deviens",14.452,2005-03-30,Live and Become,7.5,178
"[18, 53, 36]",en,The Good Shepherd,14.448,2006-12-11,The Good Shepherd,6.334,1128
"[18, 10749]",it,La bonne,14.447,1986-04-17,The Corruption,5.065,31
[18],pt,Ninguém é de Ninguém,14.443,2023-04-20,Nobody Belongs to Nobody,7.633,15
"[16, 18]",ja,100日間生きたワニ,14.443,2021-07-09,A Crocodile Who Lived for 100 Days,8.0,2
"[28, 80, 18, 53]",en,Ninja,14.443,2010-03-15,Ninja,6.114,333
[53],en,A Stalker in the House,14.442,2021-11-06,A Stalker in the House,5.6,8
"[18, 53, 27]",en,Secret Obsession,14.442,2019-07-18,Secret Obsession,5.479,1076
"[28, 80, 18, 53]",en,Ninja,16.418,2010-03-15,Ninja,6.114,333
[53],en,A Stalker in the House,13.173,2021-11-06,A Stalker in the House,5.6,8
"[18, 53, 27]",en,Secret Obsession,15.675,2019-07-18,Secret Obsession,5.479,1076
"[35, 18]",fr,Les Grands Esprits,13.422,2017-09-13,The Teacher,6.548,200
"[10749, 53]",ml,നീലാകാശം പച്ചക്കടൽ ചുവന്ന ഭൂമി,8.665,2013-08-09,Neelakasham Pachakadal Chuvanna Bhoomi,7.0,47
"[27, 53]",en,Don't Look Away,20.215,2023-09-01,Don't Look Away,4.804,23
"[37, 28, 18]",en,Surrounded,12.501,2023-04-02,Surrounded,6.083,60
"[27, 53]",it,Inferno,15.166,1980-02-07,Inferno,6.658,592
"[37, 35]",en,The Ridiculous 6,14.67,2015-12-11,The Ridiculous 6,5.19,1386
"[10749, 18]",tl,Un/Happy for You,12.351,2024-08-14,Un/Happy for You,7.0,1
[28],en,Scarlett,15.058,2020-12-01,Scarlett,7.024,21
"[10749, 18]",ko,인민을 위해 복무하라,17.865,2022-02-23,Serve the People,6.339,31
"[28, 80, 53]",en,Knock Off,13.916,1998-09-04,Knock Off,5.33,353
"[18, 10749, 10770]",en,The Roman Spring of Mrs. Stone,10.546,2003-05-04,The Roman Spring of Mrs. Stone,6.4,21
[27],en,The Haunting,19.666,1963-08-21,The Haunting,7.1,612
[99],de,Unendlicher Raum,20.201,2024-10-03,Infinite Place,0.0,0
"[28, 35]",fr,RAID Dingue,8.657,2017-02-01,R.A.I.D. Special Unit,5.719,890
"[18, 10749]",ja,ラブレター,14.164,1995-03-25,Love Letter,7.719,194
"[878, 12, 28]",en,Robot Overlords,10.168,2014-10-18,Robot Overlords,4.835,257
"[18, 36, 53]",en,Maze,9.16,2017-09-22,Maze,5.8,83
"[18, 53]",en,Death and the Maiden,13.413,1994-05-04,Death and the Maiden,7.143,489
"[10752, 36, 10749]",en,The Pride and the Passion,8.804,1957-07-10,The Pride and the Passion,5.9,38
[16],de,UMMI UND ZAKI,8.956,2024-09-29,UMMI UND ZAKI,0.0,0
"[12, 10751]",en,Treasure Buddies,11.416,2012-01-31,Treasure Buddies,6.1,111
"[35, 878, 12]",en,Bill & Ted Face the Music,12.924,2020-08-27,Bill & Ted Face the Music,5.918,918
"[878, 28, 12, 53]",zh,机器之血,17.919,2017-12-18,Bleeding Steel,5.9,497
"[28, 80, 27, 878]",en,Split Second,11.912,1992-05-01,Split Second,5.91,305
"[12, 10751, 878]",en,Mysterious Island,17.663,1961-12-19,Mysterious Island,6.5,181
"[18, 10752, 36]",zh,志愿军：雄兵出击,15.355,2023-09-28,The Volunteers: To the War,6.154,13
[14],en,Dragonheart 3: The Sorcerer's Curse,13.916,2015-02-24,Dragonheart 3: The Sorcerer's Curse,5.379,240
[],en,Ang Huling Sayaw,8.705,2024-09-29,The Last Checkout,0.0,0
"[16, 10751, 12]",en,Pooh's Grand Adventure: The Search for Christopher Robin,16.913,1997-08-05,Pooh's Grand Adventure: The Search for Christopher Robin,7.2,352
"[14, 27]",en,Wicked Little Things,12.163,2006-11-17,Wicked Little Things,5.733,252
"[35, 10749, 18]",en,Working Girl,13.661,1988-12-20,Working Girl,6.597,931
[99],ko,바로 지금 여기,8.96,2024-09-29,All that saves us,0.0,0
"[12, 16, 10751, 14]",en,Trolls Holiday,13.166,2017-11-01,Trolls Holiday,6.683,478
"[35, 18, 10749]",en,The Shop Around the Corner,12.911,1940-01-12,The Shop Around the Corner,8.173,707
"[35, 10749]",ko,여선생2,10.448,2018-12-18,Schoolmistress 2,6.0,1
"[10749, 18, 35]",en,Drinking Buddies,11.663,2013-08-23,Drinking Buddies,5.929,791
[35],en,The Secret of My Success,12.91,1987-04-10,The Secret of My Success,6.458,614
"[16, 28, 878]",ja,ニンジャバットマン,14.917,2018-06-15,Batman Ninja,5.795,835
"[10752, 18]",en,The Exception,13.166,2017-06-02,The Exception,6.944,417
"[16, 14, 28, 53, 878, 27]",en,Hellboy Animated: Sword of Storms,10.912,2006-10-28,Hellboy Animated: Sword of Storms,6.195,113
[28],en,Riot,13.664,2015-09-27,Riot,5.646,178
"[14, 18, 53, 878]",en,Tideland,12.16,2005-09-09,Tideland,6.489,540
"[14, 35, 10751]",en,The Kid,15.16,2000-07-07,The Kid,6.717,986
"[53, 80, 18]",en,New Jack City,17.159,1991-03-08,New Jack City,6.603,513
"[10770, 53, 18]",en,Seeds of Yesterday,11.663,2015-04-12,Seeds of Yesterday,6.544,103
"[35, 878]",fr,Le Gendarme et les Extra-terrestres,16.909,1979-01-31,The Gendarme and the Creatures from Outer Space,6.089,594
"[12, 35, 10751, 14, 10770]",en,Halloweentown High,14.91,2004-10-08,Halloweentown High,6.546,291
"[18, 14, 53]",de,Freaks - Du bist eine von uns,19.171,2020-09-02,Freaks – You're One of Us,5.6,330
"[80, 53]",en,Arkansas,9.92,2020-05-05,Arkansas,5.8,307
"[28, 12, 16, 14, 878]",en,Wonder Woman,11.161,2009-03-03,Wonder Woman,7.179,546
"[80, 18, 35]",en,The Laundromat,13.667,2019-09-27,The Laundromat,6.0,1190
"[80, 18]",en,The Man Who Wasn't There,16.159,2001-10-26,The Man Who Wasn't There,7.527,1543
"[35, 878, 10749, 14]",en,Robots,12.945,2023-04-26,Robots,5.62,200
"[28, 80, 18, 53]",en,Black and Blue,15.667,2019-10-25,Black and Blue,6.793,846
"[37, 9648]",en,Murder at Yellowstone City,14.72,2022-06-24,Murder at Yellowstone City,5.5,68
"[18, 36]",en,Elizabeth,13.908,1998-09-13,Elizabeth,7.169,1359
"[10749, 28, 18]",zh,绣春刀,20.129,2014-08-07,Brotherhood of Blades,6.683,156
"[18, 36]",en,Elizabeth,13.908,1998-09-13,Elizabeth,7.169,1359
"[10749, 28, 18]",zh,绣春刀,20.129,2014-08-07,Brotherhood of Blades,6.683,156
"[27, 53]",id,Kutukan Calon Arang,20.128,2024-10-03,Kutukan Calon Arang,0.0,0
"[16, 9648]",ja,名探偵コナン 水平線上の陰謀,12.658,2005-04-09,Detective Conan: Strategy Above the Depths,6.9,127
[35],en,Go to Blazes,8.624,1962-04-18,Go to Blazes,6.3,9
"[35, 18]",fr,Chacun son cinema ou Ce petit coup au coeur quand la lumiere s'eteint et que le film commence,12.658,2007-10-31,To Each His Own Cinema,6.473,129
"[28, 12, 35]",zh,功夫灌篮,13.408,2008-02-07,Kung Fu Dunk,5.896,227
[18],en,House of Sand and Fog,16.657,2003-12-19,House of Sand and Fog,7.141,743
"[16, 28, 12, 35, 14]",ja,劇場版 FAIRY TAIL 鳳凰の巫女,13.909,2012-08-18,Fairy Tail: Phoenix Priestess,7.255,212
"[18, 36, 10752]",en,"Goodnight, Mister Tom",8.623,1998-10-25,"Goodnight, Mister Tom",6.919,68
"[18, 10749]",zh,热带雨,16.126,2019-11-22,Wet Season,6.5,32
[18],it,Loro,20.118,2018-09-13,Loro,6.693,292
[18],en,Tucker: The Man and His Dream,12.906,1988-08-12,Tucker: The Man and His Dream,6.718,376
"[28, 12, 14, 53]",en,Lara Croft: Tomb Raider - The Cradle of Life,13.585,2003-07-21,Lara Croft: Tomb Raider - The Cradle of Life,5.746,4144
"[18, 10749, 80]",en,West Side Story,16.673,2021-12-08,West Side Story,7.001,1524
"[28, 35, 80]",en,K-9,20.115,1989-04-28,K-9,6.141,949
"[10749, 18]",fr,Un amour de femme,17.836,2001-05-31,A Woman's Love,5.4,31
"[35, 27, 14]",en,Idle Hands,17.406,1999-04-30,Idle Hands,6.16,642
"[18, 28]",ta,சூரரைப் போற்று,17.698,2024-10-06,Soorarai Pottru,0.0,0
"[35, 10749]",en,Guess Who,19.406,2005-03-25,Guess Who,5.976,893
"[80, 18, 53]",en,The Boys Next Door,13.484,1986-03-14,The Boys Next Door,6.2,86
"[27, 18, 53]",en,The Seventh Sign,12.154,1988-04-01,The Seventh Sign,6.0,339
"[35, 18]",cs,Sedmikrásky,8.617,1966-12-30,Daisies,7.33,358
"[28, 14, 80]",fi,Rendel,20.104,2017-09-22,Rendel,5.535,241
"[28, 53]",en,The Mechanic,14.404,1972-10-06,The Mechanic,6.72,280
"[18, 10749]",es,Un amor,10.654,2023-11-10,Un amor,6.3,23
"[18, 36, 10749]",de,Eismayer,8.615,2022-10-28,Eismayer,6.958,36
"[16, 12, 14]",ja,デジモンアドベンチャー02 THE BEGINNING,13.279,2023-04-01,Digimon Adventure 02: The Beginning,7.054,28
"[27, 9648, 53]",it,L'uccello dalle piume di cristallo,13.404,1970-02-27,The Bird with the Crystal Plumage,7.184,743
"[12, 27, 28]",en,Primeval,16.656,2007-01-12,Primeval,6.045,392
"[80, 28, 53]",ko,협상,20.098,2018-09-19,The Negotiation,7.053,142
"[18, 14, 27, 10749]",fr,La Bête,13.903,1975-08-20,The Beast,5.417,156
"[878, 80, 53]",cs,Bod obnovy,15.675,2023-09-21,Restore Point,6.1,49
"[36, 18, 28]",ja,Fukushima 50,9.163,2020-03-06,Fukushima 50,6.39,164
"[18, 10749]",en,The Great Gatsby,15.403,1974-03-27,The Great Gatsby,6.323,468
"[18, 28, 53, 80]",hi,धूम २,16.405,2006-11-24,Dhoom 2,6.538,240
"[878, 16, 28]",en,Teen Titans: The Judas Contract,16.409,2017-03-31,Teen Titans: The Judas Contract,7.383,690
"[18, 27, 14]",es,Tenemos la carne,11.158,2016-02-02,We Are the Flesh,5.097,103
"[53, 878]",en,Autómata,16.32,2014-10-09,Automata,5.852,1620
"[35, 18, 10749]",en,100 Girls,13.404,2000-09-01,100 Girls,5.795,446
"[18, 10749]",it,La prima notte di quiete,14.344,1972-10-18,Indian Summer,7.547,129
"[10770, 18, 53, 14]",en,The Devil's Arithmetic,14.343,1999-03-28,The Devil's Arithmetic,6.8,95
"[28, 18, 53]",en,Airport,14.343,1970-03-25,Airport,6.408,377
[18],es,La última noche de Sandra M.,14.342,2023-12-15,The Last Night of Sandra M.,5.9,15
"[18, 10749]",fr,Matthias & Maxime,14.341,2019-10-09,Matthias & Maxime,7.1,461
[18],fr,Choses secrètes,14.341,2002-10-16,Secret Things,5.7,89
[18],en,Shine,14.341,1996-08-15,Shine,7.386,634
[18],ja,夜明けのすべて,14.34,2024-02-09,All the Long Nights,7.8,4
"[28, 53]",en,Blood Out,14.339,2011-04-25,Blood Out,5.245,108
"[10749, 18, 35]",hi,कुछ कुछ होता है,14.338,1998-10-16,Kuch Kuch Hota Hai,7.5,376
"[18, 80]",en,Charlie Says,14.337,2019-05-10,Charlie Says,5.948,211
"[35, 18, 10749]",en,Bend It Like Beckham,14.337,2002-04-11,Bend It Like Beckham,6.311,1861
"[18, 53]",en,Thoroughbreds,14.336,2018-03-09,Thoroughbreds,6.433,1127
"[28, 80, 18, 53]",en,The Brotherhood,14.336,1968-12-01,The Brotherhood,5.789,19
"[28, 12, 14]",en,One Punch Man,14.335,,One Punch Man,0.0,0
"[35, 10749]",en,Five Blind Dates,14.331,2024-02-12,Five Blind Dates,5.4,78
"[99, 10402]",en,WHAM!,14.33,2023-06-27,WHAM!,7.358,67
"[35, 10749]",en,The Layover,14.33,2017-09-01,The Layover,5.38,685
"[9648, 27]",en,The Dark Half,14.33,1993-04-23,The Dark Half,5.963,397
"[18, 14, 10749]",en,The Future,14.328,2011-07-29,The Future,5.985,100
"[28, 12, 53, 10752]",en,Missing in Action,14.328,1984-11-16,Missing in Action,5.843,476
[27],en,The Reaping,14.324,2007-04-05,The Reaping,5.748,802
"[10752, 28, 18]",en,Hamburger Hill,14.323,1987-08-07,Hamburger Hill,6.566,450
"[27, 878]",en,Zygote,14.32,2017-07-12,Zygote,7.022,162
"[27, 35, 878]",en,Bride of Re-Animator,14.32,1990-09-01,Bride of Re-Animator,6.5,435
"[12, 35, 10751]",en,Homeward Bound: The Incredible Journey,14.32,1993-02-03,Homeward Bound: The Incredible Journey,6.953,999
[27],it,Antropophagus,14.319,1980-08-07,Anthropophagous,5.373,165
"[16, 12, 10751, 878]",ja,映画ドラえもん 新・のび太と鉄人兵団 ～はばたけ 天使たち～,14.318,2011-03-05,Doraemon: Nobita and the New Steel Troops: Winged Angels,7.3,70
"[18, 10749]",en,Our Town,14.318,1940-05-24,Our Town,5.7,29
"[35, 80, 18]",en,Madea Goes to Jail,14.318,2009-02-16,Madea Goes to Jail,6.549,183
"[10749, 35]",en,Only You,14.318,1994-03-04,Only You,6.772,501
"[27, 53]",en,The Exorcists,14.314,2023-09-29,The Exorcists,3.7,13
"[28, 80, 18]",hi,कमीने,14.313,2009-08-14,Kaminey,6.742,97
"[18, 12]",pl,IO,14.312,2022-09-30,EO,6.5,316
"[12, 16, 35, 10751, 14, 10770]",en,Tangled: Before Ever After,14.311,2017-03-10,Tangled: Before Ever After,6.808,364
"[18, 9648, 53]",fr,Personal Shopper,14.311,2016-12-14,Personal Shopper,5.9,1201
"[18, 10749, 10770]",en,The Magic of Ordinary Days,14.311,2005-01-30,The Magic of Ordinary Days,7.115,61
"[28, 878, 12]",en,The Fantastic Four,14.311,1994-05-31,The Fantastic Four,4.348,171
"[27, 14]",zh,台湾怪谈,14.309,1986-01-01,Taiwan Ghost Stories,8.0,1
[99],en,War Game,14.308,2024-08-02,War Game,7.0,3
"[28, 878, 12]",en,The Fantastic Four,12.397,1994-05-31,The Fantastic Four,4.348,171
"[27, 14]",zh,台湾怪谈,16.926,1986-01-01,Taiwan Ghost Stories,8.0,1
[99],en,War Game,17.062,2024-08-02,War Game,7.0,3
[35],en,Our Relations,8.585,1936-09-15,Our Relations,6.934,98
"[18, 10749]",en,Burlesque,12.148,2010-11-23,Burlesque,7.196,2211
"[9648, 80, 18]",en,A Soldier's Story,9.146,1984-09-14,A Soldier's Story,6.749,181
"[35, 53, 18]",en,After Hours,13.146,1985-08-16,After Hours,7.5,1447
[99],es,Diego Maradona,20.026,2019-06-14,Diego Maradona,7.45,389
"[80, 9648, 53, 35]",hi,अंधाधुन,20.026,2018-10-05,Andhadhun,7.677,496
"[27, 9648, 53]",en,Slender Man,15.903,2018-05-17,Slender Man,4.294,1975
[18],en,The Hurricane,18.147,1999-09-17,The Hurricane,7.418,1359
"[16, 12, 10751, 14]",fr,La Fameuse Invasion des ours en Sicile,20.023,2019-10-09,The Bears' Famous Invasion of Sicily,7.283,175
"[16, 35]",en,Duck Amuck,20.023,1953-02-28,Duck Amuck,8.105,219
"[35, 80]",en,Pink Flamingos,14.395,1972-03-17,Pink Flamingos,6.177,483
[16],en,Torchlighters: The Augustine Story,15.149,2013-12-12,Torchlighters: The Augustine Story,0.0,0
[99],en,Living with Leopards,20.017,2024-05-09,Living with Leopards,7.813,16
"[16, 12, 14, 10751]",fr,Arthur 3: la guerre des deux mondes,17.647,2010-08-22,Arthur 3: The War of the Two Worlds,5.788,1510
"[18, 10749]",en,Like It Is,8.579,1998-04-17,Like It Is,5.963,27
"[53, 80]",en,The Stranger,11.396,1946-07-02,The Stranger,7.2,566
"[28, 12, 35]",en,Firewalker,12.395,1986-11-21,Firewalker,5.247,168
"[18, 53, 9648]",fr,Sex Doll,13.4,2016-12-07,Sex Doll,5.743,138
[27],de,Old People,10.67,2022-10-07,Old People,5.621,284
"[18, 878, 10749]",zh,2046,13.395,2004-10-29,2046,7.215,878
[28],fr,Overdose,14.671,2022-11-04,Overdose,6.6,171
"[28, 53]",en,Trauma Center,11.404,2019-12-06,Trauma Center,5.508,372
"[878, 28, 12, 53]",en,Kin,13.151,2018-08-29,Kin,6.14,811
"[12, 36, 28, 14]",zh,天將雄師,16.648,2015-02-19,Dragon Blade,6.364,556
"[28, 18, 14]",zh,滿城盡帶黃金甲,18.645,2006-12-14,Curse of the Golden Flower,6.833,716
"[27, 53]",en,GirlHouse,10.147,2014-10-16,GirlHouse,5.967,289
"[12, 35, 28, 80]",en,The Chase,19.999,1994-03-04,The Chase,5.749,344
"[28, 53]",en,The Doorman,15.154,2020-10-01,The Doorman,5.814,406
"[18, 53]",en,Missionary,8.568,2013-08-25,Missionary,5.1,22
"[12, 35, 16, 10751]",en,The Secret Life of Pets,14.259,2016-06-18,The Secret Life of Pets,6.283,7985
"[80, 18, 53]",en,Deadfall,11.145,2012-11-08,Deadfall,5.964,661
[18],en,Confessions of a Young American Housewife,10.362,1974-06-11,Confessions of a Young American Housewife,5.792,24
"[12, 10749, 35]",en,Fool's Gold,15.144,2008-02-07,Fool's Gold,5.742,1443
"[53, 10749, 9648]",en,Notorious,16.643,1946-08-21,Notorious,7.8,1572
"[35, 18]",fr,Première année,8.566,2018-09-12,The Freshmen,6.711,681
"[10749, 35, 18]",en,The Cutting Edge,14.641,1992-03-27,The Cutting Edge,7.2,329
"[35, 18]",en,Then Came You,13.899,2018-12-05,Then Came You,7.408,471
"[18, 10749]",hi,मोहब्बतें,15.892,2000-10-27,Mohabbatein,7.0,235
"[16, 10751, 12, 35]",ru,Большое путешествие. Специальная доставка,13.057,2022-10-07,Big Trip 2: Special Delivery,6.6,88
[35],fr,Irréductible,13.663,2022-06-29,Employee of the Month,5.936,235
"[18, 10749]",ko,타부: 금지된 사랑,19.977,2015-09-03,Taboo: Forbidden Love,7.5,4
"[18, 80]",tl,Hugot,8.742,2023-06-30,Hugot,3.5,2
[18],hi,M.S. Dhoni: The Untold Story,10.145,2016-09-30,M.S. Dhoni: The Untold Story,7.169,166
"[18, 10751, 14]",en,A Little Princess,13.89,1995-05-10,A Little Princess,7.646,947
"[18, 35, 10770]",en,Lemonade Mouth,14.143,2011-04-15,Lemonade Mouth,7.438,1037
"[27, 53, 28]",en,Til Death Do Us Part,12.255,2023-08-03,Til Death Do Us Part,5.87,69
"[80, 9648, 53]",en,Unlawful Entry,12.39,1992-06-26,Unlawful Entry,6.208,293
"[878, 28, 53, 14]",en,Left Behind: Rise of the Antichrist,13.99,2023-01-26,Left Behind: Rise of the Antichrist,4.9,19
[35],en,Night School,15.147,2018-09-27,Night School,6.165,1641
"[28, 12, 14]",en,Highlander: Endgame,16.14,2000-09-01,Highlander: Endgame,4.809,396
"[10751, 12, 35, 18]",en,Babe: Pig in the City,15.39,1998-11-25,Babe: Pig in the City,5.606,1217
[27],en,47 Meters Down,16.645,2017-05-25,47 Meters Down,5.802,2697
"[18, 36]",en,Shooting Stars,13.428,2023-06-02,Shooting Stars,7.929,133
"[16, 14, 12]",ja,雨を告げる漂流団地,14.164,2022-09-09,Drifting Home,7.4,271
"[28, 80, 18, 53]",en,Best Seller,8.555,1987-09-25,Best Seller,5.983,121
[18],en,The Believer,19.963,2001-08-23,The Believer,6.865,591
"[16, 12, 35]",en,Curious George: Cape Ahoy,8.646,2021-09-30,Curious George: Cape Ahoy,4.0,8
"[16, 9648, 28, 80]",en,"Batman: The Long Halloween, Part Two",14.905,2021-07-26,"Batman: The Long Halloween, Part Two",7.423,499
"[18, 35]",zh,我不是药神,14.256,2018-07-06,Dying to Survive,8.065,170
"[16, 28, 12, 35, 14, 10749]",ja,劇場版 ダンジョンに出会いを求めるのは間違っているだろうか -オリオンの矢-,13.396,2019-02-15,Is It Wrong to Try to Pick Up Girls in a Dungeon?: Arrow of the Orion,7.788,245
"[35, 18, 10749]",en,A Good Year,12.64,2006-09-09,A Good Year,6.666,1472
"[18, 53]",es,Código Emperador,14.251,2022-03-18,Code Name: Emperor,5.847,160
"[35, 14, 10749]",ja,最近、妹のようすがちょっとおかしいんだが,14.251,2014-05-17,"Recently, My Sister is Unusual",6.914,58
"[53, 16, 28, 80]",en,Batman: Assault on Arkham,10.391,2014-08-12,Batman: Assault on Arkham,7.319,1102
"[35, 9648]",en,The Trouble with Harry,15.388,1955-10-03,The Trouble with Harry,6.994,811
"[28, 12, 878]",en,Stargate: Continuum,16.139,2008-07-29,Stargate: Continuum,7.108,502
"[27, 35]",en,Fright Night,14.245,2011-08-18,Fright Night,6.227,1902
"[28, 18, 53]",en,The Concorde... Airport '79,10.387,1979-08-17,The Concorde... Airport '79,4.7,176
[35],en,Role Models,12.389,2008-11-07,Role Models,6.479,1855
"[10749, 35]",fr,Happy Nous Year,15.427,2022-12-28,Stuck with You,4.619,67
[18],en,Living,14.243,2022-11-04,Living,7.021,381
"[878, 28, 18, 14]",en,Soldier,13.387,1998-10-23,Soldier,6.398,829
[99],es,Mi pecho está lleno de centellas,14.242,2024-09-29,My chest is full of sparks,0.0,0
"[80, 53, 9648]",es,Ofrenda a la tormenta,14.242,2020-07-24,Offering to the Storm,6.477,303
"[18, 14, 878]",en,Colossal,14.241,2017-04-06,Colossal,6.282,2035
[18],en,Big Eyes,14.241,2014-12-24,Big Eyes,6.982,3437
"[18, 53]",ja,砂の女,13.887,1964-02-15,Woman in the Dunes,8.208,435
"[18, 14, 878]",en,Colossal,15.642,2017-04-06,Colossal,6.282,2035
[18],en,Big Eyes,15.64,2014-12-24,Big Eyes,6.982,3437
"[18, 53]",ja,砂の女,13.887,1964-02-15,Woman in the Dunes,8.208,435
"[35, 18]",en,Carnage,9.639,2011-09-16,Carnage,7.175,2878
"[10749, 18]",ko,맛있는 섹스 그리고 사랑,13.346,2003-06-27,Sweet Sex and Love,5.6,32
"[18, 80, 36]",en,Bad Education,19.928,2019-09-08,Bad Education,6.745,657
"[18, 9648, 878]",en,The Boys from Brazil,14.385,1978-10-05,The Boys from Brazil,6.7,380
"[28, 14, 27]",de,Krabat,9.887,2008-09-07,Krabat,5.95,201
"[28, 35, 53, 18]",it,Piedone a Hong Kong,19.922,1975-03-28,Flatfoot in Hong Kong,6.145,131
"[18, 10749]",hi,"लव, सितारा",13.377,2024-09-27,"Love, Sitara",4.0,1
"[14, 878, 35]",en,Sorry to Bother You,15.391,2018-07-06,Sorry to Bother You,6.8,1528
"[28, 12, 35, 10751]",en,Agent Cody Banks,15.885,2003-03-14,Agent Cody Banks,5.5,1065
"[12, 16, 35, 10751]",en,The Land Before Time IV: Journey Through the Mists,10.633,1996-11-01,The Land Before Time IV: Journey Through the Mists,6.191,328
"[16, 18]",ja,ハイキュー!! 終わりと始まり,14.717,2015-07-03,Haikyuu!! The Movie: The End and the Beginning,8.625,36
"[80, 18, 53]",en,Dogville,12.884,2003-05-21,Dogville,7.779,2374
"[18, 10749]",ko,딸래미들,15.652,2022-02-25,Little Daughters,0.0,0
[99],ja,メンエスでしようよ 三上悠亜,19.895,2022-05-06,Let’s Do It At A Men’s Massage Parlor. Yua Mikami,5.0,1
"[9648, 53, 27]",en,Diabolique,12.882,1996-03-22,Diabolique,5.518,283
"[16, 35, 18, 14, 10749]",ja,AURA ～魔竜院光牙最後の闘い～,8.526,2013-04-13,Aura: Koga Maryuin's Last War,6.4,35
"[18, 10402, 10749]",en,A Star Is Born,19.894,1954-10-01,A Star Is Born,7.1,291
"[28, 80, 18, 53]",en,Death Sentence,14.207,2007-08-31,Death Sentence,6.755,1121
[27],en,Those Who Call,14.205,2021-12-10,Those Who Call,4.529,17
"[18, 99]",es,Héctor el Father: Conocerás la verdad,14.205,2018-03-22,Héctor el Father: Conocerás la verdad,7.864,107
"[878, 18, 53]",en,Primer,14.204,2004-10-08,Primer,6.77,2116
"[878, 28, 9648, 18]",en,The 6th Day,14.204,2000-11-17,The 6th Day,5.977,1990
[35],en,Friday After Next,14.202,2002-11-22,Friday After Next,6.3,400
[18],ro,Pororoca,14.2,2018-01-19,Pororoca,7.2,34
[],ja,ネオ チンピラ 続 鉄砲玉ぴゅ～,14.198,1991-04-12,Neo Chinpira 2: Zoom Goes the Bullet,0.0,0
"[28, 80]",en,Red Heat,14.198,1988-06-17,Red Heat,6.223,1423
"[18, 27, 53]",en,The Eye,14.198,2008-02-01,The Eye,5.828,1022
"[99, 10752]",ko,고지 위의 소년들,14.197,2024-09-29,Boys on the Hill,0.0,0
"[53, 80]",en,The Poison Rose,14.197,2019-05-23,The Poison Rose,4.628,337
"[18, 10749]",en,Restless,14.197,2011-09-16,Restless,6.496,397
"[99, 10402]",en,It Might Get Loud,14.196,2008-09-05,It Might Get Loud,7.17,174
[35],en,Sextuplets,14.194,2019-08-16,Sextuplets,6.2,832
"[16, 35, 18, 14, 9648, 27]",ko,노블레스: 파멸의 시작,14.192,2015-11-28,Noblesse: The Beginning of Destruction,6.7,13
[18],en,He Got Game,14.192,1998-05-01,He Got Game,6.742,689
"[35, 18, 10749]",en,The Last Days of Disco,14.191,1998-05-29,The Last Days of Disco,6.3,181
"[27, 80]",en,House of Wax,14.188,1953-04-16,House of Wax,6.918,318
"[53, 80, 9648, 18]",en,Appointment with Death,14.184,1988-04-15,Appointment with Death,6.066,128
"[35, 18, 10749]",en,The Last Days of Disco,10.63,1998-05-29,The Last Days of Disco,6.3,181
"[80, 18, 53]",fr,Les Misérables,14.19,2019-11-14,Les Misérables,7.594,1482
"[27, 80]",en,House of Wax,12.629,1953-04-16,House of Wax,6.918,318
"[53, 80, 9648, 18]",en,Appointment with Death,11.128,1988-04-15,Appointment with Death,6.066,128
"[16, 35, 10751, 12]",en,The Flintstones and WWE: Stone Age SmackDown!,10.291,2015-03-17,The Flintstones and WWE: Stone Age SmackDown!,7.0,97
"[53, 18, 10752]",en,The Beguiled,12.877,1971-01-23,The Beguiled,7.1,436
"[28, 80]",en,Lone Wolf McQuade,19.856,1983-04-15,Lone Wolf McQuade,6.507,359
"[80, 18, 9648, 53]",en,Pride and Glory,19.856,2008-09-09,Pride and Glory,6.36,858
"[18, 12]",de,Fitzcarraldo,12.627,1982-03-02,Fitzcarraldo,7.6,746
"[35, 18]",en,Ghostlight,16.127,2024-06-14,Ghostlight,7.0,19
"[10749, 35]",en,Your Place or Mine,11.159,2023-02-10,Your Place or Mine,6.295,748
"[35, 80]",en,The Pink Panther Strikes Again,17.127,1976-12-15,The Pink Panther Strikes Again,6.857,525
"[53, 27]",en,Dead Calm,14.377,1989-04-07,Dead Calm,6.553,724
"[35, 18, 10749, 10402]",en,That Thing You Do!,13.377,1996-10-04,That Thing You Do!,6.866,818
[80],cn,源生罪,17.543,2024-01-18,Deliverance,3.7,3
"[28, 80, 53, 18]",en,Trapped,13.378,2002-09-20,Trapped,6.162,552
"[80, 28, 9648, 53]",en,Striking Distance,18.877,1993-09-17,Striking Distance,5.84,797
[18],fi,Neljä pientä aikuista,11.847,2023-12-27,Four Little Adults,7.1,5
"[878, 53]",es,Los cronocrímenes,19.849,2007-11-01,Timecrimes,7.0,1237
[18],pt,Nosso Lar 2: Os Mensageiros,14.115,2024-01-25,Astral City 2: The Messengers,7.0,22
"[10402, 18]",zh,舞出我人生之舞所不能,13.665,2019-07-05,Step Up: Year of the Dance,6.039,76
"[35, 10749]",es,Anoche soñé contigo,10.926,1992-10-23,Dreaming About You,7.283,60
"[28, 18, 10770]",en,The Old Man and the Sea,13.186,1990-03-25,The Old Man and the Sea,6.3,27
[35],en,Ellen Degeneres: For Your Approval,16.293,2024-09-23,Ellen Degeneres: For Your Approval,5.429,7
"[35, 18]",en,Winner,12.503,2024-09-13,Winner,6.727,11
"[35, 80]",en,The Maiden Heist,15.127,2009-05-09,The Maiden Heist,5.619,331
"[35, 18, 10749]",fr,Bienvenue chez les Ch'tis,13.627,2008-02-20,Welcome to the Sticks,6.679,2399
"[12, 16, 10751]",en,Mars Needs Moms,19.835,2011-03-09,Mars Needs Moms,5.973,684
"[18, 53]",en,Silkwood,14.375,1983-12-14,Silkwood,6.9,314
"[80, 18, 53]",en,Set It Off,14.375,1996-11-06,Set It Off,7.2,337
"[28, 80, 18]",en,Abducted,19.834,2018-02-21,Abducted,5.2,25
"[27, 10402, 9648]",en,Michael Jackson's Thriller,16.125,1983-11-14,Michael Jackson's Thriller,8.178,667
"[18, 10752]",it,La ciociara,9.376,1960-12-22,Two Women,7.837,523
"[27, 878]",en,Lake Placid 2,13.627,2007-04-28,Lake Placid 2,4.9,217
"[53, 27]",en,Cat People,15.625,1982-04-02,Cat People,6.055,495
"[27, 35]",en,The Monkey,8.769,2025-02-19,The Monkey,0.0,0
"[80, 35, 53]",en,"LaRoy, Texas",14.929,2024-04-12,"LaRoy, Texas",6.959,98
"[10770, 35, 10749]",en,October Kiss,8.498,2015-10-17,October Kiss,6.3,73
[35],en,The New Guy,16.375,2002-05-10,The New Guy,5.947,572
"[18, 80]",tr,Kötü Adamın 10 Günü,10.111,2023-08-18,10 Days of a Bad Man,6.633,98
"[28, 80, 18]",en,Antitrust,14.375,2001-01-11,Antitrust,6.022,507
[10749],ja,林業の嫁 肉体の火照り,9.635,2020-09-25,Sleeping Forest Michiko,0.0,0
"[53, 28]",en,Bushwick,11.629,2017-08-25,Bushwick,5.074,458
"[35, 10749, 80]",sr,"Crna mačka, beli mačor",19.818,1998-06-01,"Black Cat, White Cat",7.678,719
"[10749, 18]",ko,수상한 미용실,13.934,2015-10-22,Strange Hair Salon,6.4,8
"[80, 18, 53]",fr,Les Chambres rouges,11.919,2023-08-11,Red Rooms,7.1,126
"[10749, 35]",en,Second Act,16.881,2018-11-22,Second Act,6.349,1177
"[27, 878, 9648]",en,Area 51,14.127,2015-05-15,Area 51,4.953,580
"[28, 12]",zh,剑雨,14.875,2010-09-01,Reign of Assassins,6.893,239
"[18, 36, 10749]",en,Anne of the Thousand Days,8.874,1969-12-18,Anne of the Thousand Days,7.082,116
"[16, 10751, 14, 35]",en,Monster Family,9.878,2017-08-24,Monster Family,5.948,337
"[18, 10749]",en,Mulligans,8.489,2008-05-18,Mulligans,6.1,79
"[28, 12, 18]",en,The Quest,16.872,1996-04-19,The Quest,6.153,696
"[10749, 18]",vi,Mai,19.807,2024-02-10,Mai,7.5,11
[18],en,National Anthem,16.044,2024-07-12,National Anthem,6.3,6
"[80, 27, 53]",en,Henry: Portrait of a Serial Killer,13.122,1986-09-24,Henry: Portrait of a Serial Killer,6.727,681
[99],ko,"흙의 숨, 진도이야기",8.918,2024-09-29,"A Breath of Earth, Jindo Story",0.0,0
"[16, 28, 14]",en,Justice League Dark,12.878,2017-01-24,Justice League Dark,7.287,1042
[10752],en,Action in the North Atlantic,8.488,1943-06-12,Action in the North Atlantic,7.0,51
"[16, 12, 10402]",en,Saludos Amigos,12.373,1942-08-24,Saludos Amigos,5.8,451
"[16, 28, 14]",en,Justice League Dark,12.878,2017-01-24,Justice League Dark,7.287,1042
[10752],en,Action in the North Atlantic,8.488,1943-06-12,Action in the North Atlantic,7.0,51
"[16, 12, 10402]",en,Saludos Amigos,12.373,1942-08-24,Saludos Amigos,5.8,451
"[10751, 35, 16, 12, 9648]",en,"Chill Out, Scooby-Doo!",11.374,2007-08-31,"Chill Out, Scooby-Doo!",7.473,262
"[14, 10751, 12, 10770]",en,The Amazing Mr. Blunden,10.75,2021-12-20,The Amazing Mr. Blunden,6.216,37
[99],ko,1997,8.666,2024-09-29,1997,0.0,0
[27],en,Little Bites,19.339,2024-10-04,Little Bites,0.0,0
"[28, 12, 878, 18, 35]",ja,仮面ライダー×仮面ライダー ウィザード&フォーゼ MOVIE大戦アルティメイタム,8.485,2012-12-08,Kamen Rider × Kamen Rider Wizard & Fourze: Movie Wars Ultimatum,5.0,12
"[10749, 35]",th,ลอง ลีฟ เลิฟว์,19.792,2023-06-29,Long Live Love!,8.1,19
"[14, 12, 35]",en,The Portable Door,17.905,2023-03-23,The Portable Door,6.6,203
"[27, 53]",vi,Quỷ Cẩu,13.09,2023-12-29,Crimson Snout,4.0,5
[18],en,Another Woman,8.48,1988-10-13,Another Woman,6.8,252
"[18, 36, 10749]",en,The New World,16.121,2005-12-25,The New World,6.513,1127
"[18, 14]",en,The Legend of Bagger Vance,15.371,2000-11-02,The Legend of Bagger Vance,6.562,876
"[37, 28]",en,The Long Riders,12.37,1980-05-16,The Long Riders,6.7,243
"[28, 35]",en,Guns Akimbo,14.13,2020-02-27,Guns Akimbo,6.45,2258
"[10752, 28, 36, 53]",en,The Man with the Iron Heart,12.125,2017-05-25,The Man with the Iron Heart,6.5,753
"[80, 18, 9648]",en,Wild Things: Diamonds in the Rough,9.12,2005-02-19,Wild Things: Diamonds in the Rough,4.9,139
"[27, 14, 53]",en,The Prophecy,16.369,1995-08-05,The Prophecy,6.471,486
"[35, 10749]",es,Fuimos canciones,8.476,2021-09-29,Sounds Like Love,6.382,170
"[27, 53]",en,Ma,19.776,2019-05-29,Ma,5.824,2161
"[35, 10751, 878]",en,St. Trinian's,13.621,2007-12-21,St. Trinian's,5.922,457
"[35, 10749]",en,The Back-Up Plan,14.12,2010-04-23,The Back-Up Plan,6.137,1377
"[14, 35, 10749]",en,The Butcher's Wife,8.618,1991-10-25,The Butcher's Wife,5.679,168
"[27, 18, 53]",en,The Other Lamb,9.629,2020-04-03,The Other Lamb,5.792,192
"[35, 28]",ar,اللعب مع العيال,12.577,2024-06-13,Playing with the Kids,8.0,1
"[37, 80, 18, 10749]",en,The Last Manhunt,9.306,2022-11-18,The Last Manhunt,5.606,47
"[35, 878, 10749]",en,My Super Ex-Girlfriend,12.369,2006-07-20,My Super Ex-Girlfriend,5.098,1413
"[53, 18, 36]",fr,Le Bal des folles,14.633,2021-09-12,The Mad Women's Ball,7.104,302
"[80, 18, 10749]",en,West Side Story,16.368,1961-12-13,West Side Story,7.256,1849
"[10749, 18, 35, 10402]",sv,Så som i himmelen,9.618,2004-09-03,As It Is in Heaven,7.201,157
"[10749, 18, 35]",en,Look Both Ways,15.391,2022-08-16,Look Both Ways,6.886,637
[27],en,Maniac,8.468,1934-09-11,Maniac,3.802,48
"[27, 9648, 53]",en,The Crucifixion,17.873,2017-04-27,The Crucifixion,5.652,476
[10749],ko,정사 : 착한 며느리들,13.654,2018-01-25,An Affair: Kind Daughters-in-law,1.0,1
[35],es,Puan,9.98,2023-10-05,Puan,6.648,27
"[878, 53]",en,Saturn 3,10.116,1980-02-15,Saturn 3,5.232,190
[35],fr,Ibiza,19.748,2019-07-03,Ibiza,5.192,321
"[16, 35, 18, 10751, 10749]",fr,Ma vie de courgette,14.371,2016-09-22,My Life as a Zucchini,7.809,1334
"[35, 10749]",en,What a Way to Go!,11.487,1964-07-31,What a Way to Go!,6.9,79
"[10749, 18]",en,Feast of Love,14.102,2007-09-28,Feast of Love,6.22,232
"[878, 27, 53]",en,Invasion of the Body Snatchers,14.099,1956-02-05,Invasion of the Body Snatchers,7.47,1050
"[27, 35]",cn,殭屍叔叔,14.098,1988-12-22,Mr Vampire Saga 4,7.125,24
"[18, 10749, 12]",en,The King and I,14.096,1956-06-29,The King and I,7.068,374
"[53, 80, 18]",en,The Iceman,14.094,2012-09-01,The Iceman,6.521,999
"[80, 18, 28, 53, 878]",en,Tekken,14.094,2010-03-20,Tekken,5.4,673
"[12, 10749, 18]",hi,लगान,14.094,2001-06-15,Lagaan: Once Upon a Time in India,7.26,557
"[35, 28]",en,Beverly Hills Ninja,14.094,1997-01-17,Beverly Hills Ninja,5.662,748
"[10751, 35]",en,Nicky Deuce,14.093,2013-05-27,Nicky Deuce,6.4,18
"[35, 10751]",en,Gus,14.093,1976-07-07,Gus,6.0,38
[],ko,하숙집 : 그녀들의 신음소리 2,14.092,2021-02-22,Boarding House: Their Moans 2,0.0,0
[18],es,Biutiful,14.092,2010-10-20,Biutiful,7.262,1083
[10752],en,In Enemy Hands,14.09,2004-02-25,In Enemy Hands,5.765,102
"[18, 53]",en,Pig,14.089,2021-07-16,Pig,6.651,1369
"[28, 80, 53]",en,Rage,14.088,2014-05-09,Rage,5.273,735
"[16, 10751, 14, 10749, 10402]",en,Thumbelina,14.087,1994-03-30,Thumbelina,6.431,484
"[28, 53]",cn,夕陽天使,14.085,2002-05-14,So Close,6.864,220
"[10749, 18]",en,Normal Adolescent Behavior,14.084,2007-04-27,Normal Adolescent Behavior,4.414,29
"[878, 16, 28]",en,Superman vs. The Elite,14.083,2012-06-12,Superman vs. The Elite,6.954,383
"[18, 53, 9648]",en,Music Box,14.082,1989-12-22,Music Box,7.089,146
"[18, 53, 9648]",en,Music Box,8.449,1989-12-22,Music Box,7.089,146
"[18, 28, 878]",ja,モスラ対ゴジラ,14.363,1964-04-29,Mothra vs. Godzilla,7.1,273
[28],en,The Marine 5: Battleground,15.618,2017-03-16,The Marine 5: Battleground,6.5,157
"[878, 27, 53]",en,Double Blind,15.754,2024-02-09,Double Blind,5.606,52
"[18, 10749, 36]",en,Anna Karenina,14.364,2012-09-06,Anna Karenina,6.723,2243
"[28, 12, 53, 27]",en,Primal,13.621,2019-12-27,Primal,5.581,354
"[27, 35, 14]",en,Anna and the Apocalypse,13.118,2018-11-30,Anna and the Apocalypse,6.026,364
"[28, 80]",en,Punisher: War Zone,19.612,2008-12-05,Punisher: War Zone,5.814,1121
"[18, 9648]",en,Laura,12.361,1944-10-11,Laura,7.623,782
"[53, 27]",en,Sightless,12.371,2020-09-29,Sightless,6.799,383
"[16, 28, 10749, 14]",ja,新妹魔王の契約者 DEPARTURES,14.136,2018-01-27,The Testament of Sister New Devil: Departures,7.721,34
"[28, 35, 18, 53]",cn,太极张三丰,16.394,1993-11-18,Tai-Chi Master,7.178,242
"[18, 9648]",en,Picnic at Hanging Rock,14.108,1975-09-02,Picnic at Hanging Rock,7.204,771
[35],ru,Холоп,11.118,2019-11-24,Son of a Rich,6.928,167
"[27, 9648, 53]",en,Exorcist: The Beginning,15.301,2004-08-20,Exorcist: The Beginning,5.417,783
[35],fr,Le Charme discret de la bourgeoisie,17.108,1972-09-15,The Discreet Charm of the Bourgeoisie,7.49,771
[35],en,Dave,18.608,1993-05-07,Dave,6.652,733
"[35, 878, 28]",it,Uno sceriffo extraterrestre... poco extra e molto terrestre,15.358,1979-08-10,The Sheriff and the Satellite Kid,6.355,297
"[18, 35, 10749]",zh,小时代2：青木时代,8.431,2013-08-07,Tiny Times 2,4.1,41
[18],en,The Children's Hour,9.109,1961-12-19,The Children's Hour,7.7,335
"[35, 878, 28]",it,Uno sceriffo extraterrestre... poco extra e molto terrestre,15.358,1979-08-10,The Sheriff and the Satellite Kid,6.355,297
"[18, 35, 10749]",zh,小时代2：青木时代,8.431,2013-08-07,Tiny Times 2,4.1,41
[18],en,The Children's Hour,9.109,1961-12-19,The Children's Hour,7.7,335
"[10751, 35, 14, 10770, 18]",en,Christmas ...Again?!,10.785,2021-12-03,Christmas ...Again?!,6.6,97
"[99, 10402]",en,Something from Nothing: The Art of Rap,9.76,2012-06-15,Something from Nothing: The Art of Rap,6.555,55
[35],es,Buscando a Coque,18.292,2024-02-14,Idol Affair,4.825,20
[878],en,Millennium,11.857,1989-08-25,Millennium,5.4,127
"[16, 12]",es,Rodencia y el diente de la princesa,9.53,2012-10-11,A Mouse's Tale,5.9,14
"[80, 53, 28]",en,Ms .45,12.607,1981-04-24,Ms .45,6.667,344
"[12, 36]",en,The Great Alaskan Race,19.66,2019-02-27,The Great Alaskan Race,5.865,37
"[53, 80, 18]",fr,Le Septième Juré,8.426,1962-04-18,The Seventh Juror,6.858,53
"[27, 9648]",en,Caveat,12.623,2021-10-20,Caveat,6.139,101
"[28, 16, 878]",en,Justice League: Doom,14.609,2012-02-28,Justice League: Doom,7.401,847
[10749],en,Henry & June,10.356,1990-09-28,Henry & June,6.1,185
[28],en,"No Retreat, No Surrender",18.606,1986-05-02,"No Retreat, No Surrender",6.229,541
"[27, 53, 9648]",zh,女鬼橋,10.546,2020-02-27,The Bridge Curse,6.513,81
"[16, 18, 10749]",ja,イエスかノーか半分か,14.539,2020-12-11,"Yes, No, or Maybe?",7.1,39
"[53, 9648, 18]",en,Serenity,13.864,2019-01-24,Serenity,5.449,1504
"[14, 28, 12]",en,King Kong Lives,12.356,1986-12-16,King Kong Lives,5.086,215
"[18, 36, 10752]",en,Gettysburg,15.106,1993-10-08,Gettysburg,6.879,289
"[18, 27]",en,His House,14.115,2020-01-27,His House,6.437,1061
"[53, 35]",en,Cat Person,10.799,2023-10-06,Cat Person,5.9,63
"[35, 10749]",en,Bachelorette,16.858,2012-01-23,Bachelorette,5.418,1176
[99],en,Back to the Titanic,14.315,2020-02-23,Back to the Titanic,6.4,15
[28],th,ต้มยำกุ้ง 2,15.359,2013-10-23,The Protector 2,6.131,264
"[28, 12, 16, 14, 878]",en,Heavy Metal 2000,9.856,2000-04-19,Heavy Metal 2000,5.995,209
"[18, 9648, 53]",en,Dream Lover,11.475,1993-10-24,Dream Lover,5.9,79
"[28, 12, 35, 14]",cn,千機變II花都大戰,17.496,2004-08-12,The Twins Effect II,5.108,88
"[16, 10751, 9648, 35, 878]",en,Scooby-Doo! Frankencreepy,11.858,2014-08-05,Scooby-Doo! Frankencreepy,7.7,196
"[35, 18, 10749]",en,Swiped,19.639,2018-11-06,Swiped,4.469,687
"[12, 28, 53]",ko,암살,12.358,2015-07-22,Assassination,7.317,232
"[53, 27]",it,L'ultimo treno della notte,19.639,1974-08-22,Late Night Trains,6.1,94
"[28, 878]",en,Universal Soldier II: Brothers in Arms,19.639,1998-09-27,Universal Soldier II: Brothers in Arms,4.2,53
"[53, 27, 18]",en,The Woman in Black 2: Angel of Death,15.108,2014-12-30,The Woman in Black 2: Angel of Death,5.255,997
"[35, 18]",en,Motherhood,8.414,2009-01-21,Motherhood,5.045,123
"[18, 9648, 53]",en,Blow-Up,19.634,1966-12-18,Blow-Up,7.4,1217
"[36, 18]",en,Hamilton,16.864,2020-07-03,Hamilton,8.197,1387
"[27, 18, 53]",en,Willard,15.854,2003-03-14,Willard,6.121,310
"[18, 10749, 35]",en,Tin Cup,17.103,1996-08-16,Tin Cup,6.032,509
"[16, 12, 28, 14, 878]",ja,劇場版ポケットモンスター 水の都の護神 ラティアスとラティオス,13.604,2002-07-13,Pokémon Heroes,6.675,343
[35],fr,Le Gendarme et les Gendarmettes,12.353,1982-10-03,The Gendarme and the Gendarmettes,6.0,534
[27],sv,Feed,17.84,2022-10-28,Feed,5.805,82
"[10402, 10749, 18]",en,High Strung Free Dance,19.624,2018-09-13,High Strung Free Dance,7.321,221
[],es,"Chamula, tierra de sangre",14.883,1999-01-01,"Chamula, tierra de sangre",5.0,1
"[18, 10402, 10749]",en,Bollywood Queen,15.873,2002-12-11,Bollywood Queen,5.222,9
"[18, 878]",it,The App,8.408,2019-12-26,The App,3.0,121
"[14, 18, 10749]",en,If Only,15.103,2004-01-23,If Only,6.993,568
[],es,Las amazonas,12.575,2024-09-30,The Amazons,0.0,0
"[16, 12, 10751, 14]",en,Cinderella and the Secret Prince,19.614,2018-09-30,Cinderella and the Secret Prince,6.492,64
"[28, 12]",es,Sayen,17.884,2023-03-03,Sayen,6.191,118
[27],en,The Black Cat,12.102,1934-05-07,The Black Cat,6.658,266
"[878, 16, 28, 80, 35]",fr,Mutafukaz,11.108,2018-05-23,MFKZ,7.097,294
[27],en,Anything for Jackson,14.612,2020-04-04,Anything for Jackson,6.807,231
"[10751, 14, 16, 12]",en,The House of Magic,13.105,2013-12-24,The House of Magic,6.346,340
"[35, 27]",en,Vampire's Kiss,15.851,1988-09-17,Vampire's Kiss,5.9,394
"[53, 12]",ru,Корпорация Ad Libitum,12.034,2021-01-21,Ad Libitum,6.286,14
"[28, 53, 35, 18]",en,Tango & Cash,19.606,1989-12-22,Tango & Cash,6.456,1886
[10749],ko,어린 이모 3,15.41,2020-01-02,Young Aunt 3,6.0,10
"[27, 14, 18]",fi,Pahanhautoja,15.12,2022-03-04,Hatching,6.265,407
"[28, 80]",en,Bullet Proof,13.874,2022-08-19,Bullet Proof,5.3,50
"[27, 14, 18]",fi,Pahanhautoja,14.0,2022-03-04,Hatching,6.265,407
"[28, 80]",en,Bullet Proof,13.874,2022-08-19,Bullet Proof,5.3,50
"[53, 27]",en,12 Feet Deep,10.108,2018-11-08,12 Feet Deep,6.0,274
"[12, 35, 18]",en,The Sisterhood of the Traveling Pants 2,13.102,2008-08-06,The Sisterhood of the Traveling Pants 2,6.245,760
"[18, 35, 10749]",en,The Good Girl,11.351,2002-01-12,The Good Girl,6.227,616
"[27, 9648, 53]",en,Influencer,13.997,2023-05-18,Influencer,6.17,197
[35],fr,La Course à l'échalote,13.7,1975-10-08,The Wild Goose Chase,6.086,70
"[10751, 28, 35]",en,3 Ninjas: High Noon at Mega Mountain,15.351,1998-03-26,3 Ninjas: High Noon at Mega Mountain,4.9,195
"[35, 18, 10749]",en,Blaze,8.397,1989-12-15,Blaze,6.2,54
[18],en,Speak,18.1,2004-01-20,Speak,6.998,446
"[10402, 35, 10749]",en,High Society,13.85,1956-07-17,High Society,6.9,218
"[99, 10770]",fr,Matrix génération,13.466,2023-12-13,Matrix génération,7.6,10
"[27, 878, 35]",en,Cyst,14.051,2020-09-24,Cyst,4.7,48
"[28, 80, 18]",en,Death Wish 3,12.349,1985-11-01,Death Wish 3,6.201,410
[18],zh,燕交,19.587,2023-01-27,White River,5.1,7
"[35, 18]",en,The Women,9.6,1939-09-01,The Women,7.1,146
"[99, 10402]",en,Thriller 40,13.99,2023-12-02,Thriller 40,8.7,69
"[27, 35]",en,Satanic Panic,13.99,2019-10-28,Satanic Panic,5.285,121
[10749],ko,자위하는 어린여자,13.948,2023-12-26,Young Woman Masturbating,5.0,1
"[28, 12]",en,Rogue,13.36,2020-08-20,Rogue,5.6,678
"[18, 36]",en,Suffragette,13.986,2015-10-16,Suffragette,7.252,1589
"[35, 14, 27]",en,Saturday the 14th,13.985,1981-10-30,Saturday the 14th,4.984,96
[18],es,Diarios de motocicleta,13.985,2004-02-06,The Motorcycle Diaries,7.4,1253
"[12, 878]",fr,Le Voyage dans la Lune,13.985,1902-06-21,A Trip to the Moon,7.9,1757
"[18, 10402]",en,Sound of Metal,13.982,2020-11-20,Sound of Metal,7.7,2476
[27],en,Slumber,13.982,2017-12-01,Slumber,5.4,334
"[36, 18, 10402]",fr,Farinelli,13.981,1994-12-01,Farinelli,6.6,166
"[35, 18]",it,Romanzo popolare,13.98,1974-10-29,Come Home and Meet My Wife,7.3,41
"[10770, 16, 10751, 35]",en,Mutant Pumpkins from Outer Space,13.98,2009-04-01,Mutant Pumpkins from Outer Space,5.85,264
"[18, 10749]",en,Jezebel,13.98,1938-03-26,Jezebel,7.1,187
[27],en,Slow Torture Puke Chamber,13.979,2010-07-27,Slow Torture Puke Chamber,3.2,37
"[18, 10751, 14]",zh,宝葫芦的秘密,13.979,2007-06-29,The Secret of the Magic Gourd,7.5,114
"[28, 18, 35, 12]",ko,은밀하게 위대하게,13.978,2013-06-05,"Secretly, Greatly",7.008,186
"[18, 10749]",it,Rocco e i suoi fratelli,13.974,1960-10-07,Rocco and His Brothers,8.058,577
"[27, 53, 9648]",en,The Tunnel,13.973,2011-05-19,The Tunnel,5.752,359
"[10752, 18, 53]",hu,Saul fia,13.972,2015-06-11,Son of Saul,7.152,1044
[],es,Lo que escribimos juntos,13.971,2024-10-22,What We Wrote Together,0.0,0
"[53, 27]",id,Monster,13.971,2023-11-29,Monster,5.256,44
"[9648, 18]",it,Teorema,13.971,1968-09-07,Theorem,7.1,390
"[28, 80, 53]",en,Point of No Return,13.966,1993-03-19,Point of No Return,6.229,682
"[27, 53]",en,The Forsaken,13.964,2001-04-27,The Forsaken,5.342,155
"[28, 35]",en,Cannonball Run II,13.963,1984-06-29,Cannonball Run II,5.4,312
"[27, 18, 10770]",en,Carrie,13.963,2002-11-04,Carrie,6.058,474
"[28, 12, 80, 878, 53, 10752]",en,Batman,13.962,1943-07-16,Batman,6.458,106
[27],en,Daddy's Head,13.961,2024-09-22,Daddy's Head,0.0,0
"[35, 10749]",es,Perra Vida,13.96,2024-05-24,Dog Life,7.421,19
[99],en,Sly,13.96,2023-09-16,Sly,7.271,164
"[18, 10749]",th,จันดารา ปัจฉิมบท,13.959,2013-02-07,Jan Dara: The Finale,5.9,21
"[35, 14, 27]",en,We Have a Ghost,13.958,2023-02-24,We Have a Ghost,6.467,577
"[35, 10749, 18]",en,Tall Girl 2,13.958,2022-02-11,Tall Girl 2,5.71,360
"[16, 10751, 35]",en,Small Fry,13.958,2011-11-23,Small Fry,6.875,538
"[18, 10749]",en,Charlie St. Cloud,13.958,2010-07-30,Charlie St. Cloud,6.962,2146
"[28, 12, 18, 14, 10749]",zh,侍神令,13.957,2021-02-12,The Yin Yang Master,6.728,81
"[28, 53, 878]",en,Digital Man,13.955,1995-09-05,Digital Man,4.8,20
"[53, 28, 12, 10751]",zh,中国机长,13.954,2019-09-30,The Captain,6.992,128
[18],it,Piccole labbra,13.953,1978-02-08,Little Lips,5.4,24
"[10770, 10749]",en,A Royal Winter,13.952,2017-01-14,A Royal Winter,7.135,171
"[18, 36, 53]",ko,어우동: 주인없는 꽃,13.951,2015-01-29,Lost Flower: Eo Woo-dong,5.3,5
"[18, 35]",en,Me and Earl and the Dying Girl,13.951,2015-06-12,Me and Earl and the Dying Girl,7.539,2524
"[18, 10749]",ko,사슬-두여자의유혹,13.949,2017-04-11,Chained - The Seduction of Two Women,6.3,3
"[18, 10749]",ko,사슬-두여자의유혹,10.938,2017-04-11,Chained - The Seduction of Two Women,6.3,3
"[28, 35]",cn,賭神2,12.342,1994-12-24,God of Gamblers' Return,6.716,146
"[99, 36]",cs,"Ještě nejsem, kým chci být",19.526,2024-10-03,I'm Not Everything I Want to Be,8.0,1
"[18, 35, 10749]",en,The First Time,15.345,2012-10-19,The First Time,7.002,2092
"[16, 14, 18]",en,Ella and the Little Sorcerer,15.47,2021-12-22,Ella and the Little Sorcerer,5.167,12
"[878, 28, 18]",en,Battlestar Galactica: The Plan,17.094,2009-10-27,Battlestar Galactica: The Plan,6.755,419
[18],en,Chaplin,16.592,1992-12-17,Chaplin,7.435,1059
"[10749, 18]",en,SPF-18,8.366,2017-09-29,SPF-18,4.432,1044
"[27, 18, 9648]",en,The Dark and the Wicked,13.603,2020-10-29,The Dark and the Wicked,6.162,429
"[53, 9648]",en,Switchback,14.592,1997-10-31,Switchback,5.964,223
"[878, 27]",en,Invasion of the Body Snatchers,19.508,1978-12-20,Invasion of the Body Snatchers,7.2,1078
"[80, 18]",tr,İyi Adamın 10 Günü,9.302,2023-02-10,10 Days of a Good Man,6.6,81
"[18, 10749]",ko,18 모델 리카의 화려한 외출,10.971,2020-09-28,18 Year Old Model Rika's Fancy Walk,5.0,4
"[16, 28, 80, 9648]",ja,名探偵コナン 戦慄の楽譜（フルスコア）,10.091,2008-04-19,Detective Conan: Full Score of Fear,7.0,132
"[16, 9648]",ja,名探偵コナン 探偵たちの鎮魂歌（レクイエム）,15.84,2006-04-15,Detective Conan: The Private Eyes' Requiem,7.1,136
"[27, 878, 35]",en,The Sand,15.344,2015-08-28,The Sand,5.138,229
"[35, 18]",ko,빅토리,13.025,2024-08-14,Victory,5.0,1
[18],ko,내겐 너무 소중한 너,14.584,2021-05-12,My Lovely Angel,7.375,16
"[53, 80]",en,Ride,19.496,2018-10-05,Ride,5.5,151
"[18, 10749]",en,Bergman Island,8.356,2021-07-14,Bergman Island,6.187,193
[18],ko,내겐 너무 소중한 너,14.584,2021-05-12,My Lovely Angel,7.375,16
"[53, 80]",en,Ride,19.496,2018-10-05,Ride,5.5,151
"[18, 10749]",en,Bergman Island,8.356,2021-07-14,Bergman Island,6.187,193
"[53, 80, 37]",en,Let Him Go,13.102,2020-11-05,Let Him Go,6.798,634
"[16, 10751, 12, 14]",ja,劇場版ポケットモンスター みんなの物語,13.346,2018-07-13,Pokémon the Movie: The Power of Us,7.1,198
"[53, 27]",es,Mientras duermes,13.092,2011-10-14,Sleep Tight,7.075,1082
"[18, 10749]",en,Days of Heaven,16.839,1978-09-13,Days of Heaven,7.505,1005
"[35, 80, 9648]",en,The Return of the Pink Panther,16.589,1975-05-21,The Return of the Pink Panther,6.8,588
[12],en,The Hunters,10.592,2013-10-25,The Hunters,5.6,341
"[16, 10770, 35, 10751]",en,A Flintstone Christmas,11.888,1977-12-07,A Flintstone Christmas,6.917,60
"[16, 18, 9648, 14]",ja,サマーゴースト,16.105,2021-11-12,Summer Ghost,7.3,117
"[10749, 18]",pt,"Rio, Eu Te Amo",8.353,2014-09-12,"Rio, I Love You",4.9,42
"[28, 16, 878, 53]",ja,アンダー・ザ・ドッグ,13.753,2016-08-01,Under the Dog,6.5,22
"[10751, 16, 12]",en,Balto II: Wolf Quest,11.839,2002-02-19,Balto II: Wolf Quest,6.3,514
[99],en,The Mystery of Marilyn Monroe: The Unheard Tapes,12.859,2022-04-27,The Mystery of Marilyn Monroe: The Unheard Tapes,6.368,133
"[53, 18]",en,Broken,8.352,2007-10-05,Broken,5.6,33
"[27, 9648, 12, 14]",es,Brujería,12.078,2024-06-14,Sorcery,6.5,2
"[18, 27, 53]",fr,La nuit a dévoré le monde,13.595,2018-03-07,The Night Eats the World,6.056,681
"[16, 10751]",en,A Turtle's Tale: Sammy's Adventures,10.59,2010-08-04,A Turtle's Tale: Sammy's Adventures,6.0,629
"[99, 10752]",en,Prelude to War,8.351,1942-05-27,Prelude to War,6.4,66
"[35, 10402]",en,At the Circus,8.351,1939-10-20,At the Circus,6.285,86
"[27, 878]",ja,美女のはらわた,19.481,1986-09-23,Entrails of a Beautiful Woman,5.0,27
"[10402, 99]",ko,방탄소년단: 옛 투 컴 인 시네마,18.068,2023-02-01,BTS: Yet to Come in Cinemas,8.156,90
"[27, 28, 53]",en,The Furies,11.345,2019-04-12,The Furies,5.482,170
"[28, 35]",cn,賭俠,13.097,1990-12-13,God of Gamblers II,6.788,92
"[37, 18]",en,Deadwood: The Movie,19.478,2019-05-31,Deadwood: The Movie,6.749,372
"[80, 53, 9648, 10770]",en,Sparkling Cyanide,8.348,1983-11-05,Sparkling Cyanide,6.111,9
"[12, 14, 35, 10751]",en,Little Monsters,18.337,1989-08-25,Little Monsters,5.907,193
"[28, 53, 18, 80]",en,The International,19.474,2009-02-03,The International,6.253,1224
"[28, 53]",en,Unhinged,19.097,2020-07-16,Unhinged,6.459,2230
"[35, 27, 878]",en,Man with the Screaming Brain,8.345,2005-04-03,Man with the Screaming Brain,5.102,88
"[18, 10749]",ja,火口のふたり,16.685,2019-08-23,It Feels So Good,6.6,28
[18],en,"The Passion of the Christ: Resurrection, Part One",19.471,,"The Passion of the Christ: Resurrection, Part One",0.0,0
[18],en,The Forger,15.589,2011-03-09,The Forger,5.74,102
"[28, 12, 35, 10749]",ko,7급 공무원,8.345,2009-04-04,My Girlfriend Is an Agent,6.25,92
"[878, 27, 53]",en,The Abandon,8.344,2024-07-19,The Abandon,5.5,11
"[80, 18, 37]",en,Lawless,14.589,2012-08-29,Lawless,7.054,3018
"[36, 18, 10752]",hu,Savior,10.837,1998-06-01,Savior,7.21,162
"[28, 53]",en,Prepare to Die,12.29,2024-09-18,Prepare to Die,10.0,1
"[878, 12]",en,Battlestar Galactica,12.585,1978-09-16,Battlestar Galactica,6.861,184
"[16, 12, 28, 80, 18]",ja,LUPIN THE IIIRD  次元大介の墓標,9.589,2014-06-21,Lupin the Third: Jigen's Gravestone,7.475,119
"[18, 10749]",ko,여직원의 맛,12.581,2018-05-28,A Female Employee's Taste,5.3,33
"[35, 10402]",en,Blue Hawaii,8.585,1961-11-22,Blue Hawaii,5.901,131
"[35, 10402]",en,How to Succeed in Business Without Really Trying,8.337,1967-03-09,How to Succeed in Business Without Really Trying,6.856,53
[35],fr,Le Poulain,13.894,2018-09-19,We Need Your Vote,5.129,120
"[878, 28, 12]",en,Johnny Mnemonic,14.584,1995-05-26,Johnny Mnemonic,5.748,1332
[53],en,Trade,16.836,2007-01-23,Trade,6.929,273
"[28, 12, 18, 36]",en,Ned Kelly,12.335,2003-03-22,Ned Kelly,6.1,353
[99],ko,그들의 이런 만남,13.892,2024-09-29,The Encounter of Theirs,0.0,0
[10749],zh,余生，请多指教,10.967,2021-02-03,Please Enlighten Me,6.552,29
"[12, 16, 35]",en,Family Guy Presents... Stewie Griffin: The Untold Story,14.835,2005-07-23,Family Guy Presents... Stewie Griffin: The Untold Story,6.944,376
"[16, 35, 878, 10770]",en,Futurama: Into the Wild Green Yonder,15.836,2009-02-23,Futurama: Into the Wild Green Yonder,7.041,529
"[18, 28, 10749]",te,RX 100,13.885,2018-07-12,RX 100,5.386,22
[18],es,Nadie te oye: perfume de violetas,12.834,2001-03-11,Violet Perfume: No One Is Listening,7.816,182
"[878, 28, 53, 12]",en,Corrective Measures,13.883,2022-04-29,Corrective Measures,5.0,84
"[35, 10749]",en,New in Town,19.435,2009-01-30,New in Town,5.829,473
"[28, 80, 53]",en,Renegades,17.03,2022-12-02,Renegades,5.744,39
"[53, 28, 9648]",en,Abduction,12.835,2011-09-22,Abduction,5.866,2845
"[99, 28]",en,Bruce Lee: A Warrior's Journey,9.333,2000-10-22,Bruce Lee: A Warrior's Journey,7.3,100
[18],en,The Butler,19.432,2013-08-16,The Butler,7.34,2829
"[53, 18, 80]",en,Disclosure,14.832,1994-12-09,Disclosure,6.256,1149
"[35, 10749]",en,The Bachelor,8.583,1999-11-05,The Bachelor,5.184,301
"[878, 9648, 18, 53]",en,Aftermath,19.429,2024-01-29,Aftermath,4.8,6
[35],en,Father of the Year,19.429,2018-07-20,Father of the Year,5.42,466
"[10749, 14, 18]",en,The Ghost and Mrs. Muir,9.833,1947-05-25,The Ghost and Mrs. Muir,7.5,301
"[18, 9648, 53, 36]",en,Lost Girls,11.591,2020-01-28,Lost Girls,6.1,687
"[36, 12, 18]",en,Sign of the Pagan,8.325,1954-11-24,Sign of the Pagan,5.2,4
"[12, 35, 10751]",en,George of the Jungle 2,11.582,2003-08-18,George of the Jungle 2,4.423,463
"[878, 53]",de,Paradise,14.122,2023-06-24,Paradise,6.551,563
"[35, 12, 10751, 14, 10770]",en,My Babysitter's a Vampire,14.083,2010-10-09,My Babysitter's a Vampire,6.978,388
"[28, 27, 878]",en,Screamers: The Hunting,13.833,2009-02-17,Screamers: The Hunting,5.0,136
"[18, 10402, 36, 10751]",en,Newsies,14.831,1992-04-10,Newsies,6.8,265
"[35, 18]",en,Happy-Go-Lucky,19.418,2008-04-18,Happy-Go-Lucky,6.582,440
"[18, 53]",en,Return to Sender,13.334,2015-05-31,Return to Sender,6.1,1179
"[14, 12, 35]",en,The Adventures of Baron Munchausen,18.08,1988-12-07,The Adventures of Baron Munchausen,6.9,869
[18],es,Infinito,8.32,2010-04-10,Infinito,3.0,3
[18],en,The Great Debaters,16.082,2007-12-25,The Great Debaters,7.238,608
"[18, 53]",en,Derailed,14.831,2005-11-11,Derailed,6.354,1007
"[28, 878, 53, 9648]",en,24 Hours To Live,15.086,2017-10-26,24 Hours to Live,5.938,640
"[35, 18]",en,The Disaster Artist,10.586,2017-03-12,The Disaster Artist,7.113,3480
"[35, 18]",en,The Disaster Artist,10.586,2017-03-12,The Disaster Artist,7.112,3479
"[28, 80, 18, 53]",en,Righteous Kill,19.408,2008-09-11,Righteous Kill,5.902,1217
"[53, 28, 80]",hi,रईस,10.085,2017-01-25,Raees,6.711,220
"[28, 53, 10770]",en,Cutaway,8.315,2000-08-26,Cutaway,5.2,33
[18],ko,소원,15.082,2013-10-02,Hope,8.39,722
"[35, 10749]",en,My Best Friend's Wedding,11.497,1997-06-19,My Best Friend's Wedding,6.605,2602
"[80, 28, 53]",cn,猛龍征東,8.314,1975-06-11,Bruce Lee Against Supermen,4.7,5
"[27, 53, 35]",en,Drive Thru,8.58,2007-05-29,Drive Thru,5.362,138
"[12, 37]",en,River of No Return,10.579,1954-04-30,River of No Return,6.658,436
[28],en,Joshua Tree,10.578,1993-04-08,Joshua Tree,6.036,154
"[18, 28, 80]",en,Chaos,13.579,2005-01-17,Chaos,6.3,1021
"[27, 53, 9648]",it,I corpi presentano tracce di violenza carnale,9.078,1973-01-04,Torso,6.59,183
[35],en,Vegas Vacation,19.391,1997-02-13,Vegas Vacation,6.043,623
"[10749, 18]",en,All the Right Moves,11.077,1983-10-21,All the Right Moves,5.767,258
"[35, 18, 10749]",zh,飲食男女,11.327,1994-08-03,Eat Drink Man Woman,7.571,330
"[10751, 18]",en,Journey to Bethlehem,19.38,2023-11-09,Journey to Bethlehem,7.7,55
[18],en,The Lady,8.306,2011-11-30,The Lady,6.809,251
"[18, 28, 12]",zh,天地英雄,17.397,2003-09-23,Warriors of Heaven and Earth,6.293,94
"[35, 10402]",en,The Producers,13.827,1968-03-18,The Producers,7.088,765
[18],cn,我來自北京,10.915,1992-10-14,The Girls from China,1.8,3
[18],cn,我來自北京,10.915,1992-10-14,The Girls from China,1.8,3
"[16, 18, 14]",ja,ナルトが火影になった日,12.46,2016-07-06,The Day Naruto Became Hokage,7.609,46
"[12, 27, 53, 878]",en,Leviathan,18.075,1989-03-17,Leviathan,5.949,481
"[16, 12, 35, 14]",ja,スレイヤーズぐれえと / SLAYERS: GREAT,8.906,1997-08-02,Slayers Great,6.0,11
"[35, 80]",en,Analyze This,18.576,1999-03-05,Analyze This,6.488,1839
[18],hi,बागबान,19.366,2003-10-03,Baghban,6.825,106
"[80, 18, 10749, 53]",en,Baby Boy,10.326,2001-06-27,Baby Boy,7.166,296
[18],en,Who's Afraid of Virginia Woolf?,15.826,1966-06-22,Who's Afraid of Virginia Woolf?,7.718,797
"[18, 53]",tl,Katas,19.363,2024-02-09,Katas,2.0,2
"[35, 99]",en,Jerry Before Seinfeld,10.331,2017-09-19,Jerry Before Seinfeld,6.86,125
"[10752, 18]",en,The Water Diviner,14.578,2014-12-25,The Water Diviner,6.816,1209
"[99, 80]",en,Heroin(e),8.297,2017-09-03,Heroin(e),6.938,122
[35],en,Down Periscope,14.574,1996-03-01,Down Periscope,6.314,433
"[18, 10749]",en,The Hustler,12.825,1961-09-25,The Hustler,7.678,952
"[28, 12]",cn,笑傲江湖,9.384,1990-04-05,Swordsman,6.987,77
"[18, 35]",en,Infinitely Polar Bear,8.296,2014-01-18,Infinitely Polar Bear,6.634,367
"[35, 18]",fr,La Nuit américaine,12.824,1973-05-24,Day for Night,7.8,583
"[16, 10751]",en,Rumble,13.588,2021-02-12,Rumble,6.799,501
"[10751, 878, 12]",en,Flight of the Navigator,16.824,1986-07-30,Flight of the Navigator,6.948,825
[28],en,Never Back Down: Revolt,14.092,2021-11-15,Never Back Down: Revolt,6.442,121
[35],en,The Rookie,13.822,1959-12-01,The Rookie,0.0,0
"[28, 18]",en,Biker Boyz,13.822,2003-01-31,Biker Boyz,6.3,355
"[27, 878, 53]",en,Things Will Be Different,13.821,2024-10-04,Things Will Be Different,0.0,0
"[16, 12, 35, 10751]",en,Two by Two: Overboard!,13.819,2020-09-24,Two by Two: Overboard!,7.6,163
[37],en,California,13.819,1947-02-21,California,6.531,16
"[16, 18, 14, 10749]",ja,君は彼方,13.816,2020-11-27,Over the Sky,6.795,44
"[18, 53]",en,Obsessed,13.815,2009-02-26,Obsessed,5.751,641
"[27, 14, 53]",en,Sleepwalkers,13.815,1992-04-10,Sleepwalkers,6.043,528
"[18, 36, 10752]",en,Empire of the Sun,13.815,1987-12-09,Empire of the Sun,7.518,1883
"[10751, 14, 35]",en,Godmothered,13.813,2020-12-04,Godmothered,6.737,597
"[18, 27, 9648, 53]",th,ปริศนารูหลอน,13.812,2021-12-02,The Whole Truth,6.543,230
"[28, 12]",en,12 Rounds 2: Reloaded,13.811,2013-06-01,12 Rounds 2: Reloaded,5.537,271
"[10751, 12, 28, 35]",en,3 Ninjas Kick Back,13.811,1994-02-25,3 Ninjas Kick Back,5.6,284
"[28, 12, 35, 53, 80, 18]",en,The Big Hit,13.811,1998-04-24,The Big Hit,5.9,411
"[35, 18, 10749, 80]",fi,Ariel,13.811,1988-10-21,Ariel,7.118,331
"[80, 9648, 53]",en,Boston Strangler,13.81,2023-03-16,Boston Strangler,6.668,643
"[16, 12, 14, 10751]",ja,映画ドラえもん のび太のドラビアンナイト,13.809,1991-03-09,Doraemon: Nobita's Dorabian Nights,7.3,57
"[28, 10752]",en,Condor's Nest,13.807,2023-01-27,Condor's Nest,5.636,22
"[10749, 35]",ko,레쓰링,13.807,2014-09-11,Love Match,4.4,5
"[27, 878, 28]",en,Alien Convergence,13.804,2017-06-27,Alien Convergence,4.0,47
"[28, 10752]",en,Condor's Nest,13.012,2023-01-27,Condor's Nest,5.636,22
"[10749, 35]",ko,레쓰링,16.975,2014-09-11,Love Match,4.4,5
"[27, 878, 28]",en,Alien Convergence,8.282,2017-06-27,Alien Convergence,4.0,47
"[80, 18, 10402]",en,Hustle & Flow,11.572,2005-07-22,Hustle & Flow,7.127,369
"[35, 10749]",en,The Philadelphia Story,16.322,1940-12-05,The Philadelphia Story,7.624,848
"[10751, 12, 35, 18]",en,Runt,11.353,2024-09-19,Runt,8.0,0
"[10751, 16]",en,Monster High: Great Scarrier Reef,12.075,2016-02-12,Monster High: Great Scarrier Reef,7.727,108
"[10751, 16, 35, 878, 10770]",en,Invader Zim: Enter the Florpus,8.829,2019-08-16,Invader Zim: Enter the Florpus,7.346,231
"[28, 12]",zh,少林三十六房,14.32,1978-02-02,The 36th Chamber of Shaolin,7.487,414
"[27, 53]",en,Run Rabbit Run,13.761,2024-07-18,Run Rabbit Run,5.7,6
"[10749, 18]",fr,À mon seul désir,8.276,2023-04-05,My Sole Desire,6.1,40
"[12, 14, 18, 878, 10749]",en,Forever Young,17.069,1992-12-16,Forever Young,6.483,879
[35],it,La liceale seduce i professori,11.859,1979-08-09,How to Seduce Your Teacher,5.1,43
"[27, 18]",en,The Golem,19.307,2018-08-27,The Golem,5.8,154
"[37, 28, 18]",en,Seraphim Falls,12.071,2007-01-26,Seraphim Falls,6.417,555
"[18, 36]",en,Judas and the Black Messiah,14.332,2021-02-12,Judas and the Black Messiah,7.345,1494
"[80, 18, 28]",ko,비열한 거리,9.57,2006-10-17,A Dirty Carnival,7.026,194
"[18, 14]",de,ZONE,19.303,2024-10-03,ZONE,0.0,0
"[53, 28]",en,Renegades,11.824,2017-08-21,Renegades,5.581,326
"[10752, 18, 53]",en,The Siege of Jadotville,14.823,2016-09-19,The Siege of Jadotville,7.122,860
[35],en,Ruthless People,19.296,1986-06-26,Ruthless People,6.61,396
"[10749, 35]",en,She's the One,12.817,1996-08-26,She's the One,5.5,242
"[80, 28]",en,Last Man Standing,14.817,1996-09-20,Last Man Standing,6.34,851
"[18, 9648, 53]",en,Summer of 84,11.574,2018-08-10,Summer of 84,6.903,1283
"[35, 37, 18]",en,¡Three Amigos!,16.067,1986-12-12,¡Three Amigos!,6.303,964
"[12, 16, 10751, 14]",ru,Снежная Королева: Разморозка,8.264,2022-12-22,The Snow Queen and the Princess,7.0,3
[53],en,Savage Salvation,13.844,2022-12-02,Savage Salvation,6.3,238
"[16, 35, 14]",zh,疯了！桂宝之三星夺宝,12.85,2022-07-29,Crazy Kwai Boo: Sanxingdui Spirited Away,4.647,17
"[18, 10402]",en,Lady Sings the Blues,8.263,1972-10-12,Lady Sings the Blues,6.9,62
"[27, 878]",en,Swamp Thing,10.566,1982-01-01,Swamp Thing,5.393,377
"[10751, 12, 18]",en,Black Beauty,17.066,1994-07-29,Black Beauty,6.739,330
"[12, 878, 28]",en,The Last Starfighter,14.065,1984-07-13,The Last Starfighter,6.611,673
"[18, 80]",fr,Saint Omer,8.261,2022-11-23,Saint Omer,6.318,157
"[18, 27, 53]",en,White Noise,16.816,2005-01-07,White Noise,5.582,794
"[18, 28, 53]",en,Edison,17.566,2005-07-29,Edison,5.32,322
[27],en,Playing with Dolls,14.909,2015-03-20,Playing with Dolls,3.2,28
"[12, 35, 878]",en,Bill & Ted's Bogus Journey,14.315,1991-07-19,Bill & Ted's Bogus Journey,6.309,1190
"[16, 28, 80]",en,Catwoman: Hunted,15.583,2022-02-07,Catwoman: Hunted,5.68,103
"[35, 18]",cn,1/3情人,11.714,1993-01-01,1/3 Lover,6.7,5
"[27, 53, 878]",en,Project Legion,16.51,2022-10-07,Project Legion,3.6,14
"[35, 18]",cn,1/3情人,11.714,1993-01-01,1/3 Lover,6.7,5
"[27, 53, 878]",en,Project Legion,16.51,2022-10-07,Project Legion,3.6,14
"[18, 36, 10752]",fr,Indigènes,8.816,2006-09-27,Days of Glory,6.684,369
"[35, 18]",en,The War of the Roses,18.314,1989-12-08,The War of the Roses,6.885,1100
"[18, 35, 10749]",en,Whatever It Takes,11.315,2000-03-31,Whatever It Takes,5.776,275
"[80, 18, 53]",en,The Parallax View,11.814,1974-06-14,The Parallax View,6.8,298
"[53, 27]",en,The Town that Dreaded Sundown,13.067,2014-10-16,The Town that Dreaded Sundown,5.745,444
"[28, 53]",en,Code Name Banshee,14.586,2022-07-01,Code Name Banshee,5.81,124
"[28, 35, 14]",en,Bulletproof Monk,12.814,2003-03-28,Bulletproof Monk,5.506,899
"[18, 10749]",ko,폭설,14.768,2024-10-23,Heavy Snow,0.0,0
"[18, 10749]",fr,Masculin féminin,11.564,1966-03-22,Masculin Féminin,7.3,368
"[16, 28, 14]",ja,ベヨネッタ ブラッディフェイト,12.397,2013-11-23,Bayonetta: Bloody Fate,6.5,86
"[28, 14, 12]",ja,ブリーチ,12.32,2018-07-20,Bleach,6.6,534
"[10751, 35, 10770, 14]",en,The Wizards Return: Alex vs. Alex,11.316,2013-06-01,The Wizards Return: Alex vs. Alex,6.9,712
"[12, 14, 35, 10751]",en,Super Mario Bros.,14.813,1993-05-28,Super Mario Bros.,4.407,1285
"[18, 10749, 36]",de,Werk ohne Autor,14.82,2018-10-03,Never Look Away,7.8,665
"[80, 18]",en,The Accused,15.062,1988-10-14,The Accused,7.0,585
"[10751, 35, 28]",en,Cats & Dogs 3: Paws Unite,12.074,2020-10-02,Cats & Dogs 3: Paws Unite,6.2,198
"[27, 28, 53]",en,Amityville Uprising,11.04,2022-01-11,Amityville Uprising,3.714,7
"[10751, 16, 28, 12, 14, 878]",ja,劇場版ポケットモンスター ベストウイッシュ キュレムVS聖剣士 ケルディオ,12.314,2012-07-13,Pokémon the Movie: Kyurem vs. the Sword of Justice,6.353,163
"[53, 18, 80, 9648]",en,Passion,13.738,2013-02-13,Passion,5.239,408
"[16, 35, 12, 10751]",fr,Astérix : Le Domaine des dieux,13.736,2014-11-26,Asterix: The Mansions of the Gods,6.797,1332
"[35, 10770]",en,How High 2,13.734,2019-08-24,How High 2,6.423,97
"[10749, 35]",en,Soul Plane,18.811,2004-05-28,Soul Plane,5.388,421
"[18, 35, 10749]",en,XX/XY,12.101,2002-01-11,XX/XY,5.9,43
[18],es,Latido,13.729,2023-12-07,Heartbeat,7.063,16
"[16, 28, 12, 36, 18, 14]",ja,Fate/Grand Order -神聖円卓領域キャメロット- 前編 Wandering; Agateram,13.729,2020-12-05,Fate/Grand Order the Movie: Divine Realm of the Round Table: Camelot Wandering; Agateram,7.2,66
"[9648, 18]",en,The Sense of an Ending,13.729,2017-03-10,The Sense of an Ending,6.399,202
"[18, 10749]",fr,Sidonie au Japon,13.728,2024-01-11,Sidonie in Japan,6.517,29
"[18, 36]",en,The 33,13.313,2015-08-06,The 33,6.388,916
"[28, 80, 18]",en,Vanishing Point,10.809,1971-01-15,Vanishing Point,7.2,439
"[10751, 35]",en,Dennis the Menace Strikes Again!,12.56,1998-07-14,Dennis the Menace Strikes Again!,5.4,212
[27],en,100 Feet,16.561,2008-07-22,100 Feet,5.693,305
"[35, 80]",en,Queenpins,13.723,2021-08-26,Queenpins,6.505,416
"[35, 18, 36]",en,Saving Mr. Banks,13.721,2013-11-29,Saving Mr. Banks,7.351,3257
"[9648, 53, 18]",fr,Boîte noire,13.72,2021-09-08,Black Box,7.358,1183
"[80, 18, 53]",en,Murder by Numbers,19.208,2002-04-19,Murder by Numbers,6.135,1001
"[53, 9648]",en,The Dyatlov Pass Incident,13.719,2013-02-27,The Dyatlov Pass Incident,5.884,643
"[16, 36, 18, 10752]",ja,アンネの日記,13.719,1995-08-19,The Diary Of Anne Frank,6.6,10
"[28, 80, 53]",en,Paydirt,13.718,2020-08-07,Paydirt,5.8,68
"[16, 36, 18, 10752]",ja,アンネの日記,8.231,1995-08-19,The Diary Of Anne Frank,6.6,10
"[28, 80, 53]",en,Paydirt,12.36,2020-08-07,Paydirt,5.8,68
"[28, 35, 80]",fr,Bon Cop Bad Cop,18.06,2006-07-06,Bon Cop Bad Cop,6.4,201
[18],en,An Unfinished Life,13.559,2005-09-09,An Unfinished Life,6.819,617
"[27, 878]",en,The Return of Swamp Thing,8.228,1989-05-11,The Return of Swamp Thing,5.586,233
"[18, 53]",no,Armand,11.05,2024-09-27,Armand,9.0,1
[],es,El fuego que hemos construido,8.228,2023-04-25,The Fire,4.0,2
"[35, 878]",en,Brazil,14.807,1985-02-20,Brazil,7.673,3246
"[10749, 35]",pl,Poskromienie złośnicy,14.828,2022-04-13,The Taming of the Shrewd,5.4,105
"[18, 27, 53, 10770]",en,The Bad Seed,19.194,2018-09-09,The Bad Seed,7.0,285
"[878, 53]",en,I Am Mother,14.065,2019-06-07,I Am Mother,6.697,2516
"[28, 12, 27]",en,7 Guardians of the Tomb,12.313,2018-01-19,7 Guardians of the Tomb,5.436,210
[35],en,21 & Over,13.559,2013-03-01,21 & Over,5.825,1497
"[80, 18]",en,25th Hour,19.187,2002-12-19,25th Hour,7.3,2306
[37],it,"Texas, Addio",8.222,1966-08-28,"Texas, Adios",5.8,42
"[35, 18, 10749]",es,"Jamón, jamón",12.056,1992-09-03,Jamon Jamon,6.222,343
[],zh,斗战胜佛,17.061,2017-05-15,Fight Against Buddha,0.0,0
"[18, 10749]",en,Adam,10.807,2009-07-07,Adam,6.8,427
"[35, 10402, 10752]",en,Oh! What a Lovely War,8.221,1969-03-10,Oh! What a Lovely War,6.603,39
[35],en,The Big Wedding,14.558,2013-04-25,The Big Wedding,5.9,1143
[35],en,The Big Wedding,14.558,2013-04-25,The Big Wedding,5.9,1143
"[28, 35, 10752]",en,Three Kings,13.306,1999-09-27,Three Kings,6.7,2022
[35],en,Monty Python's The Meaning of Life,13.055,1983-03-31,Monty Python's The Meaning of Life,7.3,1849
[35],fr,Au poste !,8.311,2018-07-04,Keep an Eye Out,6.7,598
"[10749, 18]",en,The Cutting Edge: Fire & Ice,19.174,2010-03-14,The Cutting Edge: Fire & Ice,6.5,146
"[28, 12, 36]",zh,忠烈楊家將,10.597,2013-04-03,Saving General Yang,6.285,93
"[35, 14, 10749]",en,The Secret Life of Walter Mitty,19.163,1947-09-01,The Secret Life of Walter Mitty,6.8,121
"[53, 28, 9648]",en,Overdrive,16.059,2017-06-16,Overdrive,6.09,924
"[18, 53]",en,Reality,15.092,2023-06-02,Reality,6.456,364
[18],bo,शम्भाला,14.101,2024-09-13,Shambhala,0.0,0
"[28, 12, 53]",en,The Cutter,8.209,2005-11-21,The Cutter,5.5,39
"[16, 28, 53, 80, 878]",ja,攻殻機動隊: Stand Alone Complex - Solid State Society,10.054,2006-09-01,Ghost in the Shell: Stand Alone Complex - Solid State Society,7.408,255
"[10749, 35]",en,Holiday in the Wild,19.153,2019-11-06,Holiday in the Wild,6.509,521
"[27, 53]",en,3 from Hell,14.061,2019-09-16,3 from Hell,5.827,467
[35],en,Fantasm Comes Again,13.622,1977-12-26,Fantasm Comes Again,4.711,19
"[35, 10749]",en,Senseless,13.803,1998-02-20,Senseless,6.179,355
"[14, 28, 12, 10751]",zh,悟空傳,16.557,2017-07-13,Immortal Demon Slayer,7.6,182
"[35, 27]",en,Attack of the Killer Donuts,19.141,2016-07-17,Attack of the Killer Donuts,4.237,116
[28],en,Bastille Day,15.306,2016-04-22,Bastille Day,6.311,1340
"[16, 12]",en,Justin and the Knights of Valour,15.803,2013-08-09,Justin and the Knights of Valour,5.914,304
"[28, 53, 80]",en,12 Rounds 3: Lockdown,14.305,2015-09-11,12 Rounds 3: Lockdown,5.914,192
"[35, 18]",en,Prince Avalanche,15.553,2013-02-13,Prince Avalanche,6.137,288
"[878, 9648, 18, 53, 27]",en,Circle,11.554,2015-05-28,Circle,6.019,1935
"[37, 10402, 10749]",en,Oklahoma!,12.801,1955-10-10,Oklahoma!,6.561,163
[18],en,The Verdict,19.127,1982-12-08,The Verdict,7.4,619
"[36, 10749, 18]",te,సీతా రామం,13.803,2022-08-05,Sita Ramam,7.8,66
"[28, 35]",en,Pawn Shop Chronicles,10.552,2013-07-12,Pawn Shop Chronicles,5.741,226
"[18, 10749, 53]",es,Carne trémula,16.55,1997-10-10,Live Flesh,7.0,649
"[16, 28, 18, 35, 14, 878]",ja,劇場版 とある魔術の禁書目録 -エンデュミオンの奇蹟-,8.195,2013-02-23,A Certain Magical Index: The Miracle of Endymion,7.153,59
"[28, 12, 878, 53]",en,Escape from L.A.,16.799,1996-08-09,Escape from L.A.,5.859,1408
"[27, 9648]",en,Unrest,12.551,2006-11-11,Unrest,5.7,181
"[35, 18, 10749]",en,Beautiful Girls,8.194,1996-02-09,Beautiful Girls,6.661,350
"[28, 12, 18, 36, 10752]",ko,태극기 휘날리며,18.549,2004-02-05,Tae Guk Gi: The Brotherhood of War,7.998,653
"[18, 14]",en,The Tree of Life,12.05,2011-05-17,The Tree of Life,6.745,3027
"[99, 10770]",fr,Kaizen : 1 an pour gravir l'Everest,12.385,2024-09-13,Kaizen,7.453,43
"[28, 18, 9648, 53]",en,Conspiracy Theory,15.798,1997-08-08,Conspiracy Theory,6.605,1431
[35],en,There's Only One Jimmy Grimble,9.298,2000-08-25,There's Only One Jimmy Grimble,6.785,184
"[12, 18, 36]",en,True Spirit,15.078,2023-01-26,True Spirit,7.011,220
[16],en,The Simpsons Movie 2,11.797,,The Simpsons Movie 2,0.0,0
"[18, 35, 10749]",en,The Englishman Who Went Up a Hill But Came Down a Mountain,12.047,1995-05-12,The Englishman Who Went Up a Hill But Came Down a Mountain,6.285,293
"[14, 18]",en,Enter the Void,17.048,2009-06-17,Enter the Void,7.33,1745
"[80, 53]",bn,ফ্রাইডে,8.919,2023-03-01,Friday,5.7,3
"[878, 10749, 27]",en,Return of the Living Dead III,12.296,1993-10-01,Return of the Living Dead III,6.6,821
"[18, 36, 10749]",en,The Duchess,17.297,2008-09-05,The Duchess,6.999,1659
[18],en,The Power of One,13.295,1992-03-27,The Power of One,7.5,134
"[16, 35, 10751]",en,Stuart Little 3: Call of the Wild,10.296,2005-07-14,Stuart Little 3: Call of the Wild,5.2,480
[18],fr,La Belle Noiseuse,13.045,1991-09-04,La Belle Noiseuse,7.365,244
[35],en,House Party,19.082,2023-01-12,House Party,5.65,103
"[12, 35, 10751]",pt,Confissões de Adolescente,8.178,2014-01-10,Teen's Confessions,6.4,76
"[18, 35]",sv,Tisdagsklubben,8.177,2022-03-04,Tuesday Club,5.8,12
"[36, 9648, 10770]",en,The Draughtsman's Contract,15.044,1982-11-12,The Draughtsman's Contract,7.1,225
"[12, 28, 53, 80]",en,A Lonely Place to Die,14.547,2011-04-09,A Lonely Place to Die,6.168,564
"[878, 28, 12]",en,Barb Wire,18.544,1996-05-02,Barb Wire,3.959,412
[27],es,Veneciafrenia,14.315,2022-04-22,Veneciafrenia,6.049,223
[35],en,Carry On Cruising,8.175,1962-03-12,Carry On Cruising,6.0,60
[18],en,Michael Jackson: Searching for Neverland,10.05,2017-05-29,Michael Jackson: Searching for Neverland,6.5,108
"[28, 18]",ja,大菩薩峠,8.174,1966-02-25,The Sword of Doom,7.694,216
"[18, 10749]",en,Life Itself,12.551,2018-09-21,Life Itself,7.226,538
[99],en,Steve Jobs: The Man in the Machine,19.069,2015-08-07,Steve Jobs: The Man in the Machine,6.559,236
"[35, 18]",en,Thanks for Sharing,17.296,2013-09-19,Thanks for Sharing,5.949,542
"[18, 28]",en,Annapolis,15.294,2006-01-27,Annapolis,6.84,498
"[18, 36, 53]",zh,解密,8.541,2024-07-25,Decoded,6.0,7
[18],en,Blue Jean,11.335,2023-02-10,Blue Jean,6.9,92
"[80, 28, 53]",en,Kill!,8.17,1971-12-10,Kill!,6.431,29
"[28, 53]",en,Art of Eight Limbs,11.576,2024-08-16,Art of Eight Limbs,5.4,12
"[80, 18]",en,"The Cook, the Thief, His Wife & Her Lover",16.292,1989-10-13,"The Cook, the Thief, His Wife & Her Lover",7.348,611
"[10749, 18]",ko,여친 엄마,12.388,2017-07-06,My Girlfriend's Mother,4.3,3
"[28, 35]",cn,黃飛鴻之二：男兒當自強,19.042,1992-04-16,Once Upon a Time in China II,7.127,241
"[27, 878]",en,Shakma,8.167,1990-10-05,Shakma,5.222,79
"[18, 28, 53]",zh,錦衣衛,10.544,2010-02-04,14 Blades,6.3,191
[18],ko,별장하녀들,13.837,2021-05-21,Villa Maids,1.0,1
"[27, 53]",de,In 80 Betten um die Welt,12.942,1977-06-01,In 80 Betten um die Welt,4.8,5
"[53, 18, 27]",en,Take Shelter,10.545,2011-09-30,Take Shelter,7.041,1727
"[16, 878, 10752, 28]",ja,超時空要塞マクロス 愛・おぼえていますか,15.682,1984-07-21,Macross: Do You Remember Love?,7.256,88
"[12, 14, 10751]",en,Journey to the Center of the Earth,11.793,1959-12-15,Journey to the Center of the Earth,7.0,454
[37],en,The Road to Denver,8.165,1955-06-15,The Road to Denver,6.0,4
[35],en,Night Patrol,15.571,1984-11-16,Night Patrol,4.365,26
[80],en,Brothers by Blood,16.303,2020-09-08,Brothers by Blood,5.793,169
"[35, 18, 10749]",en,My Big Fat Greek Wedding,15.792,2002-04-19,My Big Fat Greek Wedding,6.503,2090
"[28, 18, 35]",zh,大师兄,12.548,2018-08-16,Big Brother,7.434,167
